university_name,location,course_url,course_or_degree_name,degree_program,ucas_tariff,ucas_tariff_link,ucas_relevant_qualification,a_levels_overall,mandatory_subject_of_a_levels,a_levels_mandatory_minimum_grades,o_levels_overall,mandatory_subject_of_o_levels,o_levels_mandatory_minimum_grades,btec_or_cambridge_technical,btec,btec_extended_diploma,btec_national_diploma,btec_national_extended_diploma,apprenticeship,access_to_higher_educational_diploma,IB_or_international_baccalaureate_points,points_required_from_higher_level_IB_subjects,portfolio_submission,gcse_overall,mandatory_subject_of_gcse,gcse_mandatory_minimum_grades,t_level,t_level_main_subject_grades,t_level_main_subject,t_level_core_subject_grade,bachelors_degree,relevant_work_experience,eligibility_for_SQE,additional_requirements_for_non_UK_degree,cache_technical_level_3,scottish_irish_leaving_certificate,nvq_level,foundation_diploma,ual_extended_diploma,ptlls_or_city_and_guilds,schooling_duration,accreditation_of_prior_experiential_learning_or_APEL,higher_national_diploma_or_HND,higher_national_certificate_or_HNC,foundation_degree,certificate_of_higher_education_or_CertHE,professional_registration,masters_degree,research,recognised_international_foundation_course,year_1_bachelor’s_degree,auditions,interview,ielts,ielts_individual_component,ol_english,al_english,duolingo_overall,duolingo_individual_component,a_UK_bachelors_degree_as_proof_of_english_proficiency,a_bachelors_degree_completed_in_the_english_medium_as_proof_of_english_proficiency,toefl,pte,additional_requirements,url,source_file
University College Birmingham,Birmingham,https://www.ucb.ac.uk/courses/bakery-level-2-level-3,bakery-level-2-level-3,Bachelor's,None,None,"UCAS Relevant Qualification: ""4 GCSEs at grade 3/D or above, or equivalent.""",None,None,None,None,None,None,None,None,None,None,None,None,None,None,None,None,"4 GCSEs at grade 3/D or above, or equivalent.",None,None,None,None,None,None,None,None,None,None,CACHE Technical Level 3 Requirement: None,None,None,None,None,None,None,None,None,None,None,None,None,None,None,None,None,None,None,None,None,None,None,None,None,None,None,None,None,"Entry Level 3 in English (Language or Literature) and maths are desirable for entrance. Admissions will be administered on an individual application basis. Supporting documents required: School applicants will be required to provide a good school report, which must include attendance. This will be assessed in conjunction with your qualifications and application during the confirmation of your place at University College Birmingham. If you are a school leaver (over 19), you will be required to provide a reference from a previous education provider or employer in support of your application.",https://www.ucb.ac.uk/study/courses/college/bakery-level-2-level-3/,ucb.xlsx
University College Birmingham,Birmingham,https://www.ucb.ac.uk/courses/postgraduate/dietetics-msc/,dietetics,Master's,None,None,Honours degree (2:2 or above) in a health or science related subject,None,None,None,None,None,None,None,None,None,None,None,None,None,None,None,None,C/grade 4 or above,English and Mathematics,C or 4,None,None,None,None,Second Lower,None,None,None,None,None,None,None,None,None,None,None,None,None,None,None,HCPC,None,None,None,None,None,None,7.0,6.5,None,None,None,None,Accepted,Accepted,None,None,"Pre-course Day: ""Must attend a Pre-course Day event (online or face-to-face) or shadowing a dietitian for a day.""
Occupational Health Screening: ""All applicants will be required to undertake occupational health screening to determine their suitability to undertake the course.""
Immunisations: ""All applicants will be required to undertake a programme of immunisations as required by the Department of Health and meet the immunisation and immunity requirements of placement providers.""",https://www.ucb.ac.uk/study/courses/postgraduate/dietetics-msc/,ucb.xlsx
University College Birmingham,Birmingham,https://www.ucb.ac.uk/courses/hair-and-media-make-up-level-2,hair-and-media-make-up-level-2,Foundation,None,None,UCAS Relevant Qualification: None,None,None,None,None,None,None,None,None,None,None,None,None,None,None,None,None,"4 GCSEs at grade 3 (grade D) or above, or equivalent.","English, Maths",4,None,None,None,None,None,None,None,None,None,None,None,None,None,None,None,None,None,None,None,None,None,None,None,None,None,None,None,None,None,None,None,None,None,None,None,None,None,Additional Requirements: None,https://www.ucb.ac.uk/study/courses/college/hair-and-media-make-up-level-2/,ucb.xlsx
University College Birmingham,Birmingham,https://www.bcu.ac.uk/courses/cyber-security-bsc-hons-top-up,cyber-security-bsc-hons-top-up,Bachelor's,None,None,"UCAS Relevant Qualification: A relevant HND or a foundation degree in the area of computer science, with 240 credits.",None,None,None,None,None,None,None,None,None,None,None,None,None,None,None,None,None,None,None,None,None,None,None,None,None,None,None,CACHE Technical Level 3 Requirement: None,None,None,None,None,None,None,None,None,None,None,None,None,None,None,None,None,None,None,None,None,None,None,None,None,None,None,None,None,"Entry requirements: Academic: A relevant HND or a foundation degree in the area of computer science, with 240 credits. International students Academic: European and international qualifications studied in a relevant subject matter will also be considered. Applicants will need to have achieved 120 ECTS or equivalent (European Credit Transfer).",https://www.ucb.ac.uk/study/courses/top-up/cyber-security-bsc-hons-top-up/,ucb.xlsx
University College Birmingham,Birmingham,https://www.ucb.ac.uk/courses/culinary-arts-management-ba-hons-top-up/,culinary-arts-management-ba-hons-top-up,Bachelor's,None,None,"UCAS Relevant Qualification: A relevant HND or a foundation degree in the areas of Culinary Skills, Culinary Arts or Culinary Management, with 240 credits.",None,None,None,None,None,None,None,None,None,None,None,None,None,None,None,None,None,None,None,None,None,None,None,None,None,None,None,CACHE Technical Level 3 Requirement: None,None,None,None,None,None,None,None,None,None,None,None,None,None,None,None,None,None,None,None,None,None,None,None,None,None,None,None,None,"Kick-Start Scheme: ""£300 per year for UK students""",https://www.ucb.ac.uk/study/courses/top-up/culinary-arts-management-ba-hons-top-up/,ucb.xlsx
University College Birmingham,Birmingham,https://www.ucb.ac.uk/courses/english-literature-a-level,english-literature-a-level,A-level,56 UCAS points,None,"A combination of acceptable Level 3 qualifications such as A-levels, T Levels, or BTEC Diplomas.",Required,"English Literature or Language, Maths",5,None,None,None,None,None,None,None,None,None,None,None,None,None,5 GCSE subjects at grade 5 or higher,"English Literature, English Language, Maths",5,None,None,None,None,None,None,None,None,None,None,None,None,None,None,None,None,None,None,None,None,None,None,None,None,None,None,None,None,None,None,None,None,None,None,None,None,None,None,https://www.ucb.ac.uk/study/courses/sixth-form/english-literature-a-level/,ucb.xlsx
University College Birmingham,Birmingham,https://www.ucb.ac.uk/courses/mental-health-nursing-bsc-hons,mental-health-nursing,Bachelor's,112,None,"UCAS Relevant Qualification: ""A-levels: Grade profile of BBC, T-levels: A T-level with an overall Merit grade, BTEC: Grade profile of DMM, Irish Leaving Certificate: Grade profile of two subjects at H2 and three subjects at H3.""",BBC,"English, Maths, Biology",C or 4,None,None,None,DMM,None,None,None,None,None,None,None,None,None,5C,"English, Maths, Biology",C or 4,None,None,None,None,None,None,None,None,None,None,None,None,None,None,None,None,None,None,None,None,None,None,None,None,None,None,Required,6.5,6.0,None,None,None,None,None,None,None,None,"Disclosure and Barring Service (DBS): ""Required""; Pre-course health and immunisation requirements: ""Completed""; Recognition of Prior Learning (RPL): ""Accepted"".",https://www.ucb.ac.uk/study/courses/undergraduate/mental-health-nursing-bsc-hons/,ucb.xlsx
University College Birmingham,Birmingham,https://www.ucb.ac.uk,aesthetics-ba-hons,Bachelor's,None,None,Level 3 beauty therapy qualification,None,None,None,None,None,None,None,None,None,None,None,None,None,None,None,None,None,None,None,None,None,None,None,None,None,None,None,None,None,None,None,None,None,None,None,None,None,None,None,None,None,None,None,None,None,None,None,None,None,None,None,None,None,None,None,None,"Course cost: £500, A £100 deposit is required to secure your place on the course, and this will be deducted from the final cost, which must be paid 14 days in advance of the course taking place.",https://www.ucb.ac.uk/study/courses/short-courses/chemical-peels/,ucb.xlsx
University College Birmingham,Birmingham,https://www.ucb.ac.uk/courses/hairdressing-level-2-level-3,hairdressing-level-2-level-3,Bachelor's,None,None,"UCAS Relevant Qualification: ""4 GCSEs at grade 3 (grade D) or above, or equivalent.""",None,None,None,None,None,None,None,None,None,None,None,None,None,None,None,None,"4 GCSEs at grade 3 (grade D) or above, or equivalent.",English (Language or Literature) or Maths at grade 4,4,None,None,None,None,None,None,None,None,CACHE Technical Level 3 Requirement: None,None,None,None,None,None,None,None,None,None,None,None,None,None,None,None,None,None,None,None,None,None,None,None,None,None,None,None,None,"Supporting documents required: ""School applicants will be required to provide a good school report, which must include attendance. This will be assessed in conjunction with your qualifications and application during the confirmation of your place at University College Birmingham. If you are a school leaver (over 19), you will be required to provide a reference from a previous education provider or employer in support of your application.""",https://www.ucb.ac.uk/study/courses/college/hairdressing-level-2-level-3/,ucb.xlsx
University College Birmingham,Birmingham,None,construction-multi-skills-level-1,Level 1,None,None,3 GCSE at grade 2 including maths or English (Language or Literature) with at least a grade 1 in the other subject.,None,None,None,None,None,None,None,None,None,None,None,None,None,None,None,None,3 GCSE at grade 2 including maths or English (Language or Literature) with at least a grade 1 in the other subject.,"Mathematics, English",None,None,None,None,None,None,None,None,None,None,None,None,None,None,None,None,None,None,None,None,None,None,None,None,None,None,None,None,None,None,None,None,None,None,None,None,None,None,None,https://www.ucb.ac.uk/study/courses/college/construction-multi-skills-level-1/,ucb.xlsx
University College Birmingham,Birmingham,https://www.bcu.ac.uk/courses/data-analytics-msc,data-analytics,Master's,None,None,A relevant UK or International honours degree from a recognised institution.,2:2,None,None,None,None,None,None,None,None,None,None,None,None,None,None,None,None,None,None,None,None,None,None,Second Lower,"Five years of relevant managerial work experience, demonstrating in-depth knowledge of the sector for the subject matter you are interested in pursuing.",None,None,None,None,None,None,None,None,None,None,None,None,None,None,None,None,None,None,None,None,None,None,None,None,None,None,None,None,None,None,None,None,https://www.ucb.ac.uk/study/courses/postgraduate/data-analytics-msc/,ucb.xlsx
University College Birmingham,Birmingham,https://www.ucb.ac.uk/courses/digital-marketing-ba-hons-top-up/,digital-marketing-ba-hons-top-up,Bachelor's,None,None,"Students who wish to enter the final year top-up will need to have studied one module in marketing at HND with all modules passed with a merit profile, or a foundation degree with 240 credits.",None,None,None,None,None,None,None,None,None,None,None,None,None,None,None,None,None,None,None,None,None,None,None,None,None,None,None,None,None,None,None,None,None,None,None,None,None,None,None,None,None,None,None,None,None,None,None,None,None,None,None,None,None,None,None,None,"Entry requirements: Academic: Students who wish to enter the final year top-up will need to have studied one module in marketing at HND with all modules passed with a merit profile, or a foundation degree with 240 credits. International students Academic: European and International qualifications studied in a relevant subject matter will also be considered. Applicants will need to have achieved 120 ECTS or equivalent (European Credit Transfer).",https://www.ucb.ac.uk/study/courses/top-up/digital-marketing-ba-hons-top-up/,ucb.xlsx
University College Birmingham,Birmingham,https://www.example.com,aesthetic-practitioner-ba-hons-top-up,Bachelor's,None,None,"UCAS Relevant Qualification: ""A relevant HND or a foundation degree with 240 credits.""",None,None,None,None,None,None,None,None,None,None,None,None,None,None,None,None,None,None,None,None,None,None,None,None,Accepted,None,None,CACHE Technical Level 3 Requirement: None,None,None,None,None,None,None,None,None,None,None,None,None,None,None,None,None,None,None,None,None,None,None,None,None,None,None,None,None,Additional Requirements: None,https://www.ucb.ac.uk/study/courses/top-up/aesthetic-practitioner-ba-hons-top-up/,ucb.xlsx
University College Birmingham,Birmingham,https://www.ucb.ac.uk/courses/theatrical-media-make-up-level-3,theatrical-media-make-up-level-3,Level 3,None,None,"UCAS Relevant Qualification: ""A relevant Level 2 qualification in Theatrical and Media Make-up, Beauty Therapy, Hairdressing, Art and Design, Theatre Studies, History, Performing Arts, Media/Film Studies, Fashion, Photography or Costume Production.""",None,None,None,None,None,None,None,None,None,None,None,None,None,None,None,None,"4 GCSEs at grade 4 (grade C) or above, or equivalent.",English (Language or Literature) or Maths at grade 4 or above.,4,None,None,None,None,None,2 years' relevant beauty industry experience.,None,None,None,None,None,None,None,None,None,None,None,None,None,None,None,None,None,None,None,None,None,None,None,None,None,None,None,None,None,None,None,Additional Requirements: None,https://www.ucb.ac.uk/study/courses/college/theatrical-media-make-up-level-3/,ucb.xlsx
University College Birmingham,Birmingham,https://www.ucb.ac.uk/courses/primary-education-studies-ba-hons-accelerated/,primary-education-studies-ba-hons-accelerated,Bachelor's,112,None,"UCAS Relevant Qualification: ""A minimum of 112 UCAS points from a minimum of 2 A-levels (e.g. A*A* or BBC) in any subject combination, a T-level with an overall Merit grade, or a BTEC with a grade profile of DMM from any subject.""",Required,None,None,None,None,None,DMM,None,None,None,None,None,None,None,None,None,A*-C/9-4,"maths, English language and science",None,None,None,None,None,None,None,None,None,CACHE Technical Level 3 Requirement: None,None,None,None,None,None,None,None,None,None,None,None,None,None,None,None,None,None,None,None,None,None,None,None,None,None,None,None,None,"Disclosure and Barring Service (DBS) check: ""Mandatory""",https://www.ucb.ac.uk/study/courses/undergraduate/primary-education-studies-ba-hons-accelerated/,ucb.xlsx
University College Birmingham,Birmingham,https://www.example.com,aesthetics-ba-hons,Bachelor's,80 UCAS Tariff points,//www.example.com,"A-levels, T-levels, BTEC, Access to Higher Education Diploma",CDD,None,None,None,None,None,MMP,Pass,None,None,None,Level 3,None,None,None,None,Science/Biology grade 9-4/A*-C or equivalent,Science/Biology,9-4/A*-C,None,None,None,None,None,None,None,None,None,None,None,None,None,None,None,None,None,None,None,None,None,None,None,None,None,None,None,None,None,None,None,None,None,None,None,None,None,Completion of an English Language qualification is required for international students.,https://www.ucb.ac.uk/study/courses/undergraduate/aesthetics-ba-hons-fda/,ucb.xlsx
University College Birmingham,Birmingham,https://www.ucb.ac.uk/courses/cabin-crew-level-2,cabin-crew-level-2,Level 2,None,None,"UCAS Relevant Qualification: ""4 GCSEs at grade 3 (grade D) including English (Language or Literature) and Maths, or equivalent.""",None,None,None,None,None,None,None,None,None,None,None,None,None,None,None,None,"4 GCSEs at grade 3 (grade D) including English (Language or Literature) and Maths, or equivalent.","English, Maths",3,None,None,None,None,None,None,None,None,CACHE Technical Level 3 Requirement: None,None,None,None,None,None,None,None,None,None,None,None,None,None,None,None,None,None,None,None,None,None,None,None,None,None,None,None,None,"Swimming Requirement: ""Students must be able to swim unaided for 25 metres and tread water for a minimum of 1 minute.""",https://www.ucb.ac.uk/study/courses/college/cabin-crew-level-2/,ucb.xlsx
University College Birmingham,Birmingham,None,maths-a-level,A-level,56,None,"UCAS Relevant Qualification: ""A combination of acceptable Level 3 qualifications such as A-levels, T Levels, or BTEC Diplomas.""",None,None,None,None,None,None,None,None,None,None,None,None,None,None,None,None,5 or higher in five GCSE subjects,"English Literature or Language, Maths",7 in GCSE Maths,None,None,None,None,None,None,None,None,None,None,None,None,None,None,None,None,None,None,None,None,None,None,None,None,None,None,None,None,None,None,None,None,None,None,None,None,None,None,https://www.ucb.ac.uk/study/courses/sixth-form/maths-a-level/,ucb.xlsx
University College Birmingham,Birmingham,https://www.ucb.ac.uk/courses/food-and-beverage-service-supervision-level-3,food-and-beverage-service-supervision-level-3,Bachelor's,56,None,"UCAS Relevant Qualification: ""A relevant Level 2 qualification in food and beverage service.""",None,None,None,None,None,None,None,None,None,None,None,None,None,None,None,None,"GCSE English (Language or Literature) and maths at grade 4/C are desirable for entrance, but not essential.","English, Maths",4/C,None,None,None,None,None,2 years' relevant industry experience.,None,None,CACHE Technical Level 3 Requirement: None,None,None,None,None,None,None,None,None,None,None,None,None,None,None,None,None,None,None,None,None,None,None,None,None,None,None,None,None,"Supporting documents required: ""School applicants will be required to provide a good school report, which must include attendance.""",https://www.ucb.ac.uk/study/courses/college/food-and-beverage-service-supervision-level-3/,ucb.xlsx
University College Birmingham,Birmingham,https://www.ucb.ac.uk/courses/tourism-aviation-events-and-hospitality-btec-level-3-national-extended-diploma-in-travel-and-tourism,tourism-aviation-events-and-hospitality-btec-level-3-national-extended-diploma-in-travel-and-tourism,Bachelor's,56,None,"UCAS Relevant Qualification: ""4 GCSEs at grade 4 (grade C) which must include English (Language or Literature) or Maths, or equivalent.""",None,None,None,None,None,None,Passes,None,None,None,None,None,None,None,None,None,4 GCSEs at grade 4 (grade C),"English (Language or Literature), Maths",3 (grade D) in English (Language or Literature) or Maths,None,None,None,None,None,None,None,None,CACHE Technical Level 3 Requirement: None,None,None,None,None,None,None,None,None,None,None,None,None,None,None,None,None,None,None,None,None,None,None,None,None,None,None,None,None,"Supporting documents required: ""Good school report, reference from previous education provider or employer""",https://www.ucb.ac.uk/study/courses/college/tourism-aviation-events-and-hospitality-level-3/,ucb.xlsx
University College Birmingham,Birmingham,https://www.ucb.ac.uk/courses/postgraduate/engineering-management-msc/,engineering-management,Master's,None,None,"A grade classification of 2:2 is required in a (Hons) bachelor's degree in engineering, physical sciences or a related engineering or technological discipline where relevant subject areas have been studied.",None,None,None,None,None,None,None,None,None,None,None,None,None,None,None,None,None,None,None,None,None,None,None,Second Lower,Applicants in current relevant employment should possess a minimum of five years of relevant managerial experience in engineering and be able to provide a reference detailing roles and responsibilities from their line manager.,None,None,None,None,None,None,None,None,None,None,None,None,None,None,None,None,None,None,None,None,None,6.0,5.5,None,None,None,None,None,None,None,None,None,https://www.ucb.ac.uk/study/courses/postgraduate/engineering-management-msc/,ucb.xlsx
University College Birmingham,Birmingham,https://www.ucb.ac.uk/courses/undergraduate/events-management-ba-hons-fda/,events-management-ba-hons,Bachelor's,112,None,"UCAS Relevant Qualification: ""A combination of acceptable Level 3 qualifications such as A-levels, T Levels, or BTEC Diplomas.""",BBC,None,None,None,None,None,DMM,None,None,None,None,Level 3,None,None,None,None,None,None,None,Merit with a core component of grade B,None,None,None,None,Accepted,None,None,CACHE Technical Level 3 Requirement: None,None,None,None,None,None,None,None,None,None,None,None,None,None,None,None,None,None,None,None,None,None,None,None,None,None,None,None,None,"Additional Requirements:
Work-based: ""We also give equal consideration to applicants who are currently in work and wish to apply to University College Birmingham. To apply, you must have a minimum of 3 years' relevant work experience, demonstrating management or supervisory duties. Your application must also include a reference from your line manager supporting your entry to higher education.""
International students: ""For academic and English entry requirements for EU and international students, please visit the Country Specific Information page.""
",https://www.ucb.ac.uk/study/courses/undergraduate/events-management-ba-hons-fda/,ucb.xlsx
University College Birmingham,Birmingham,https://www.example.com,finance-and-accounting-bsc-hons-top-up,Bachelor's,None,None,"UCAS Relevant Qualification: ""A relevant HND or a foundation degree in the areas of accounting, banking and finance, business finance, economics or finance, with 240 credits.""",None,None,None,None,None,None,None,None,None,None,None,None,None,None,None,None,None,None,None,None,None,None,None,None,None,None,None,CACHE Technical Level 3 Requirement: None,None,None,None,None,None,None,None,None,None,None,None,None,None,None,None,None,None,None,None,None,None,None,None,None,None,None,None,None,Additional Requirements: None,https://www.ucb.ac.uk/study/courses/top-up/finance-and-accounting-bsc-hons-top-up/,ucb.xlsx
University College Birmingham,Birmingham,https://www.example.com,finance-and-accounting,Master's,None,None,A subject-related UK or International honours degree from a recognised institution.,2:2,None,None,None,None,None,None,None,None,None,None,None,None,None,None,None,"Grade A*-C or 9-4, or equivalent Level 2 qualification.",Mathematics,A*-C or 9-4,None,None,None,None,Second Lower,"5 years of relevant managerial work experience, demonstrating in-depth knowledge of the sector.",None,None,None,None,None,None,None,None,None,None,None,None,None,None,None,None,None,None,None,None,None,None,None,None,None,None,None,None,None,None,None,None,https://www.ucb.ac.uk/study/courses/postgraduate/finance-and-accounting-msc-pgdip/,ucb.xlsx
University College Birmingham,Birmingham,https://www.ucb.ac.uk/courses/health-and-social-care-bsc-hons-fdsc/,health-and-social-care-bsc-hons,Bachelor's,80,None,"UCAS Relevant Qualification: ""A-levels, T-levels, BTEC, Access to Higher Education Diploma""",CDD,None,None,None,None,None,MMP,None,None,None,None,None,None,None,None,None,A*-C or 9-4,English,None,Pass (C),None,None,None,None,None,None,None,CACHE Technical Level 3 Requirement: None,None,None,None,None,None,None,None,None,None,None,None,None,None,None,None,None,None,None,None,None,None,None,None,None,None,None,None,None,"Disclosure and Barring Service (DBS) check: ""Mandatory""",https://www.ucb.ac.uk/study/courses/undergraduate/health-and-social-care-bsc-hons-fdsc/,ucb.xlsx
University College Birmingham,Birmingham,https://www.ucb.ac.uk/courses/psychology-bsc-hons/,psychology,Bachelor's,96 UCAS Tariff points,None,A-levels: An A-level grade profile of CCCT; T-levels: A T-level graded Pass with a core component of grade C; BTEC: A BTEC grade profile of MMM. This can be achieved from either an Extended Diploma or a combination of smaller BTEC qualifications; Access to Higher Education Diploma: 96 UCAS Tariff points including a minimum of 15 Level 3 credits at Distinction.,CCCT,None,None,None,None,None,MMM,Pass (96 UCAS points),None,None,None,None,None,None,None,None,English and maths GCSE at grade C/grade 4 or above (or equivalent),"English, Maths",C or 4,None,None,None,None,None,None,None,None,None,None,None,None,None,None,None,None,None,None,None,None,None,None,None,None,None,None,None,None,None,None,None,None,None,None,None,None,None,"Students on this course are subject to the BPS Code of Professional Conduct and University Fitness to Practise Policy, together with a Disclosure and Barring Service (DBS) check. University College Birmingham will co-ordinate and fund the completion of the DBS check.",https://www.ucb.ac.uk/study/courses/undergraduate/psychology-bsc/,ucb.xlsx
University College Birmingham,Birmingham,https://www.ucb.ac.uk/courses/psychology-with-health-bsc-hons,psychology-with-health,Bachelor's,96 UCAS Tariff points,None,"A-levels, T-levels, BTEC, Access to Higher Education Diploma",CCCT,None,None,None,None,None,MMM,Pass (96 UCAS points),None,None,None,None,None,None,None,None,English and maths GCSE at grade C/grade 4 or above (or equivalent),"English, Maths",C or 4,None,None,None,None,None,None,None,None,None,None,None,None,None,None,None,None,None,None,None,None,None,None,None,None,None,None,None,None,None,None,None,None,None,None,None,None,None,"Students on this course are subject to the BPS Code of Professional Conduct and University Fitness to Practise Policy, together with a Disclosure and Barring Service (DBS) check.",https://www.ucb.ac.uk/study/courses/undergraduate/psychology-with-health-bsc-hons/,ucb.xlsx
University College Birmingham,Birmingham,https://www.ucb.ac.uk/courses/undergraduate/introduction-to-cyber-security,introduction-to-cyber-security,Bachelor's,None,None,GCSEs: Maths and English GCSE or equivalent; Basic computer literacy and awareness of the internet; Relevant industry experience may also be considered an alternative.,None,None,None,None,None,None,None,None,None,None,None,None,None,None,None,None,Maths and English GCSE or equivalent,"Maths, English",None,None,None,None,None,None,Relevant industry experience may also be considered an alternative.,None,None,None,None,None,None,None,None,None,None,None,None,None,None,None,None,None,None,None,None,None,None,None,None,None,None,None,None,None,None,None,This course is not open to international students.,https://www.ucb.ac.uk/study/courses/undergraduate/introduction-to-cyber-security/,ucb.xlsx
University College Birmingham,Birmingham,https://www.ucb.ac.uk/courses/digital-support-services-t-level-networking-and-cybersecurity/,digital-support-services-t-level-networking-and-cybersecurity,T-Level,56,None,"UCAS Relevant Qualification: ""5 GCSEs at grade 4 (grade C) including English Language or equivalent. GCSE Maths at grade 5.""",None,None,None,None,None,None,None,None,None,None,None,None,None,None,None,None,5C,"English Language, Maths",4,None,None,None,None,None,None,None,None,CACHE Technical Level 3 Requirement: None,None,None,None,None,None,None,None,None,None,None,None,None,None,None,None,None,None,None,None,None,None,None,None,None,None,None,None,None,"Placement: ""315 hours minimum over two years""",https://www.ucb.ac.uk/study/courses/college/digital-support-services-t-level-networking-and-cybersecurity/,ucb.xlsx
University College Birmingham,Birmingham,https://www.ucb.ac.uk/courses/postgraduate/v300-independent-and-supplementary-prescribing/,independent-and-supplementary-prescribing,Master's,None,None,"NMC registration as a Registered Nurse (Level 1), midwife or SCPHN, with one year's relevant experience in the clinical field.",None,None,None,None,None,None,None,None,None,None,None,None,None,None,None,None,None,None,None,None,None,None,None,Honours degree,None,None,None,None,None,None,None,None,None,None,None,None,None,None,None,NMC,None,None,None,None,None,None,None,None,None,None,None,None,None,None,None,None,None,https://www.ucb.ac.uk/study/courses/postgraduate/v300-independent-and-supplementary-prescribing-programme/,ucb.xlsx
University College Birmingham,Birmingham,https://www.bcu.ac.uk/courses/executive-mba,executive-mba,Master's,None,None,Bachelor's degree with a minimum 2:2 or substantial management experience,None,None,None,None,None,None,None,None,None,None,None,None,None,None,None,None,None,None,None,None,None,None,None,None,5 years of demonstrated industry experience in a leadership position,None,None,None,None,None,None,None,None,None,None,None,None,None,None,None,None,None,None,None,None,Required,None,None,None,None,None,None,None,None,None,None,This course is not open to international students.,https://www.ucb.ac.uk/study/courses/postgraduate/executive-mba-master-of-business-administration/,ucb.xlsx
University College Birmingham,Birmingham,https://www.ucb.ac.uk/courses/strength-conditioning-and-sports-nutrition-bsc-hons-top-up/,strength-conditioning-and-sports-nutrition-bsc-hons-top-up,Bachelor's,None,None,"UCAS Relevant Qualification: ""A relevant HND or a foundation degree in the areas of Sport and Exercise Science, with 240 credits.""",None,None,None,None,None,None,None,None,None,None,None,None,None,None,None,None,None,None,None,None,None,None,None,None,None,None,None,CACHE Technical Level 3 Requirement: None,None,None,None,None,None,None,None,None,None,None,None,None,None,None,None,None,None,None,None,None,None,None,None,None,None,None,None,None,Additional Requirements: None,https://www.ucb.ac.uk/study/courses/top-up/strength-conditioning-and-sports-nutrition-bsc-hons-top-up/,ucb.xlsx
University College Birmingham,Birmingham,https://www.bcu.ac.uk/courses/construction-management-higher-national-certificate,construction-management-higher-national-certificate,Higher National Certificate,32,None,"UCAS Relevant Qualification: ""A-levels, T-levels, BTEC, Access to Higher Education Diploma, other Level 3 qualifications""",EE,None,None,None,None,None,PP,None,None,None,None,Level 3,None,None,None,None,Minimum grade 4 in GCSE Mathematics,Mathematics,4,Pass,None,None,None,None,3 years' relevant work experience,None,None,CACHE Technical Level 3 Requirement: None,None,None,None,None,None,None,None,None,None,None,None,None,None,None,None,None,None,None,None,None,None,None,None,None,None,None,None,None,Additional Requirements: None,https://www.ucb.ac.uk/study/courses/undergraduate/construction-management-higher-national-certificate/,ucb.xlsx
University College Birmingham,Birmingham,https://www.example.com,carpentry-and-joinery-level-1,Bachelor's,None,None,"3 GCSE at grade 3 including maths or English (Language or Literature), with at least a grade 1 in the other subject",None,None,None,None,None,None,None,None,None,None,None,None,None,None,None,None,"3 GCSE at grade 3 including maths or English (Language or Literature), with at least a grade 1 in the other subject","Maths, English",None,None,None,None,None,None,None,None,None,None,None,None,None,None,None,None,None,None,None,None,None,None,None,None,None,None,None,None,None,None,None,None,None,None,None,None,None,None,None,https://www.ucb.ac.uk/study/courses/college/carpentry-and-joinery-level-1/,ucb.xlsx
University College Birmingham,Birmingham,https://www.ucb.ac.uk/courses/postgraduate/public-health-msc/,public-health,Master's,None,None,"Honours degree (2:2 or above) in a health, biological or social sciences-related degree.",Required,None,None,None,None,None,None,None,None,None,None,None,None,None,None,None,C/4 or above in English and Maths GCSEs (or equivalent),"English, Maths",C or 4,None,None,None,None,Second Lower,None,None,None,None,None,None,None,None,None,None,None,None,None,None,None,None,None,None,None,None,None,None,6.0,5.5,None,None,None,None,Accepted,Accepted,None,None,None,https://www.ucb.ac.uk/study/courses/postgraduate/public-health-msc/,ucb.xlsx
University College Birmingham,Birmingham,https://www.accesstohe.ac.uk/home,access-to-higher-education-diploma-health-professions,Foundation,128-112,None,"UCAS Relevant Qualification: ""Access to Higher Education Diploma (Health Professions)""",None,None,None,None,None,None,None,None,None,None,None,None,None,None,None,None,4/C in English or Maths,"English, Maths",4/C,None,None,None,None,None,None,None,None,None,None,None,None,None,None,None,None,None,None,None,None,None,None,None,None,None,None,None,None,None,None,None,None,None,None,None,None,None,Additional Requirements: None,https://www.ucb.ac.uk/study/courses/college/access-to-higher-education-diploma-health-professions/,ucb.xlsx
University College Birmingham,Birmingham,https://www.ucb.ac.uk/courses/undergraduate/construction-management-bsc-hons/,construction-management,Bachelor's,80 UCAS Tariff points,None,"A-levels, T-levels, BTEC, Access to Higher Education Diploma",CDD,None,None,None,None,None,MMM,Pass (80 UCAS points),None,None,None,Achieve an advanced apprenticeship (Level 3),None,None,None,None,GCSE Mathematics at grades 9-4/A*-C or equivalent,Mathematics,None,Pass with a core component of grade C,None,None,None,None,Minimum of three years' relevant work experience,None,None,None,None,None,None,None,None,None,None,None,None,None,None,None,None,None,None,None,None,None,6.5,6.0,None,None,None,None,None,None,None,None,International students must visit the Country Specific Information page for academic and English entry requirements.,https://www.ucb.ac.uk/study/courses/undergraduate/construction-management-bsc-hons/,ucb.xlsx
University College Birmingham,Birmingham,https://www.ucb.ac.uk/courses/information-and-creative-technology-level-2,information-and-creative-technology-level-2,Foundation,None,None,UCAS Relevant Qualification: None,None,None,None,None,None,None,None,None,None,None,None,None,None,None,None,None,"4 GCSEs at grade 3 (grade D) including English (Language or Literature) and Maths, or equivalent.","English, Maths",None,None,None,None,None,None,None,None,None,None,None,None,None,None,None,None,None,None,None,None,None,None,None,None,None,None,None,None,None,None,None,None,None,None,None,None,None,None,Additional Requirements: None,https://www.ucb.ac.uk/study/courses/college/information-and-creative-technology-level-2/,ucb.xlsx
University College Birmingham,Birmingham,https://www.ucb.ac.uk/courses/sport-coaching-and-fitness-bsc-hons-top-up/,sport-coaching-and-fitness-bsc-hons-top-up,Bachelor's,None,None,"UCAS Relevant Qualification: ""A relevant HND or a foundation degree in the areas of Sports and Exercise Science, with 240 credits.""",None,None,None,None,None,None,None,None,None,None,None,None,None,None,None,None,None,None,None,None,None,None,None,None,None,None,None,CACHE Technical Level 3 Requirement: None,None,None,None,None,None,None,None,None,None,None,None,None,None,None,None,None,None,None,None,None,None,None,None,None,None,None,None,None,Additional Requirements: None,https://www.ucb.ac.uk/study/courses/top-up/sport-coaching-and-fitness-bsc-hons-top-up/,ucb.xlsx
University College Birmingham,Birmingham,https://www.ucb.ac.uk/courses/health-and-social-care-level-3/,health-and-social-care-level-3,Bachelor's,56 UCAS points,None,"UCAS Relevant Qualification: ""4 GCSEs at Grade 4 (grade D) or above, including English (Language or Literature) and Maths.""",None,None,None,None,None,None,None,None,None,None,None,None,None,None,None,None,4 GCSEs at Grade 4 (grade D) or above,"English (Language or Literature), Maths",4,None,None,None,None,None,None,None,None,None,None,None,None,None,None,None,None,None,None,None,None,None,None,None,None,None,None,None,None,None,None,None,None,None,None,None,None,None,"Additional Requirements:
DBS Check: ""Required""
Uniform and Kit Costs: ""Approximately £30""
Guaranteed Progression: ""Students who achieve 56 UCAS points or more from this qualification will automatically be guaranteed a place on a degree course at University College Birmingham.""",https://www.ucb.ac.uk/study/courses/college/health-and-social-care-level-3/,ucb.xlsx
University College Birmingham,Birmingham,https://www.ucb.ac.uk/courses/culinary-arts-management-ba-hons,culinary-arts-management-ba-hons,Bachelor's,112,None,"UCAS Relevant Qualification: ""A-levels, BTEC, Access to Higher Education Diploma, Other Level 3 qualifications""",BBC,None,None,None,None,None,DMM,None,None,None,None,None,None,None,None,None,None,None,None,None,None,None,None,None,None,None,None,CACHE Technical Level 3 Requirement: None,None,None,None,None,None,None,None,None,None,None,None,None,None,None,None,None,None,None,None,None,None,None,None,None,None,None,None,None,Additional Requirements: None,https://www.ucb.ac.uk/study/courses/undergraduate/culinary-arts-management-ba-hons-fda/,ucb.xlsx
University College Birmingham,Birmingham,https://www.ucb.ac.uk/courses/beauty-therapy-level-2-level-3,beauty-therapy-level-2-level-3,Bachelor's,None,None,"UCAS Relevant Qualification: ""4 GCSEs at grade 3 (grade D) or above, or equivalent.""",None,None,None,None,None,None,None,None,None,None,None,None,None,None,None,None,None,"English, Maths",4/C,None,None,None,None,None,None,None,None,CACHE Technical Level 3 Requirement: None,None,None,None,None,None,None,None,None,None,None,None,None,None,None,None,None,None,None,None,None,None,None,None,None,None,None,None,None,Additional Requirements: None,https://www.ucb.ac.uk/study/courses/college/beauty-therapy-level-2-level-3/,ucb.xlsx
University College Birmingham,Birmingham,https://www.example.com,business-enterprise-ba-hons-top-up,Bachelor's,None,None,"UCAS Relevant Qualification: ""A relevant HND or a foundation degree in the areas of Marketing Management, Business Management, Finance and Business, with 240 credits.""",None,None,None,None,None,None,None,None,None,None,None,None,None,None,None,None,None,None,None,None,None,None,None,None,None,None,None,CACHE Technical Level 3 Requirement: None,None,None,None,None,None,None,None,None,None,None,None,None,None,None,None,None,None,None,None,None,None,None,None,None,None,None,None,None,Additional Requirements: None,https://www.ucb.ac.uk/study/courses/top-up/business-enterprise-ba-hons-top-up/,ucb.xlsx
University College Birmingham,Birmingham,https://www.ucb.ac.uk/courses/business-level-3-national-foundation-national-extended-diploma/,business-level-3-national-foundation-national-extended-diploma,Foundation,56,None,"UCAS Relevant Qualification: ""4 GCSEs at grade 4 (grade C), including English (Language or Literature) and Maths, or equivalent.""",None,None,None,None,None,None,None,None,None,None,None,None,None,None,None,None,4,"English, Maths",C or 4,None,None,None,None,None,None,None,None,None,None,None,None,None,None,None,None,None,None,None,None,None,None,None,None,None,None,None,None,None,None,None,None,None,None,None,None,None,Additional Requirements: None,https://www.ucb.ac.uk/study/courses/college/business-level-3-national-foundation-national-extended-diploma/,ucb.xlsx
University College Birmingham,Birmingham,https://www.ucb.ac.uk/courses/sports-management-ba-hons-top-up/,sports-management-ba-hons-top-up,Bachelor's,None,None,"UCAS Relevant Qualification: ""A relevant HND or a foundation degree in the area of Sports Management, with 240 credits.""",None,None,None,None,None,None,None,None,None,None,None,None,None,None,None,None,None,None,None,None,None,None,None,None,None,None,None,CACHE Technical Level 3 Requirement: None,None,None,None,None,None,None,None,None,None,None,None,None,None,None,None,None,None,None,None,None,None,None,None,None,None,None,None,None,Additional Requirements: None,https://www.ucb.ac.uk/study/courses/top-up/sports-management-ba-hons-top-up/,ucb.xlsx
University College Birmingham,Birmingham,https://www.example.com,quantity-surveying-higher-national-certificate,Higher National Certificate,32 UCAS Tariff points,None,A-levels: An A-level grade profile of EE. T-levels: A T-level graded Pass. BTEC: A BTEC grade profile of PP. Apprenticeship: Achieve an advanced apprenticeship (Level 3). Access to Higher Education Diploma: 32 UCAS Tariff points.,EE,None,None,None,None,None,PP,Pass,None,None,None,Level 3,None,None,None,None,"GCSE/IGCSE maths grade 9-4/A*-C or equivalent, GCSE/IGCSE English Language grade 9-4/A*-C or equivalent","Mathematics, English",9-4/A*-C,None,None,None,None,None,Minimum of 3 years' relevant work experience,None,None,None,None,None,None,None,None,None,None,None,None,None,None,None,None,None,None,None,None,None,None,None,None,None,None,None,None,None,None,None,"Work-based: Equal consideration is given to applicants who are currently in relevant construction work and wish to apply to University College Birmingham. To apply, they must have a minimum of 3 years' relevant work experience, demonstrating technical, management or supervisory duties. Any application must also include a reference from their line manager which supports entry to higher education.",https://www.ucb.ac.uk/study/courses/undergraduate/quantity-surveying-higher-national-certificate/,ucb.xlsx
University College Birmingham,Birmingham,https://www.bcu.ac.uk/courses/economics-a-level,economics-a-level,A-level,56,None,"UCAS Relevant Qualification: ""Minimum of five GCSE subjects at grade 5 or higher, including a grade 6 in GCSE English Literature or Language and Maths.""",None,None,None,None,None,None,None,None,None,None,None,None,None,None,None,None,5C,"English, Maths",6,None,None,None,None,None,None,None,None,CACHE Technical Level 3 Requirement: None,None,None,None,None,None,None,None,None,None,None,None,None,None,None,None,None,None,None,None,None,None,None,None,None,None,None,None,None,Additional Requirements: None,https://www.ucb.ac.uk/study/courses/sixth-form/economics-a-level/,ucb.xlsx
University College Birmingham,Birmingham,https://www.ucb.ac.uk/courses/engineering-btec-level-3-national-foundation-national-extended-diploma/,engineering-btec-level-3-national-foundation-national-extended-diploma,Foundation,None,None,"UCAS Relevant Qualification: ""4 GCSEs at grade 4 (grade C) including English (Language or Literature), or equivalent. GCSE Maths at grade 5.""",None,None,None,None,None,None,None,None,None,None,None,None,None,None,None,None,"4 GCSEs at grade 4 (grade C) including English (Language or Literature), or equivalent. GCSE Maths at grade 5.","English, Maths",5,None,None,None,None,None,None,None,None,CACHE Technical Level 3 Requirement: None,None,None,None,None,None,None,None,None,None,None,None,None,None,None,None,None,None,None,None,None,None,None,None,None,None,None,None,None,Additional Requirements: None,https://www.ucb.ac.uk/study/courses/college/engineering-level-3/,ucb.xlsx
University College Birmingham,Birmingham,https://www.example.com,politics-a-level,A-level,56 UCAS points,//www.example.com,"Minimum of five GCSE subjects at grade 5 or higher, including GCSE English Literature or Language and Maths.",None,None,None,None,None,None,None,None,None,None,None,None,None,None,None,None,Minimum of five GCSE subjects at grade 5 or higher,GCSE English Literature or Language and Maths,5,None,None,None,None,None,None,None,None,None,None,None,None,None,None,None,None,None,None,None,None,None,None,None,None,None,None,None,None,None,None,None,None,None,None,None,None,None,None,https://www.ucb.ac.uk/study/courses/sixth-form/politics-a-level/,ucb.xlsx
University College Birmingham,Birmingham,https://www.ucb.ac.uk/courses/early-years-practitioner-cache-level-2-diploma,early-years-practitioner-cache-level-2-diploma,Bachelor's,None,None,"UCAS Relevant Qualification: ""4 GCSEs at grade 3 (grade D) including English (Language or Literature) and Maths, or equivalent.""",None,None,None,None,None,None,None,None,None,None,None,None,None,None,None,None,None,"English, Maths",3,None,None,None,None,None,None,None,None,CACHE Technical Level 3 Requirement: None,None,None,None,None,None,None,None,None,None,None,None,None,None,None,None,None,None,None,None,None,None,None,None,None,None,None,None,None,Additional Requirements: None,https://www.ucb.ac.uk/study/courses/college/early-years-practitioner-level-2/,ucb.xlsx
University College Birmingham,Birmingham,https://www.ucb.ac.uk/courses/adult-nursing-bsc-hons,adult-nursing,Bachelor's,112,None,"UCAS Relevant Qualification: ""A-levels: Grade profile of BBC, T-levels: A T-level with an overall Merit grade, BTEC: Grade profile of DMM, Access to Higher Education Diploma: 112 UCAS Tariff points including a minimum of 15 Level 3 credits at Distinction.""",BBC,None,None,None,None,None,DMM,None,None,None,None,None,None,None,None,None,5C,"English, Maths, Biology",C or 4,None,None,None,None,None,None,None,None,CACHE Technical Level 3 Requirement: None,None,None,None,None,None,None,None,None,None,None,None,None,None,None,None,None,None,Required,6.5,6.0,None,None,None,None,None,None,None,None,"Disclosure and Barring Service: ""Students must complete an Enhanced Disclosure and Barring Service (DBS) check. The University will coordinate and fund the completion of the DBS check."" Pre-course health and immunisation requirements: ""Students must complete a Pre-course Health Questionnaire and meet the Immunisation Requirements.""",https://www.ucb.ac.uk/study/courses/undergraduate/adult-nursing-bsc-hons/,ucb.xlsx
University College Birmingham,Birmingham,https://www.example.com,global-meetings-and-events-management,Master's,None,None,"UCAS Relevant Qualification: ""A relevant UK or International honours degree from a recognised institution.""",None,None,None,None,None,None,None,None,None,None,None,None,None,None,None,None,None,None,None,None,None,None,None,None,None,None,None,CACHE Technical Level 3 Requirement: None,None,None,None,None,None,None,None,None,None,None,None,None,None,None,None,None,None,None,None,None,None,None,None,None,None,None,None,None,Additional Requirements: None,https://www.ucb.ac.uk/study/courses/postgraduate/global-meetings-and-events-management-msc-pgdip/,ucb.xlsx
University College Birmingham,Birmingham,https://www.ucb.ac.uk/courses/postgraduate/enterprise-management-msc-pgdip/,enterprise-management,Master's,None,None,"A grade classification of 2:2 is required, or international equivalent.",None,None,None,None,None,None,None,None,None,None,None,None,None,None,None,None,None,None,None,None,None,None,None,Second Lower,"Five years of relevant managerial work experience, demonstrating in-depth knowledge of the sector for the subject matter you are interested in pursuing.",None,None,None,None,None,None,None,None,None,None,None,None,None,None,None,None,None,None,None,None,None,None,None,None,None,None,None,None,None,None,None,None,https://www.ucb.ac.uk/study/courses/postgraduate/enterprise-management-msc-pgdip/,ucb.xlsx
University College Birmingham,Birmingham,https://www.ucb.ac.uk/courses/food-and-nutrition-bsc-hons-fdsc,food-and-nutrition-bsc-hons-fdsc,Bachelor's,80,None,"UCAS Relevant Qualification: ""A-levels, T-levels, BTEC, Access to Higher Education Diploma, Other Level 3 qualifications""",CDD,None,None,None,None,None,MMP,None,None,None,None,None,None,None,None,None,Science grades A*-C (grade 9-4),Science,A*-C (grade 9-4),Pass (C),None,None,None,None,Accepted,None,None,CACHE Technical Level 3 Requirement: None,None,None,None,None,None,None,None,None,None,None,None,None,None,None,None,None,None,None,6.5,6.0,None,None,None,None,None,None,None,None,"Work-based: ""Minimum of 3 years' relevant work experience, demonstrating management or supervisory duties.""",https://www.ucb.ac.uk/study/courses/undergraduate/food-and-nutrition-bsc-hons-fdsc/,ucb.xlsx
University College Birmingham,Birmingham,https://www.ucb.ac.uk/courses/health-and-social-care-bsc-hons-top-up/,health-and-social-care-bsc-hons-top-up,Bachelor's,None,None,"UCAS Relevant Qualification: ""A relevant HND or a foundation degree in the areas of Health and Social Care or Care in the Community, with 240 credits.""",None,None,None,None,None,None,None,None,None,None,None,None,None,None,None,None,GCSE/IGCSE English grade A*-C (grade 9-4) or equivalent.,None,None,None,None,None,None,None,None,None,None,CACHE Technical Level 3 Requirement: None,None,None,None,None,None,None,None,None,None,None,None,None,None,None,None,None,None,None,None,None,None,None,None,None,None,None,None,None,Additional Requirements: None,https://www.ucb.ac.uk/study/courses/top-up/health-and-social-care-bsc-hons-top-up/,ucb.xlsx
University College Birmingham,Birmingham,https://www.ucb.ac.uk/courses/education-and-early-years-t-level,education-and-early-years-t-level,T-Level,56 UCAS points,None,"UCAS Relevant Qualification: ""4 GCSEs at grade 4 (grade C) including English (Language or Literature) and Maths, or equivalent.""",None,None,None,None,None,None,None,None,None,None,None,None,None,None,None,None,4 GCSEs at grade 4 (grade C) including English and Maths,"English, Maths",4,Pass (56 UCAS points),None,None,None,None,None,None,None,None,None,None,None,None,None,None,None,None,None,None,None,None,None,None,None,None,None,None,None,None,None,None,None,None,None,None,None,None,"Disclosure and Barring Service (DBS): ""This course requires a Disclosure and Barring Service (DBS) check.""",https://www.ucb.ac.uk/study/courses/college/education-and-early-years-t-level/,ucb.xlsx
University College Birmingham,Birmingham,https://www.example.com,finance-and-accounting-bsc-hons,Bachelor's,96 UCAS Tariff points,None,"A-levels, T Levels, BTEC Diplomas/Extended Diplomas, Access to Higher Education Diploma",CCC,None,None,None,None,None,MMM,Pass,None,None,None,None,None,None,None,None,GCSE/IGCSE maths grades A*-C (grade 9-4) or equivalent,Mathematics,None,None,None,None,None,None,None,None,None,None,None,None,None,None,None,None,None,None,None,None,None,None,None,None,None,None,None,None,None,None,None,None,None,None,None,None,None,None,Entry requirements for Finance and Accounting FdSc: A-levels: An A-level grade profile of CD. T-levels: A T-level graded Pass with a core component profile less than C. BTEC: A BTEC grade profile of PP. Access to Higher Education Diploma: 48 UCAS Tariff points. Non-tariff: Non-UCAS Tariff-based Level 3 qualifications are also considered for entry.,https://www.ucb.ac.uk/study/courses/undergraduate/finance-and-accounting-bsc-hons-fdsc/,ucb.xlsx
University College Birmingham,Birmingham,https://www.ucb.ac.uk/courses/business-a-level/,business-a-level,A-level,56 UCAS points,None,"Minimum of five GCSE subjects at grade 5 or higher, including GCSE English Literature or Language and Maths.",None,None,None,None,None,None,None,None,None,None,None,None,None,None,None,None,5 GCSE subjects at grade 5 or higher,"English Literature or Language, Maths",None,None,None,None,None,None,None,None,None,None,None,None,None,None,None,None,None,None,None,None,None,None,None,None,None,None,None,None,None,None,None,None,None,None,None,None,None,None,"Guaranteed progression: Students who achieve 56 UCAS points or more from this qualification will automatically be guaranteed a place on a degree course at University College Birmingham. Some undergraduate courses require additional entry requirements, so applicants are advised to check entry requirements before applying.",https://www.ucb.ac.uk/study/courses/sixth-form/business-a-level/,ucb.xlsx
University College Birmingham,Birmingham,https://www.ucb.ac.uk/courses/health-and-social-care-level-2-btec-first-extended-certificate,health-and-social-care-level-2-btec-first-extended-certificate,Bachelor's,None,None,"UCAS Relevant Qualification: ""4 GCSEs at Grade 3 (grade C) or above, including English (Language or Literature) and maths.""",None,None,None,None,None,None,None,None,None,None,None,None,None,None,None,None,"4 GCSEs at Grade 3 (grade C) or above, including English (Language or Literature) and maths.","English, Maths",C or 4,None,None,None,None,None,None,None,None,CACHE Technical Level 3 Requirement: None,None,None,None,None,None,None,None,None,None,None,None,None,None,None,None,None,None,None,None,None,None,None,None,None,None,None,None,None,"Disclosure and Barring Service (DBS): ""This course requires a Disclosure and Barring Service (DBS) check.""",https://www.ucb.ac.uk/study/courses/college/health-and-social-care-level-2/,ucb.xlsx
University College Birmingham,Birmingham,https://www.ucb.ac.uk/courses/marketing-management-ba-hons,marketing-management,Bachelor's,80,None,"UCAS Relevant Qualification: ""A-levels, T-levels, BTEC, Access to Higher Education Diploma""",CDD,None,None,None,None,None,MMP,None,None,None,None,Level 3,None,None,None,None,None,None,None,None,None,None,None,None,None,None,None,CACHE Technical Level 3 Requirement: None,None,None,None,None,None,None,None,None,None,None,None,None,None,None,None,None,None,None,None,None,None,None,None,None,None,None,None,None,Additional Requirements: None,https://www.ucb.ac.uk/study/courses/undergraduate/marketing-management-ba-hons-fda/,ucb.xlsx
University College Birmingham,Birmingham,https://www.ucb.ac.uk/courses/postgraduate/psychology-conversion-msc/,psychology-conversion-msc,Master's,None,None,Honours degree (2:2 or above) in a non-psychology subject,Required,None,None,None,None,None,None,None,None,None,None,None,None,None,None,None,C/4 or above,English and Maths,C or 4,None,None,None,None,Second Lower,None,None,None,None,None,None,None,None,None,None,None,None,None,None,None,None,None,None,None,None,None,None,7.0,6.5,None,None,None,None,Accepted,Accepted,None,None,None,https://www.ucb.ac.uk/study/courses/postgraduate/psychology-conversion-msc/,ucb.xlsx
University College Birmingham,Birmingham,None,None,Master's,56,None,"UCAS Relevant Qualification: ""A minimum of five GCSE subjects at grade 5 or higher, including GCSE English Literature or Language and a grade 7 in GCSE Maths""",None,None,None,None,None,None,None,None,None,None,None,None,None,None,None,None,5 or higher,"English Literature or Language, Maths",7,None,None,None,None,None,None,None,None,None,None,None,None,None,None,None,None,None,None,None,None,None,None,None,None,None,None,None,None,None,None,None,None,None,None,None,None,None,None,https://www.ucb.ac.uk/study/courses/sixth-form/further-maths-a-level/,ucb.xlsx
University College Birmingham,Birmingham,https://www.ucb.ac.uk/courses/psychology-with-sport-and-exercise-bsc-hons/,psychology-with-sport-and-exercise,Bachelor's,96 UCAS Tariff points,None,"A-levels, T Levels, BTEC Diplomas/Extended Diplomas, Access to Higher Education Diploma",CCCT,None,None,None,None,None,MMM,Pass (96 UCAS points),None,None,None,None,None,None,None,None,English and maths GCSE at grade C/grade 4 or above (or equivalent),"English, Maths",C or 4,None,None,None,None,None,None,None,None,None,None,None,None,None,None,None,None,None,None,None,None,None,None,None,None,None,None,None,None,None,None,None,None,None,None,None,None,None,Disclosure and Barring Service (DBS) check required; Students on this course are subject to the BPS Code of Professional Conduct and University Fitness to Practise Policy.,https://www.ucb.ac.uk/study/courses/undergraduate/psychology-with-sport-and-exercise-bsc-hons/,ucb.xlsx
University College Birmingham,Birmingham,https://www.ucb.ac.uk/courses/undergraduate/digital-marketing-ba-hons-fda/,digital-marketing-ba-hons,Bachelor's,80 UCAS Tariff points,None,"A-levels, T-levels, BTEC, Access to Higher Education Diploma",CDD,None,None,None,None,None,MMP,Pass,None,None,None,Achieve an advanced apprenticeship (Level 3),None,None,None,None,None,None,None,None,None,None,None,None,None,None,None,None,None,None,None,None,None,None,None,None,None,None,None,None,None,None,None,None,None,None,None,None,None,None,None,None,None,None,None,None,"Entry requirements for Digital Marketing FdA: A-levels: DD, T-levels: Pass with a core component profile less than C, BTEC: PP, Apprenticeship: Achieve an advanced apprenticeship (Level 3), Access to Higher Education Diploma: 32 UCAS Tariff points.",https://www.ucb.ac.uk/study/courses/undergraduate/digital-marketing-ba-hons-fda/,ucb.xlsx
University College Birmingham,Birmingham,https://www.example.com,civil-engineering-higher-national-certificate,Higher National Certificate,32,None,"UCAS Relevant Qualification: ""A-levels, T-levels, BTEC, Access to Higher Education Diploma, other Level 3 qualifications""",EE,None,None,None,None,None,PP,None,None,None,None,Level 3,None,None,None,None,9-4/A*-C in Maths and English,"Maths, English Language",C or 4,Pass,None,"Design and Development for Engineering and Manufacturing, Design, Surveying and Planning for Construction",None,None,3 years in relevant construction work,None,None,CACHE Technical Level 3 Requirement: None,None,None,None,None,None,None,None,None,None,None,None,None,None,None,None,None,None,None,None,None,None,None,None,None,None,None,None,None,Additional Requirements: None,https://www.ucb.ac.uk/study/courses/undergraduate/civil-engineering-higher-national-certificate/,ucb.xlsx
University College Birmingham,Birmingham,https://www.ucb.ac.uk/courses/applied-science-btec-first-extended-certificate,applied-science-btec-first-extended-certificate,Bachelor's,None,None,GCSE at grade 3 (grade D) in Science and GCSE at grade 3 (grade D) in Maths or English (Language or Literature) with at least a grade 1 in the other subject.,None,None,None,None,None,None,None,None,None,None,None,None,None,None,None,None,GCSE at grade 3 (grade D) in Science and GCSE at grade 3 (grade D) in Maths or English (Language or Literature) with at least a grade 1 in the other subject.,"Science, Maths, English",3,None,None,None,None,None,None,None,None,None,None,None,None,None,None,None,None,None,None,None,None,None,None,None,None,None,None,None,None,None,None,None,None,None,None,None,None,None,"Uniform and kit costs: This course requires a uniform and kit costing approximately £30, depending on the items you purchase. (Prices are subject to change each year – exact costs and information on how to order required items will be provided to you prior to enrolment.)",https://www.ucb.ac.uk/study/courses/college/applied-science-level-2/,ucb.xlsx
University College Birmingham,Birmingham,https://www.example.com,electromechanical-engineering,Bachelor's,88 UCAS points,None,A-level Maths or Further Maths from a BTEC national qualification.,Required,Mathematics,None,None,None,None,None,None,None,None,None,None,None,None,None,None,None,None,None,None,None,None,None,None,None,None,None,None,None,None,None,None,None,None,None,None,None,None,None,None,None,None,None,None,None,None,None,None,None,None,None,None,None,None,None,None,Entry requirements: 88 UCAS points - must include A-level Maths or Further Maths from a BTEC national qualification.,https://www.ucb.ac.uk/study/courses/undergraduate/electromechanical-engineering-beng/,ucb.xlsx
University College Birmingham,Birmingham,https://www.ucb.ac.uk/courses/sport-exercise-and-fitness-level-2,sport-exercise-and-fitness-level-2,Foundation,None,None,"UCAS Relevant Qualification: ""4 GCSEs at grade 3 (grade D) including English (Language or Literature), or equivalent.""",None,None,None,None,None,None,None,None,None,None,None,None,None,None,None,None,None,English (Language or Literature),3,None,None,None,None,None,None,None,None,CACHE Technical Level 3 Requirement: None,None,None,None,None,None,None,None,None,None,None,None,None,None,None,None,None,None,None,None,None,None,None,None,None,None,None,None,None,Additional Requirements: None,https://www.ucb.ac.uk/study/courses/college/sport-exercise-and-fitness-level-2/,ucb.xlsx
University College Birmingham,Birmingham,None,history-a-level,A-level,56 UCAS points,None,"Minimum of five GCSE subjects at grade 5 or higher, including GCSE English Literature or Language and Maths.",None,None,None,None,None,None,None,None,None,None,None,None,None,None,None,None,Five GCSE subjects at grade 5 or higher,"English Literature or Language, Maths",None,None,None,None,None,None,None,None,None,None,None,None,None,None,None,None,None,None,None,None,None,None,None,None,None,None,None,None,None,None,None,None,None,None,None,None,None,None,"Guaranteed progression: Students who achieve 56 UCAS points or more from this qualification will automatically be guaranteed a place on a degree course at University College Birmingham. Some undergraduate courses require additional entry requirements, so applicants are advised to check entry requirements before applying.",https://www.ucb.ac.uk/study/courses/sixth-form/history-a-level/,ucb.xlsx
University College Birmingham,Birmingham,https://www.ucb.ac.uk/courses/design-and-development-for-engineering-and-manufacturing-t-level/,design-and-development-for-engineering-and-manufacturing-t-level,T-Level,None,None,"UCAS Relevant Qualification: ""5 GCSEs at grade 4 (grade C) including English (Language or Literature), or equivalent. GCSE Maths at grade 5.""",None,None,None,None,None,None,None,None,None,None,None,None,None,None,None,None,5C,"English, Maths",C or 4,None,None,None,None,None,None,None,None,None,None,None,None,None,None,None,None,None,None,None,None,None,None,None,None,None,None,None,None,None,None,None,None,None,None,None,None,None,Additional Requirements: None,https://www.ucb.ac.uk/study/courses/college/design-and-development-for-engineering-and-manufacturing-t-level/,ucb.xlsx
University College Birmingham,Birmingham,https://www.ucb.ac.uk/courses/construction-and-the-built-environment-btec-level-3-national-foundation-national-extended-diploma/,construction-and-the-built-environment-btec-level-3-national-foundation-national-extended-diploma,Bachelor's,None,None,"UCAS Relevant Qualification: ""4 GCSEs at grade 4 (grade C), including English (Language or Literature) and Maths, or equivalent.""",None,None,None,None,None,None,Must have completed a Pearson BTEC Level 3 National Foundation Diploma in Construction and the Built Environment.,None,None,None,None,None,None,None,None,None,4 GCSEs at grade 4 (grade C),"English, Maths",4,None,None,None,None,None,None,None,None,CACHE Technical Level 3 Requirement: None,None,None,None,None,None,None,None,None,None,None,None,None,None,None,None,None,None,None,None,None,None,None,None,None,None,None,None,None,Additional Requirements: None,https://www.ucb.ac.uk/study/courses/college/construction-and-the-built-environment-level-3/,ucb.xlsx
University College Birmingham,Birmingham,https://www.example.com,engineering-higher-national-certificate,Higher National Certificate,32,None,"UCAS Relevant Qualification: ""A-levels, T-levels, BTEC, Access to Higher Education Diploma, Non-UCAS Tariff-based Level 3 qualifications""",EE,None,None,None,None,None,PP,None,None,None,None,Level 3,None,None,None,None,Minimum grade 4 in GCSE Mathematics,Mathematics,4,Pass,None,None,None,None,3 years' relevant work experience,None,None,CACHE Technical Level 3 Requirement: None,None,None,None,None,None,None,None,None,None,None,None,None,None,None,None,None,None,None,None,None,None,None,None,None,None,None,None,None,Additional Requirements: None,https://www.ucb.ac.uk/study/courses/undergraduate/engineering-higher-national-certificate/,ucb.xlsx
University College Birmingham,Birmingham,https://www.ucb.ac.uk/courses/design-surveying-and-planning-for-construction-t-level/,design-surveying-and-planning-for-construction-t-level,T-Level,None,None,"UCAS Relevant Qualification: ""5 GCSEs at grade 4 (grade C), including English (Language or Literature), or equivalent. GCSE Maths at grade 5.""",None,None,None,None,None,None,None,None,None,None,None,None,None,None,None,None,5C,"English, Maths",4,None,None,None,None,None,None,None,None,CACHE Technical Level 3 Requirement: None,None,None,None,None,None,None,None,None,None,None,None,None,None,None,None,None,None,None,None,None,None,None,None,None,None,None,None,None,"Placement: ""T-level courses require you to complete a minimum of 315 hours (approximately 45 days) on placement over the two years.""",https://www.ucb.ac.uk/study/courses/college/design-surveying-and-planning-for-construction-t-level/,ucb.xlsx
University College Birmingham,Birmingham,https://www.example.com,international-tourism-management,Master's,None,None,UCAS Relevant Qualification: None,2:2,None,None,None,None,None,None,None,None,None,None,None,None,None,None,None,None,None,None,None,None,None,None,Second Lower,5 years of relevant managerial work experience,None,None,None,None,None,None,None,None,None,None,None,None,None,None,None,None,None,None,None,None,None,None,None,None,None,None,None,None,None,None,None,Additional Requirements: International students may require a visa extension for optional placement.,https://www.ucb.ac.uk/study/courses/postgraduate/international-tourism-management-msc-pgdip/,ucb.xlsx
University College Birmingham,Birmingham,https://www.ucb.ac.uk/courses/undergraduate/introduction-to-digital-marketing,introduction-to-digital-marketing,Bachelor's,None,None,GCSEs: Maths and English GCSE or equivalent; Basic computer literacy and awareness of the internet; Relevant industry experience may also be considered an alternative.,None,None,None,None,None,None,None,None,None,None,None,None,None,None,None,None,Maths and English GCSE or equivalent,"Maths, English",None,None,None,None,None,None,Relevant industry experience may also be considered an alternative.,None,None,None,None,None,None,None,None,None,None,None,None,None,None,None,None,None,None,None,None,None,None,None,None,None,None,None,None,None,None,None,This course is not open to international students.,https://www.ucb.ac.uk/study/courses/undergraduate/introduction-to-digital-marketing/,ucb.xlsx
University College Birmingham,Birmingham,https://www.ucb.ac.uk/courses/cyber-security-bsc-hons-fdsc/,cyber-security-bsc-hons,Bachelor's,96,None,"UCAS Relevant Qualification: ""A-levels, T-levels, BTEC Diplomas/Extended Diplomas, Access to Higher Education Diploma.""",CCC,None,None,None,None,None,MMM,None,None,None,None,Level 3,None,None,None,None,4 in GCSE Mathematics,Mathematics,4,None,None,None,None,None,"3 years' relevant work experience, demonstrating management or supervisory duties.",None,None,CACHE Technical Level 3 Requirement: None,None,None,None,None,None,None,None,None,None,None,None,None,None,None,None,None,None,None,None,None,None,None,None,None,None,None,None,None,"Additional Requirements:
Work-based: ""3 years' relevant work experience, demonstrating management or supervisory duties.""
International students: ""Visa extension may be required for optional placement.""
",https://www.ucb.ac.uk/study/courses/undergraduate/cyber-security-bsc-hons-fdsc/,ucb.xlsx
University College Birmingham,Birmingham,https://www.ucb.ac.uk/courses/plumbing-level-2-diploma,plumbing-level-2-diploma,Diploma,None,None,"4 GCSEs at grade 4 (grade C) or above including English (Language or Literature) or Maths, or equivalent. However, the successful completion of a Level 1 Plumbing will suffice.",None,None,None,None,None,None,None,None,None,None,None,None,None,None,None,None,4 GCSEs at grade 4 (grade C) or above including English (Language or Literature) or Maths,"English, Maths",4,None,None,None,None,None,None,None,None,None,None,None,None,None,None,None,None,None,None,None,None,None,None,None,None,None,None,None,None,None,None,None,None,None,None,None,None,None,"Supporting documents required: School applicants will be required to provide a good school report, which must include attendance. This will be assessed in conjunction with your qualifications and application during the confirmation of your place at University College Birmingham. If you are a school leaver (over 19), you will be required to provide a reference from a previous education provider or employer in support of your application.",https://www.ucb.ac.uk/study/courses/college/plumbing-level-2/,ucb.xlsx
University College Birmingham,Birmingham,https://www.example.com,chemistry-a-level,A-level,56 UCAS points,//www.example.com,"GCSEs including English Literature or Language, Maths, and Chemistry/Combined Science",None,Chemistry,6 in GCSE Maths and Chemistry/Combined Science,None,None,None,None,None,None,None,None,None,None,None,None,None,5 GCSE subjects at grade 5 or higher,"English Literature or Language, Maths, Chemistry/Combined Science",None,None,None,None,None,None,None,None,None,None,None,None,None,None,None,None,None,None,None,None,None,None,None,None,None,None,None,None,None,None,None,None,None,None,None,None,None,None,None,https://www.ucb.ac.uk/study/courses/sixth-form/chemistry-a-level/,ucb.xlsx
University College Birmingham,Birmingham,https://www.ucb.ac.uk/courses/hospitality-with-tourism-management-msc-pgdip/,hospitality-with-tourism-management,Master's,None,None,A subject-related UK or International honours degree from a recognised institution,2:2,None,None,None,None,None,None,None,None,None,None,None,None,None,None,None,None,None,None,None,None,None,None,Second Lower,5 years of relevant managerial work experience,None,None,None,None,None,None,None,None,None,None,None,None,None,None,None,None,None,None,None,None,None,None,None,None,None,None,None,None,None,None,None,None,https://www.ucb.ac.uk/study/courses/postgraduate/hospitality-with-tourism-management-msc-pgdip/,ucb.xlsx
University College Birmingham,Birmingham,https://www.example.com,building-services-engineering-higher-national-certificate,Higher National Certificate,32,None,"UCAS Relevant Qualification: ""A-levels: An A-level grade profile of EE. T-levels: A T-level graded Pass with a core component profile less than C. BTEC: A BTEC grade profile of PP. This can be achieved from either an Extended Diploma or a combination of smaller BTEC qualifications. Apprenticeship: Achieve an advanced apprenticeship (Level 3). Access to Higher Education Diploma: 32 UCAS Tariff points.""",EE,None,None,None,None,None,None,None,None,None,None,Level 3,None,None,None,None,4,Mathematics,None,None,None,None,None,None,3 years' relevant work experience,None,None,CACHE Technical Level 3 Requirement: None,None,None,None,None,None,None,None,None,None,None,None,None,None,None,None,None,None,None,None,None,None,None,None,None,None,None,None,None,Additional Requirements: None,https://www.ucb.ac.uk/study/courses/undergraduate/building-services-engineering-higher-national-certificate/,ucb.xlsx
University College Birmingham,Birmingham,https://www.bcu.ac.uk/courses/religious-studies-philosophy-and-ethics-a-level,religious-studies-philosophy-and-ethics,A-level,56,None,"UCAS Relevant Qualification: ""Minimum of five GCSE subjects at grade 5 or higher, including a grade 5 in GCSE English Literature or Language.""",None,None,None,None,None,None,None,None,None,None,None,None,None,None,None,None,5 GCSE subjects at grade 5 or higher,English,5,None,None,None,None,None,None,None,None,CACHE Technical Level 3 Requirement: None,None,None,None,None,None,None,None,None,None,None,None,None,None,None,None,None,None,None,None,None,None,None,None,None,None,None,None,None,Additional Requirements: None,https://www.ucb.ac.uk/study/courses/sixth-form/religious-studies-philosophy-and-ethics-a-level/,ucb.xlsx
University College Birmingham,Birmingham,https://www.ucb.ac.uk/courses/aesthetics-ba-hons,aesthetics-ba-hons,Bachelor's,None,None,Level 3 beauty therapy qualification,None,None,None,None,None,None,None,None,None,None,None,None,None,None,None,None,None,None,None,None,None,None,None,None,None,None,None,None,None,None,None,None,None,None,None,None,None,None,None,None,None,None,None,None,None,None,None,None,None,None,None,None,None,None,None,None,"Entry Requirement: ""Level 3 beauty therapy qualification""",https://www.ucb.ac.uk/study/courses/short-courses/microneedling/,ucb.xlsx
None,Birmingham,None,None,None,None,None,None,None,None,None,None,None,None,None,None,None,None,None,None,None,None,None,None,None,None,None,None,None,None,None,None,None,None,None,None,None,None,None,None,None,None,None,None,None,None,None,None,None,None,None,None,None,None,None,None,None,None,None,None,None,None,None,None,None,https://www.ucb.ac.uk/study/courses/undergraduate/business-enterhttps://www.ucb.ac.uk/study/courses/undergraduate/business-enterprise-ba-hons-fda/prise-ba-hons-fda/,ucb.xlsx
University College Birmingham,Birmingham,https://www.ucb.ac.uk/courses/childhood-and-education-studies-ba-hons-online/,childhood-and-education-studies-ba-hons-online,Bachelor's,72 UCAS Tariff points,None,Achieve a relevant Level 3 childcare qualification or Non-related subjects at Level 3 are accepted.,None,None,None,None,None,None,None,None,None,None,None,None,None,None,None,None,Grades A*-C/9-4 or equivalent,English Language,None,None,None,None,None,None,None,None,None,None,None,None,None,None,None,None,None,None,None,None,None,None,None,None,None,None,None,None,None,None,None,None,None,None,None,None,None,None,International students must check specific entry requirements and may require a visa extension for optional placements.,https://www.ucb.ac.uk/study/courses/undergraduate/childhood-and-education-studies-ba-hons-online/,ucb.xlsx
University College Birmingham,Birmingham,https://www.ucb.ac.uk/courses/postgraduate/adult-social-care-nursing-msc/,adult-social-care-nursing,Master's,None,None,Honours degree (2:2 or above) in a health-related degree.,None,None,None,None,None,None,None,None,None,None,None,None,None,None,None,None,GCSEs at grade C/grade 4 or above (or equivalent),"English, Maths",C or 4,None,None,None,None,Second Lower,None,None,None,None,None,None,None,None,None,None,None,None,None,None,None,NMC,None,None,None,None,None,None,6.5,6.0,None,None,None,None,Accepted,Accepted,None,None,None,https://www.ucb.ac.uk/study/courses/postgraduate/adult-social-care-nursing-msc/,ucb.xlsx
University College Birmingham,Birmingham,https://www.ucb.ac.uk/courses/bakery-and-patisserie-technology-bsc-hons,bakery-and-patisserie-technology,Bachelor's,112,None,"UCAS Relevant Qualification: ""A-levels, BTEC Diplomas, Access to Higher Education Diploma""",BBC,None,None,None,None,None,DMM,None,None,None,None,None,None,None,None,None,None,None,None,None,None,None,None,None,None,None,None,CACHE Technical Level 3 Requirement: None,None,None,None,None,None,None,None,None,None,None,None,None,None,None,None,None,None,None,None,None,None,None,None,None,None,None,None,None,Additional Requirements: None,https://www.ucb.ac.uk/study/courses/undergraduate/bakery-and-patisserie-technology-bsc-hons-fdsc/,ucb.xlsx
University College Birmingham,Birmingham,https://www.ucb.ac.uk/courses/sports-therapy-bsc-hons-top-up/,sports-therapy-bsc-hons-top-up,Bachelor's,None,None,UCAS Relevant Qualification: A relevant HND or a foundation degree in the area of Sports Therapy with 240 credits.,None,None,None,None,None,None,None,None,None,None,None,None,None,None,None,None,None,None,None,None,None,None,None,None,None,None,None,CACHE Technical Level 3 Requirement: None,None,None,None,None,None,None,None,None,None,None,None,None,None,None,None,None,None,None,None,None,None,None,None,None,None,None,None,None,Additional Requirements: None,https://www.ucb.ac.uk/study/courses/top-up/sports-therapy-bsc-hons-top-up/,ucb.xlsx
University College Birmingham,Birmingham,https://www.example.com,aviation-management,Master's,None,None,"A grade classification of 2:2 is required, or international equivalent",None,None,None,None,None,None,None,None,None,None,None,None,None,None,None,None,None,None,None,None,None,None,None,Second Lower,"5 years of relevant managerial work experience, demonstrating in-depth knowledge of the sector",None,None,None,None,None,None,None,None,None,None,None,None,None,None,None,None,None,None,None,None,None,None,None,None,None,None,None,None,None,None,None,None,https://www.ucb.ac.uk/study/courses/postgraduate/aviation-management-msc-pgdip/,ucb.xlsx
University College Birmingham,Birmingham,https://www.ucb.ac.uk/courses/international-hospitality-and-tourism-management-ba-hons/,international-hospitality-and-tourism-management-ba-hons,Bachelor's,80,None,"UCAS Relevant Qualification: ""A-levels, T-levels, BTEC, Access to Higher Education Diploma""",CDD,None,None,None,None,None,MMP,None,None,None,None,Level 3,None,None,None,None,None,None,None,Pass with a core component of grade C,None,None,C,None,"Minimum of 3 years' relevant work experience, demonstrating management or supervisory duties.",None,None,CACHE Technical Level 3 Requirement: None,None,None,None,None,None,None,None,None,None,None,None,None,None,None,None,None,None,None,None,None,None,None,None,None,None,None,None,None,"Work-based: ""Minimum of 3 years' relevant work experience, demonstrating management or supervisory duties.""",https://www.ucb.ac.uk/study/courses/undergraduate/international-hospitality-and-tourism-management-ba-hons-fda/,ucb.xlsx
University College Birmingham,Birmingham,https://www.ucb.ac.uk/courses/hair-and-make-up-business-management-ba-hons-fda/,hair-and-make-up-business-management,Bachelor's,96 UCAS Tariff points,None,"A combination of acceptable Level 3 qualifications such as A-levels, T Levels, or BTEC Diplomas.",CCC,Art and Design or similar,None,None,None,None,MMM in a related subject area,Pass,None,None,None,Level 3,None,None,None,None,None,None,None,Pass in a related subject with a core component of grade C,None,None,None,None,None,None,None,None,None,None,None,None,None,None,None,None,None,None,None,None,None,None,None,None,Required,Required,None,None,None,None,None,None,None,None,None,None,"To apply for this course, you need to have studied a related subject area. This can include hairdressing, media and theatrical make-up programmes. If you have not studied a related subject, you may still be considered, however, you must attend an interview so we can assess your previous experience in relation to the course content.",https://www.ucb.ac.uk/study/courses/undergraduate/hair-and-make-up-business-management-ba-hons-fda/,ucb.xlsx
University College Birmingham,Birmingham,https://www.bcu.ac.uk/courses/construction-project-management-msc,construction-project-management,Master's,None,None,A relevant UK or International honours degree from a recognised institution.,Required,None,None,None,None,None,None,None,None,None,None,None,None,None,None,None,None,None,None,None,None,None,None,Second Lower,"Five years of relevant managerial work experience, demonstrating in-depth knowledge of the sector.",None,None,None,None,None,None,None,None,None,None,None,None,None,None,None,None,None,None,None,None,None,None,None,None,None,None,None,None,None,None,None,None,https://www.ucb.ac.uk/study/courses/postgraduate/construction-project-management-msc/,ucb.xlsx
University College Birmingham,Birmingham,https://www.ucb.ac.uk/courses/food-and-nutrition-bsc-hons-top-up/,food-and-nutrition-bsc-hons-top-up,Bachelor's,None,None,"UCAS Relevant Qualification: ""A relevant HND or a foundation degree in the areas of Food, Food and Nutrition or Food Technology, with 240 credits.""",None,None,None,None,None,None,None,None,None,None,None,None,None,None,None,None,None,None,None,None,None,None,None,None,None,None,None,CACHE Technical Level 3 Requirement: None,None,None,None,None,None,None,None,None,None,None,None,None,None,None,None,None,None,None,6.5,6.0,None,None,None,None,None,None,None,None,Additional Requirements: None,https://www.ucb.ac.uk/study/courses/top-up/food-and-nutrition-bsc-hons-top-up/,ucb.xlsx
University College Birmingham,Birmingham,https://www.example.com,site-carpentry-level-2,Bachelor's,None,None,"4 GCSEs at grade 4 (grade D) or above including English (Language or Literature) and maths. However, the successful completion of a Level 1 Carpentry will suffice.",None,None,None,None,None,None,None,None,None,None,None,Level 3,None,None,None,None,4 GCSEs at grade 4 (grade D) or above including English (Language or Literature) and maths.,"English, Maths",4,None,None,None,None,None,None,None,None,None,None,None,None,None,None,None,None,None,None,None,None,None,None,None,None,None,None,None,None,None,None,None,None,None,None,None,None,None,"Uniform and kit costs: This course requires a uniform and kit costing approximately £50, depending on the items you purchase. (Prices are subject to change each year – exact costs and information on how to order required items will be provided to you prior to enrolment.) This will include steel toe cap boots and old clothes suitable for site construction work.",https://www.ucb.ac.uk/study/courses/college/site-carpentry-level-2/,ucb.xlsx
University College Birmingham,Birmingham,https://www.ucb.ac.uk/courses/professional-food-and-beverage-service-level-2,professional-food-and-beverage-service-level-2,Bachelor's,None,None,"UCAS Relevant Qualification: ""4 GCSEs at grade 3 (grade D) or above, or equivalent.""",None,None,None,None,None,None,None,None,None,None,None,None,None,None,None,None,None,None,None,None,None,None,None,None,None,None,None,CACHE Technical Level 3 Requirement: None,None,None,None,None,None,None,None,None,None,None,None,None,None,None,None,None,None,None,None,None,None,None,None,None,None,None,None,None,"Uniform and kit costs: ""This course requires a uniform and kit costing approximately £110, depending on the items you purchase.""",https://www.ucb.ac.uk/study/courses/college/professional-food-and-beverage-service-level-2/,ucb.xlsx
University College Birmingham,Birmingham,https://www.ucb.ac.uk/courses/business-management-ba-hons-top-up/,business-management-ba-hons-top-up,Bachelor's,None,None,"A relevant HND or a foundation degree in the areas of Marketing Management, Business Management, Finance and Business, with 240 credits.",None,None,None,None,None,None,None,None,None,None,None,None,None,None,None,None,None,None,None,None,None,None,None,None,None,None,None,None,None,None,None,None,None,None,None,None,None,None,None,None,None,None,None,None,None,None,None,None,None,None,None,None,None,None,None,None,"Entry requirements: Academic: A relevant HND or a foundation degree in the areas of Marketing Management, Business Management, Finance and Business, with 240 credits. International students Academic: European and International qualifications studied in a relevant subject matter will also be considered. Applicants will need to have achieved 120 ECTS or equivalent (European Credit Transfer).",https://www.ucb.ac.uk/study/courses/top-up/business-management-ba-hons-top-up/,ucb.xlsx
University College Birmingham,Birmingham,https://www.ucb.ac.uk/courses/construction-and-the-built-environment-level-2,construction-and-the-built-environment-level-2,Foundation,None,None,UCAS Relevant Qualification: None,None,None,None,None,None,None,None,None,None,None,None,None,None,None,None,None,"4 GCSEs at grade 3 (grade D) including English (Language or Literature) and Maths, or equivalent.","English, Maths",3,None,None,None,None,None,None,None,None,None,None,None,None,None,None,None,None,None,None,None,None,None,None,None,None,None,None,None,None,None,None,None,None,None,None,None,None,None,Additional Requirements: None,https://www.ucb.ac.uk/study/courses/college/construction-and-the-built-environment-level-2/,ucb.xlsx
University College Birmingham,Birmingham,https://www.ucb.ac.uk/courses/business-enterprise-ba-hons-fda/,business-enterprise-ba-hons,Bachelor's,80,None,"A-levels, T-levels, BTEC, Access to Higher Education Diploma",CDD,None,None,None,None,None,MMP,Pass,None,None,None,Level 3,None,None,None,None,None,None,None,None,None,None,None,None,None,None,None,None,None,None,None,None,None,None,None,None,None,None,None,None,None,None,None,None,None,None,None,None,None,None,None,None,None,None,None,None,Disclosure and Barring Service (DBS) check is required.,https://www.ucb.ac.uk/study/courses/undergraduate/business-enterprise-ba-hons-fda/,ucb.xlsx
University College Birmingham,Birmingham,https://www.bcu.ac.uk/courses/construction-project-management-msc,construction-project-management,Master's,None,None,A relevant UK or International honours degree from a recognised institution.,Required,None,None,None,None,None,None,None,None,None,None,None,None,None,None,None,None,None,None,None,None,None,None,Second Lower,"Five years of relevant managerial work experience, demonstrating in-depth knowledge of the sector.",None,None,None,None,None,None,None,None,None,None,None,None,None,None,None,None,None,None,None,None,None,None,None,None,None,None,None,None,None,None,None,None,https://www.ucb.ac.uk/study/courses/postgraduate/construction-project-management-msc-pgdip/,ucb.xlsx
University College Birmingham,Birmingham,https://www.ucb.ac.uk/courses/professional-cookery,professional-cookery,Bachelor's,None,None,"UCAS Relevant Qualification: ""4 GCSEs at grade 3/D or above, or equivalent.""",None,None,None,None,None,None,None,None,None,None,None,None,None,None,None,None,None,"English, Maths",4/C,None,None,None,None,None,None,None,None,CACHE Technical Level 3 Requirement: None,None,None,None,None,None,None,None,None,None,None,None,None,None,None,None,None,None,None,None,None,None,None,None,None,None,None,None,None,Additional Requirements: None,https://www.ucb.ac.uk/study/courses/college/chef-cookery-courses-level-2-and-level-3-professional-cookery/,ucb.xlsx
University College Birmingham,Birmingham,https://www.example.com,criminology-level-3-diploma,Bachelor's,56,None,"UCAS Relevant Qualification: ""Minimum of five GCSE subjects at grade 5 or higher, including GCSE English Literature or Language and Maths.""",None,None,None,None,None,None,None,None,None,None,None,None,None,None,None,None,5C,"English, Maths",None,None,None,None,None,None,None,None,None,CACHE Technical Level 3 Requirement: None,None,None,None,None,None,None,None,None,None,None,None,None,None,None,None,None,None,None,None,None,None,None,None,None,None,None,None,None,Additional Requirements: None,https://www.ucb.ac.uk/study/courses/sixth-form/criminology-level-3/,ucb.xlsx
University College Birmingham,Birmingham,https://www.example.com,events-management-ba-hons-top-up,Bachelor's,None,None,"UCAS Relevant Qualification: A relevant HND or a foundation degree in the areas of Events or Events Management, with 240 credits.",None,None,None,None,None,None,None,None,None,None,None,None,None,None,None,None,None,None,None,None,None,None,None,None,None,None,None,CACHE Technical Level 3 Requirement: None,None,None,None,None,None,None,None,None,None,None,None,None,None,None,None,None,None,None,None,None,None,None,None,None,None,None,None,None,Additional Requirements: None,https://www.ucb.ac.uk/study/courses/top-up/events-management-ba-hons-top-up/,ucb.xlsx
University College Birmingham,Birmingham,https://www.ucb.ac.uk/courses/electrical-installation-level-2-level-3-diploma-in-electrical-installations-buildings-and-structures,electrical-installation-level-2-level-3-diploma-in-electrical-installations-buildings-and-structures,Bachelor's,None,None,"UCAS Relevant Qualification: ""4 GCSEs at grade 4 (grade C) or above, including English (Language or Literature) and Maths, or equivalent.""",None,None,None,None,None,None,None,None,None,None,None,None,None,None,None,None,"4 GCSEs at grade 4 (grade C) or above, including English (Language or Literature) and Maths, or equivalent.","English, Maths",4,None,None,None,None,None,None,None,None,CACHE Technical Level 3 Requirement: None,None,None,None,None,None,None,None,None,None,None,None,None,None,None,None,None,None,None,None,None,None,None,None,None,None,None,None,None,Additional Requirements: None,https://www.ucb.ac.uk/study/courses/college/electrical-installation-level-2-level-3/,ucb.xlsx
University College Birmingham,Birmingham,https://www.ucb.ac.uk/courses/applied-science-with-psychology/,applied-science-with-psychology,Bachelor's,56,None,"UCAS Relevant Qualification: ""4 GCSEs at grade 4 (grade C) or above, including English (Language or Literature), Maths and Science.""",None,None,None,None,None,None,None,None,None,None,None,None,None,None,None,None,4 GCSEs at grade 4 (grade C) or above,"English, Maths, Science",4,None,None,None,None,None,None,None,None,None,None,None,None,None,None,None,None,None,None,None,None,None,None,None,None,None,None,None,None,None,None,None,None,None,None,None,None,None,"Additional Requirements:
Uniform and kit costs: ""Approximately £30""
Guaranteed progression: ""Students who achieve 56 UCAS points or more from this qualification will automatically be guaranteed a place on a degree course at University College Birmingham.""",https://www.ucb.ac.uk/study/courses/college/applied-science-with-psychology-level-3/,ucb.xlsx
University College Birmingham,Birmingham,https://www.ucb.ac.uk/courses/culinary-arts-management-ma-pgdip/,culinary-arts-management,Master's,None,None,"UCAS Relevant Qualification: ""A grade classification of 2:2 or above in Culinary Arts Management, Hospitality Management, Food Nutrition and Preparation, Food Innovation, Food Technology or Professional Cookery, or international equivalent.""",None,None,None,None,None,None,None,None,None,None,None,None,None,None,None,None,None,None,None,None,None,None,None,Second Lower,5 years of relevant managerial work experience,None,None,None,None,None,None,None,None,None,None,None,None,None,None,None,None,None,None,None,None,None,None,None,None,None,None,None,None,None,None,None,Additional Requirements: None,https://www.ucb.ac.uk/study/courses/postgraduate/culinary-arts-management-ma-pgdip/,ucb.xlsx
University College Birmingham,Birmingham,https://www.example.com,bricklaying-level-1-diploma,Bachelor's,None,None,"3 GCSE at Grade 3 including maths or English (Language or Literature), with at least a Grade 1 in the other subject.",None,None,None,None,None,None,None,None,None,None,None,None,None,None,None,None,"3 GCSE at Grade 3 including maths or English (Language or Literature), with at least a Grade 1 in the other subject.","Maths, English",Grade 3,None,None,None,None,None,None,None,None,None,None,None,None,None,None,None,None,None,None,None,None,None,None,None,None,None,None,None,None,None,None,None,None,None,None,None,None,None,"Entry requirements: 3 GCSE at Grade 3 including maths or English (Language or Literature), with at least a Grade 1 in the other subject. English and maths support for under 19s.",https://www.ucb.ac.uk/study/courses/college/bricklaying-level-1/,ucb.xlsx
University College Birmingham,Birmingham,https://www.ucb.ac.uk/courses/health-t-level-level-3/,health-t-level-level-3,T-Level,56,None,"UCAS Relevant Qualification: ""4 GCSEs at grade 4 (grade C) including English (Language or Literature), Maths and Science.""",None,None,None,None,None,None,None,None,None,None,None,None,None,None,None,None,"4 GCSEs at grade 4 (grade C) including English, Maths and Science","English, Maths, Science",4,Pass (56 UCAS points),None,None,None,None,None,None,None,None,None,None,None,None,None,None,None,None,None,None,None,None,None,None,None,None,None,None,None,None,None,None,None,None,None,None,None,None,"Placement: ""Minimum of 315 hours (approximately 45 days) on placement over the two years.""",https://www.ucb.ac.uk/study/courses/college/health-t-level/,ucb.xlsx
University College Birmingham,Birmingham,https://www.example.com,biology-a-level,A-level,56 UCAS points,//www.example.com,"Minimum of five GCSE subjects at grade 5 or higher, including GCSE English Literature or Language, Maths and Science.",None,None,None,None,None,None,None,None,None,None,None,None,None,None,None,None,5,"English, Maths, Science",5,None,None,None,None,None,None,None,None,None,None,None,None,None,None,None,None,None,None,None,None,None,None,None,None,None,None,None,None,None,None,None,None,None,None,None,None,None,"Guaranteed progression: Students who achieve 56 UCAS points or more from this qualification will automatically be guaranteed a place on a degree course at University College Birmingham. Some undergraduate courses require additional entry requirements, so applicants are advised to check entry requirements before applying.",https://www.ucb.ac.uk/study/courses/sixth-form/biology-a-level/,ucb.xlsx
University College Birmingham,Birmingham,https://www.ucb.ac.uk/courses/accounting-t-level,accounting-t-level,T-Level,56 UCAS points,None,"UCAS Relevant Qualification: ""5 GCSEs at grade 4/C or above including English (Language or Literature), with GCSE Maths at a minimum of grade 5/B""",None,None,None,None,None,None,None,None,None,None,None,None,None,None,None,None,5C,"English, Maths",C or 4,Pass (56 UCAS points),None,None,None,None,None,None,None,None,None,None,None,None,None,None,None,None,None,None,None,None,None,None,None,None,None,None,None,None,None,None,None,None,None,None,None,None,"Placement: ""Minimum of 315 hours (approximately 45 days) on placement over the two years.""",https://www.ucb.ac.uk/study/courses/college/accounting-t-level/,ucb.xlsx
University College Birmingham,Birmingham,https://www.ucb.ac.uk/courses/postgraduate/homeless-and-inclusion-health-nursing-msc/,homeless-and-inclusion-health-nursing,Master's,None,None,Honours degree (2:2 or above) in a health-related degree.,None,None,None,None,None,None,None,None,None,None,None,None,None,None,None,None,GCSEs at grade C/grade 4 or above (or equivalent),"English, Maths",C/4,None,None,None,None,Second Lower,None,None,None,None,None,None,None,None,None,None,None,None,None,None,None,NMC,None,None,None,None,None,None,None,None,None,None,None,None,None,None,None,None,None,https://www.ucb.ac.uk/study/courses/postgraduate/homeless-and-inclusion-health-nursing-msc/,ucb.xlsx
University College Birmingham,Birmingham,https://www.example.com,law-a-level,University College Birmingham,Birmingham,//www.example.com,"Minimum of five GCSE subjects at grade 5 or higher, including GCSE English Literature or Language and Maths.",Required,"English Literature, English Language, Maths",5,None,None,None,None,None,None,None,None,None,None,None,None,None,5,"English, Maths",5,None,None,None,None,None,None,None,None,None,None,None,None,None,None,None,None,None,None,None,None,None,None,None,None,None,None,None,None,None,None,None,None,None,None,None,None,None,None,https://www.ucb.ac.uk/study/courses/sixth-form/law-a-level/,ucb.xlsx
University College Birmingham,Birmingham,https://www.example.com,international-tourism-management-ba-hons-top-up,University College Birmingham,Birmingham,None,"UCAS Relevant Qualification: A relevant HND or a foundation degree in the areas of Tourism Management or Tourism Business Management, with 240 credits.",None,None,None,None,None,None,None,None,None,None,None,None,None,None,None,None,None,None,None,None,None,None,None,None,None,None,None,CACHE Technical Level 3 Requirement: None,None,None,None,None,None,None,None,None,None,None,None,None,None,None,None,None,None,None,None,None,None,None,None,None,None,None,None,None,Additional Requirements: None,https://www.ucb.ac.uk/study/courses/top-up/international-tourism-management-ba-hons-top-up/,ucb.xlsx
University College Birmingham,Birmingham,https://www.ucb.ac.uk/courses/computer-science-bsc-hons-fdsc/,computer-science-bsc-hons,University College Birmingham,Birmingham,None,"UCAS Relevant Qualification: ""A-levels, T-levels, BTEC Diplomas/Extended Diplomas, Access to Higher Education Diploma""",CCC,None,None,None,None,None,MMM,None,None,None,None,Level 3,None,None,None,None,4,Mathematics,4,None,None,None,None,None,"3 years' relevant work experience, demonstrating management or supervisory duties.",None,None,CACHE Technical Level 3 Requirement: None,None,None,None,None,None,None,None,None,None,None,None,None,None,None,None,None,None,None,None,None,None,None,None,None,None,None,None,None,"Work-based: ""3 years' relevant work experience, demonstrating management or supervisory duties.""",https://www.ucb.ac.uk/study/courses/undergraduate/computer-science-bsc-hons-fdsc/,ucb.xlsx
University College Birmingham,Birmingham,https://www.ucb.ac.uk/courses/sport-and-education-ba-hons/,sport-and-education-ba-hons,University College Birmingham,Birmingham,None,"A combination of acceptable Level 3 qualifications such as A-levels, T Levels, or BTEC Diplomas.",CCC,None,None,None,None,None,MMM,Pass (96 UCAS points),None,None,None,None,None,None,None,None,None,None,None,None,None,None,None,None,None,None,None,None,None,None,None,None,None,None,None,None,None,None,None,None,None,None,None,None,None,None,None,None,None,None,None,None,None,None,None,None,"Students on this course are subject to the Code of Professional Conduct and Fitness to Practise Policy, together with a Disclosure and Barring Service (DBS) check. University College Birmingham will coordinate and fund the completion of the DBS check.",https://www.ucb.ac.uk/study/courses/undergraduate/sport-and-education-ba-hons-fda/,ucb.xlsx
University College Birmingham,Birmingham,https://www.ucb.ac.uk/courses/nursing-associate-fdsc/,nursing-associate-fdsc,Foundation,None,None,"UCAS Relevant Qualification: ""One A-level grade D or above, Two AS-levels grade D or above, BTEC National Award grade M/ Certificate PP/ Diploma Grade PPP, Access to HE Diploma, NVQ Level 3 Full Diploma, A Level 5 or above qualification i.e. degree and Level 3 equivalent qualifications obtained outside of the UK must have a statement of comparability from UK NARIC.""",One A-level grade D or above,None,None,None,None,None,None,None,None,None,None,None,None,None,None,None,"GCSE/IGCSE grades A*-C (9-4) or equivalent in English. Ideally, you will also have GCSE in Maths at grade A*C (9-4)",English,None,None,None,None,None,None,None,None,None,CACHE Technical Level 3 Requirement: None,None,None,None,None,None,None,None,None,None,None,None,None,None,None,None,None,None,Required,6.5,6.0,None,None,None,None,None,None,None,None,"Disclosure and Barring Service: ""Enhanced DBS check required""; Pre-course Health Questionnaire: ""Must complete""; Interview: ""Required""; Recognition of Prior Learning (RPL): ""Available""; English Requirements: ""IELTS overall score of 6.5 in reading, listening and speaking and a minimum of 6.0 in writing""; Occupational English Test (OET): ""Minimum of grade C+ (330-340) in listening, reading and speaking and a C in the writing section (this must be between 250-290)"".",https://www.ucb.ac.uk/study/courses/undergraduate/nursing-associate-fdsc/,ucb.xlsx
University College Birmingham,Birmingham,https://www.ucb.ac.uk/courses/undergraduate/psychology-with-education-bsc-hons/,psychology-with-education,Bachelor's,96 UCAS Tariff points,None,"A-levels, T-levels, BTEC Diplomas, Access to Higher Education Diploma",CCCT,None,None,None,None,None,MMM,Pass (96 UCAS points),None,None,None,None,None,None,None,None,English and maths GCSE at grade C/grade 4 or above (or equivalent),"English, Maths",C or 4,None,None,None,None,None,None,None,None,None,None,None,None,None,None,None,None,None,None,None,None,None,None,None,None,None,None,None,None,None,None,None,None,None,None,None,None,None,"Students on this course are subject to the BPS Code of Professional Conduct and University Fitness to Practise Policy, together with a Disclosure and Barring Service (DBS) check.",https://www.ucb.ac.uk/study/courses/undergraduate/psychology-with-education-bsc-hons/,ucb.xlsx
University College Birmingham,Birmingham,https://www.ucb.ac.uk/courses/engineering-btec-level-2,engineering-btec-level-2,Master's,None,None,UCAS Relevant Qualification: None,None,None,None,None,None,None,None,None,None,None,None,None,None,None,None,None,"4 GCSEs at grade 3 (grade D) including English (Language or Literature) and Maths, or equivalent.","English, Maths",3,None,None,None,None,None,None,None,None,None,None,None,None,None,None,None,None,None,None,None,None,None,None,None,None,None,None,None,None,None,None,None,None,None,None,None,None,None,Additional Requirements: None,https://www.ucb.ac.uk/study/courses/college/engineering-level-2/,ucb.xlsx
University College Birmingham,Birmingham,https://www.ucb.ac.uk/courses/computer-science-msc-pgdip/,computer-science,Master's,None,None,"A grade classification of 2:2 is required, or international equivalent.",None,None,None,None,None,None,None,None,None,None,None,None,None,None,None,None,None,None,None,None,None,None,None,Second Lower,"Five years of relevant managerial work experience, demonstrating in-depth knowledge of the sector for the subject matter you are interested in pursuing.",None,None,None,None,None,None,None,None,None,None,None,None,None,None,None,None,None,None,None,None,None,None,None,None,None,None,None,None,None,None,None,None,https://www.ucb.ac.uk/study/courses/postgraduate/computer-science-msc-pgdip/,ucb.xlsx
University College Birmingham,Birmingham,https://www.ucb.ac.uk/courses/postgraduate/marketing-management-for-events-hospitality-and-tourism/,marketing-management-for-events-hospitality-and-tourism,Master's,None,None,"A grade classification of 2:2 is required, or international equivalent.",None,None,None,None,None,None,None,None,None,None,None,None,None,None,None,None,None,None,None,None,None,None,None,Second Lower,Five years of relevant managerial work experience is required.,None,None,None,None,None,None,None,None,None,None,None,None,None,None,None,None,None,None,None,None,None,None,None,None,None,None,None,None,None,None,None,None,https://www.ucb.ac.uk/study/courses/postgraduate/marketing-management-for-events-hospitality-and-tourism-ma-pgdip/,ucb.xlsx
University College Birmingham,Birmingham,https://www.ucb.ac.uk/courses/digital-business-services-t-level-data-analytics/,digital-business-services-t-level-data-analytics,T-Level,56,None,"UCAS Relevant Qualification: ""5 GCSEs at grade 4 (grade C) including English Language or equivalent. GCSE Maths at grade 5.""",None,None,None,None,None,None,None,None,None,None,None,None,None,None,None,None,5C,"English Language, Maths",4,Pass (56 UCAS points),None,None,None,None,None,None,None,None,None,None,None,None,None,None,None,None,None,None,None,None,None,None,None,None,None,None,None,None,None,None,None,None,None,None,None,None,"Placement: ""Minimum of 315 hours (approximately 45 days) on placement over the two years.""",https://www.ucb.ac.uk/study/courses/college/digital-business-services-t-level-data-analytics/,ucb.xlsx
University College Birmingham,Birmingham,https://www.example.com,modern-methods-of-construction-higher-national-certificate,Higher National Certificate,32,None,"UCAS Relevant Qualification: ""A-levels, T-levels, BTEC, Access to Higher Education Diploma, other Level 3 qualifications""",EE,None,None,None,None,None,PP,None,None,None,None,Level 3,None,None,None,None,9-4/A*-C in Maths and English,"Maths, English Language",C or 4,Pass,None,"Design and Development for Engineering and Manufacturing, Design, Surveying and Planning for Construction",None,None,3 years relevant work experience,None,None,CACHE Technical Level 3 Requirement: None,None,None,None,None,None,None,None,None,None,None,None,None,None,None,None,None,None,None,None,None,None,None,None,None,None,None,None,None,Additional Requirements: None,https://www.ucb.ac.uk/study/courses/undergraduate/modern-methods-of-construction-higher-national-certificate/,ucb.xlsx
University College Birmingham,Birmingham,https://www.ucb.ac.uk/courses/strength-conditioning-and-sports-nutrition-bsc-hons-fdsc/,strength-conditioning-and-sports-nutrition-bsc-hons,Bachelor's,96,None,"UCAS Relevant Qualification: ""A combination of acceptable Level 3 qualifications such as A-levels, T Levels, or BTEC Diplomas.""",CCC,None,None,None,None,None,MMM,None,None,None,None,None,None,None,None,None,None,None,None,Pass with a core component of grade C,None,None,C,None,Accepted,None,None,CACHE Technical Level 3 Requirement: None,None,None,None,None,None,None,None,None,None,None,None,None,None,None,None,None,None,None,None,None,None,None,None,None,None,None,None,None,"Work-based: We also give equal consideration to applicants who are currently in work and wish to apply to University College Birmingham. To apply, you must have a minimum of 3 years' relevant work experience, demonstrating management or supervisory duties. Your application must also include a reference from your line manager supporting your entry to higher education.",https://www.ucb.ac.uk/study/courses/undergraduate/strength-conditioning-and-sports-nutrition-bsc-hons-fdsc/,ucb.xlsx
University College Birmingham,Birmingham,https://www.ucb.ac.uk/courses/sport-and-fitness-level-3,sport-and-fitness-level-3,Foundation,56 UCAS points,None,"UCAS Relevant Qualification: ""BTEC Level 3 National Extended Certificate in Sport and Fitness, GCSEs at grade 4 (grade C)""",None,None,None,None,None,None,Pass,None,None,None,None,None,None,None,None,None,2 GCSEs at grade 4 (grade C),"English (Language or Literature), Maths",2 GCSEs at grade 3,None,None,None,None,None,None,None,None,CACHE Technical Level 3 Requirement: None,None,None,None,None,None,None,None,None,None,None,None,None,None,None,None,None,None,None,None,None,None,None,None,None,None,None,None,None,Additional Requirements: None,https://www.ucb.ac.uk/study/courses/college/sport-and-fitness-level-3/,ucb.xlsx
University College Birmingham,Birmingham,https://www.ucb.ac.uk/courses/international-hospitality-management-msc-pgdip/,international-hospitality-management,Master's,None,None,UCAS Relevant Qualification: A subject-related UK or International honours degree from a recognised institution,Required,None,None,None,None,None,None,None,None,None,None,None,None,None,None,None,None,None,None,None,None,None,None,Second Lower,Accepted,None,None,None,None,None,None,None,None,None,None,None,None,None,None,None,None,None,None,None,None,None,None,None,None,None,None,None,None,None,None,None,Additional Requirements: None,https://www.ucb.ac.uk/study/courses/postgraduate/international-hospitality-management-msc-pgdip/,ucb.xlsx
University College Birmingham,Birmingham,https://www.accesstohe.ac.uk/home,access-to-higher-education-diploma-data-science,Foundation,56,None,"UCAS Relevant Qualification: ""Access to Higher Education Diploma""",None,None,None,None,None,None,None,None,None,None,None,None,None,None,None,None,4 (C) in English and Maths,"English, Maths",4,None,None,None,None,None,None,None,None,None,None,None,None,None,None,None,None,None,None,None,None,None,None,None,None,None,None,None,None,None,None,None,None,None,None,None,None,None,Additional Requirements: None,https://www.ucb.ac.uk/study/courses/college/access-to-higher-education-diploma-data-science/,ucb.xlsx
University College Birmingham,Birmingham,https://www.ucb.ac.uk/courses/graphic-design-ba-hons-fda/,graphic-design,Bachelor's,96,None,"UCAS Relevant Qualification: ""A combination of acceptable Level 3 qualifications such as A-levels, T Levels, or BTEC Diplomas.""",CCC,None,None,None,None,None,MMM,None,None,None,None,None,None,None,None,None,None,None,None,None,None,None,None,None,None,None,None,None,None,None,None,None,None,None,None,None,None,None,None,None,None,None,None,None,None,None,None,None,None,None,None,None,None,None,None,None,Additional Requirements: None,https://www.ucb.ac.uk/study/courses/undergraduate/graphic-design-ba-hons-fda/,ucb.xlsx
University College Birmingham,Birmingham,https://www.ucb.ac.uk/courses/international-tourism-management-ba-hons/,international-tourism-management-ba-hons,Bachelor's,80,None,"UCAS Relevant Qualification: ""A-levels, T-levels, BTEC, Access to Higher Education Diploma""",CDD,None,None,None,None,None,MMP,None,None,None,None,Level 3,None,None,None,None,None,None,None,Pass with a core component of grade C,None,None,C,None,None,None,None,CACHE Technical Level 3 Requirement: None,None,None,None,None,None,None,None,None,None,None,None,None,None,None,None,None,None,None,None,None,None,None,None,None,None,None,None,None,Additional Requirements: None,https://www.ucb.ac.uk/study/courses/undergraduate/international-tourism-management-ba-hons-fda/,ucb.xlsx
University College Birmingham,Birmingham,https://www.ucb.ac.uk/courses/international-hospitality-and-tourism-management-ba-hons-top-up/,international-hospitality-and-tourism-management-ba-hons-top-up,Bachelor's,None,None,"UCAS Relevant Qualification: ""A relevant HND or a foundation degree in the areas of Hospitality, Tourism or Events, with 240 credits.""",None,None,None,None,None,None,None,None,None,None,None,None,None,None,None,None,None,None,None,None,None,None,None,None,None,None,None,CACHE Technical Level 3 Requirement: None,None,None,None,None,None,None,None,None,None,None,None,None,None,None,None,None,None,None,None,None,None,None,None,None,None,None,None,None,Additional Requirements: None,https://www.ucb.ac.uk/study/courses/top-up/international-hospitality-and-tourism-management-ba-hons-top-up/,ucb.xlsx
University College Birmingham,Birmingham,https://www.ucb.ac.uk/courses/postgraduate/international-business-management/,international-business-management,Master's,None,None,UCAS Relevant Qualification: None,Required,None,None,None,None,None,None,None,None,None,None,None,None,None,None,None,None,None,None,None,None,None,None,Second Lower,Accepted,None,None,None,None,None,None,None,None,None,None,None,None,None,None,None,None,None,None,None,None,None,None,None,None,None,None,None,None,None,None,None,Additional Requirements: None,https://www.ucb.ac.uk/study/courses/postgraduate/international-business-management-msc-pgdip/,ucb.xlsx
University College Birmingham,Birmingham,https://www.ucb.ac.uk/courses/postgraduate/prosthetics-for-film-and-television-ma/,prosthetics-for-film-and-television-ma,Master's,None,None,A subject-related UK or International honours degree from a recognised institution (with a sound knowledge of prosthetics make-up).,2:2,None,None,None,None,None,None,None,None,None,None,None,None,None,None,None,None,None,None,None,None,None,None,Second Lower,Accepted,None,None,None,None,None,None,None,None,None,None,None,None,None,None,None,None,None,None,None,None,None,None,None,None,None,None,None,None,None,None,None,None,https://www.ucb.ac.uk/study/courses/postgraduate/prosthetics-for-film-and-television-ma/,ucb.xlsx
University College Birmingham,Birmingham,https://www.bcu.ac.uk/courses/paramedic-science-bsc-hons,paramedic-science,Bachelor's,112-120,None,"A-levels- grades BBC or equivalent, Pearson BTEC National Extended Diploma- grade DMM, Access to Higher Education Diploma-Pass Access with a minimum of 112 UCAS Tariff points, UAL Level 3 Extended Diploma- grade of Merit overall, OCR Cambridge Technical Extended Diploma- grade DMM, T-levels- Eligible T-level applications will be asked to achieve a minimum overall grade of P (A*-C) or Higher Pass as a condition of offer",BBC,None,None,None,None,None,DMM,Pass,None,None,None,None,None,None,None,None,C (4) or above in maths and English,"Mathematics, English",C (4),None,None,None,None,None,None,None,None,None,None,None,None,None,None,None,None,None,None,None,None,None,None,None,None,None,None,Required,None,None,None,None,None,None,None,None,None,None,Students must also complete an Enhanced Disclosure and Barring Service (DBS) check. The University will coordinate and fund the completion of the DBS check. Pre-course health and immunisation requirements must be met. Students must complete a Pre-course Health Questionnaire and meet the Immunisation Requirements. It is recommended that applicants receive the latest vaccinations against Covid-19 and influenza.,https://www.ucb.ac.uk/study/courses/undergraduate/paramedic-science-bsc-hons/,ucb.xlsx
University College Birmingham,Birmingham,https://www.example.com,psychology-a-level,A-level,56 UCAS points,//www.example.com,"Minimum of five GCSE subjects at grade 5 or higher, including GCSE English Literature or Language and Maths.",None,None,None,None,None,None,None,None,None,None,None,None,None,None,None,None,5 GCSE subjects at grade 5 or higher,"English Literature or Language, Maths",None,None,None,None,None,None,None,None,None,None,None,None,None,None,None,None,None,None,None,None,None,None,None,None,None,None,None,None,None,None,None,None,None,None,None,None,None,None,None,https://www.ucb.ac.uk/study/courses/sixth-form/psychology-a-level/,ucb.xlsx
University College Birmingham,Birmingham,https://www.ucb.ac.uk/courses/applied-science-level-3-national-extended-diploma/,applied-science-level-3-national-extended-diploma,Foundation,56,None,"UCAS Relevant Qualification: ""4 GCSEs at grade 4 (grade D) or above, including English (Language or Literature), Maths and Science.""",None,None,None,None,None,None,None,None,None,None,None,None,None,None,None,None,4 GCSEs at grade 4 (grade D) or above,"English, Maths, Science",4,None,None,None,None,None,None,None,None,CACHE Technical Level 3 Requirement: None,None,None,None,None,None,None,None,None,None,None,None,None,None,None,None,None,None,None,None,None,None,None,None,None,None,None,None,None,"Uniform and kit costs: ""Approximately £30""",https://www.ucb.ac.uk/study/courses/college/applied-science-level-3/,ucb.xlsx
University College Birmingham,Birmingham,https://www.ucb.ac.uk/courses/sports-therapy-bsc-hons-fdsc/,sports-therapy-bsc-hons,Bachelor's,96,None,"UCAS Relevant Qualification: ""A combination of acceptable Level 3 qualifications such as A-levels, T Levels, or BTEC Diplomas.""",CCC,None,None,None,None,None,MMM,None,None,None,None,None,None,None,None,None,None,None,None,None,None,None,None,None,None,None,None,CACHE Technical Level 3 Requirement: None,None,None,None,None,None,None,None,None,None,None,None,None,None,None,None,None,None,None,None,None,None,None,None,None,None,None,None,None,"Disclosure and Barring Service (DBS) check: ""Required""",https://www.ucb.ac.uk/study/courses/undergraduate/sports-therapy-bsc-hons-fdsc/,ucb.xlsx
University College Birmingham,Birmingham,https://www.bcu.ac.uk/courses/physics-a-level,physics-a-level,A-level,56,None,"UCAS Relevant Qualification: ""Minimum of five GCSE subjects at grade 5 or higher, including GCSE English Literature or Language and a grade 6 in GCSE Maths.""",None,None,None,None,None,None,None,None,None,None,None,None,None,None,None,None,5C,"English, Maths",5,None,None,None,None,None,None,None,None,None,None,None,None,None,None,None,None,None,None,None,None,None,None,None,None,None,None,None,None,None,None,None,None,None,None,None,None,None,Additional Requirements: None,https://www.ucb.ac.uk/study/courses/sixth-form/physics-a-level/,ucb.xlsx
University College Birmingham,Birmingham,https://www.ucb.ac.uk/courses/computer-science-bsc-hons-top-up/,computer-science-bsc-hons-top-up,Bachelor's,None,None,"UCAS Relevant Qualification: A relevant HND or a foundation degree in the area of computer science, with 240 credits.",None,None,None,None,None,None,None,None,None,None,None,None,None,None,None,None,None,None,None,None,None,None,None,None,None,None,None,CACHE Technical Level 3 Requirement: None,None,None,None,None,None,None,None,None,None,None,None,None,None,None,None,None,None,None,None,None,None,None,None,None,None,None,None,None,Additional Requirements: None,https://www.ucb.ac.uk/study/courses/top-up/computer-science-bsc-hons-top-up/,ucb.xlsx
University College Birmingham,Birmingham,None,geography-a-level,A-level,56 UCAS points,None,"Minimum of five GCSE subjects at grade 5 or higher, including GCSE English Literature or Language and Maths.",None,None,None,None,None,None,None,None,None,None,None,None,None,None,None,None,5C,"English, Maths",5,None,None,None,None,None,None,None,None,None,None,None,None,None,None,None,None,None,None,None,None,None,None,None,None,None,None,None,None,None,None,None,None,None,None,None,None,None,"Guaranteed progression: Students who achieve 56 UCAS points or more from this qualification will automatically be guaranteed a place on a degree course at University College Birmingham. Some undergraduate courses require additional entry requirements, so applicants are advised to check entry requirements before applying.",https://www.ucb.ac.uk/study/courses/sixth-form/geography-a-level/,ucb.xlsx
University College Birmingham,Birmingham,https://www.ucb.ac.uk/courses/bench-joinery-level-2-diploma,bench-joinery-level-2-diploma,Diploma,None,None,"UCAS Relevant Qualification: ""4 GCSEs at grade 4 (grade D) or above including English (Language or Literature) and maths. However, the successful completion of a Level 1 Carpentry will suffice.""",None,None,None,None,None,None,None,None,None,None,None,None,None,None,None,None,4 GCSEs at grade 4 (grade D) or above including English (Language or Literature) and maths.,"English, Maths",4,None,None,None,None,None,None,None,None,CACHE Technical Level 3 Requirement: None,None,None,None,None,None,None,None,None,None,None,None,None,None,None,None,None,None,None,None,None,None,None,None,None,None,None,None,None,"Uniform and kit costs: ""This course requires a uniform and kit costing approximately £50, depending on the items you purchase.""",https://www.ucb.ac.uk/study/courses/college/bench-joinery-level-2/,ucb.xlsx
University College Birmingham,Birmingham,https://www.ucb.ac.uk/courses/plumbing-level-1-diploma,plumbing-level-1-diploma,Diploma,None,None,"UCAS Relevant Qualification: ""3 GCSE at grade 3 including maths or English (Language or Literature)""",None,None,None,None,None,None,None,None,None,None,None,None,None,None,None,None,3 GCSE at grade 3 including maths or English (Language or Literature),"Maths, English",1,None,None,None,None,None,None,None,None,CACHE Technical Level 3 Requirement: None,None,None,None,None,None,None,None,None,None,None,None,None,None,None,None,None,None,None,None,None,None,None,None,None,None,None,None,None,Additional Requirements: None,https://www.ucb.ac.uk/study/courses/college/plumbing-level-1/,ucb.xlsx
University College Birmingham,Birmingham,https://www.ucb.ac.uk/courses/physiotherapy-bsc-hons/,physiotherapy-bsc-hons,Bachelor's,120,None,"UCAS Relevant Qualification: ""A-levels: Grade profile of BBB, including grade B in biology or physical education. T-levels: A T-level in Science with an overall Merit grade. BTEC: Grade profile of DDM from one of the following subjects: Applied science, applied biomedical science, applied human biology, Sports and exercise science, health and social care.""",BBB,"Biology, Physical Education",B,None,None,None,DDM,None,None,None,None,None,None,None,None,None,9-4 in Maths and English,"Maths, English",C,Merit,None,None,None,None,Accepted,None,None,CACHE Technical Level 3 Requirement: None,None,None,None,None,None,None,None,None,None,None,None,None,None,None,None,None,None,Required,7.0,7.0,None,None,None,None,None,None,None,None,"Enhanced DBS Check: ""Mandatory""",https://www.ucb.ac.uk/study/courses/undergraduate/physiotherapy-bsc-hons/,ucb.xlsx
University College Birmingham,Birmingham,https://www.ucb.ac.uk/courses/sports-coaching-and-development-level-3,sports-coaching-and-development-level-3,Bachelor's,56 UCAS points,None,"UCAS Relevant Qualification: ""BTEC Level 3 National Extended Certificate in Sports Coaching, GCSEs at grade 4 (grade C) including English (Language or Literature) or Maths, or equivalent.""",None,None,None,None,None,None,Pass,None,None,None,None,None,None,None,None,None,"4 GCSEs at grade 4 (grade C) including English (Language or Literature) or Maths, or equivalent.","English, Maths",4,None,None,None,None,None,None,None,None,CACHE Technical Level 3 Requirement: None,None,None,None,None,None,None,None,None,None,None,None,None,None,None,None,None,None,None,None,None,None,None,None,None,None,None,None,None,"Guaranteed progression option: ""Students who achieve 56 UCAS points or more from this qualification will automatically be guaranteed a place on a degree course at University College Birmingham.""",https://www.ucb.ac.uk/study/courses/college/sports-coaching-and-development-level-3/,ucb.xlsx
University College Birmingham,Birmingham,https://www.example.com,early-childhood-studies-graduate-practitioner,Bachelor's,96 UCAS Tariff points,//www.example.com,"A combination of acceptable Level 3 qualifications such as A-levels, T Levels, or BTEC Diplomas.",CCC,None,None,None,None,None,MMM,Pass (96 UCAS points),None,None,None,None,None,None,None,None,GCSE/IGCSE English language and maths grades A*-C/9-4 or equivalent.,"English, Maths",A*-C/9-4,Pass with a core component of grade C,None,None,None,None,None,None,None,None,None,None,None,None,None,None,None,None,None,None,None,None,None,None,None,None,None,None,None,None,None,None,None,None,None,None,None,None,"Students on this course are subject to the Code of Professional Conduct and Fitness to Practise Policy, together with a Disclosure and Barring Service (DBS) check. University College Birmingham will co-ordinate and fund the completion of the DBS check. Students who fall short of the 96 UCAS Tariff points (but with no less than 60 UCAS Tariff points) are still welcome to apply for BA (Hons) Early Childhood Studies. In such cases, you will be asked to attend a progression module prior to the start of your course, which requires you to attend two days of lectures and the completion of four assessment tasks. On successful completion of all components of the progression module, alongside having met the required entrance requirements, students will be offered a place on the degree.",https://www.ucb.ac.uk/study/courses/undergraduate/early-childhood-studies-ba-hons/,ucb.xlsx
University College Birmingham,Birmingham,https://www.ucb.ac.uk/courses/early-childhood-studies-ba-hons-top-up/,early-childhood-studies-ba-hons-top-up,Bachelor's,None,None,"UCAS Relevant Qualification: ""A relevant HND or a foundation degree in the areas of Early Years, Childcare or Advanced Practice with Children and Families, with 240 credits.""",None,None,None,None,None,None,None,None,None,None,None,None,None,None,None,None,GCSE/IGCSE English language and maths grades A*-C/9-4 or equivalent.,"English, Maths",A*-C/9-4,None,None,None,None,None,None,None,None,CACHE Technical Level 3 Requirement: None,None,None,None,None,None,None,None,None,None,None,None,None,None,None,None,None,None,None,None,None,None,None,None,None,None,None,None,None,"Additional Requirements:
DBS Check: ""Required""
Criminal Records Check: ""Required""
Certificate of Good Conduct: ""Required""",https://www.ucb.ac.uk/study/courses/top-up/early-childhood-studies-ba-hons-top-up/,ucb.xlsx
University College Birmingham,Birmingham,https://www.ucb.ac.uk/courses/computing-and-ict-level-3,computing-and-ict-level-3,Foundation,56 UCAS points,None,"UCAS Relevant Qualification: ""4 GCSEs at grade 4 (grade C) including English (Language or Literature) and Maths, or equivalent.""",None,None,None,None,None,None,None,None,None,None,None,None,None,None,None,None,4 GCSEs at grade 4 (grade C) including English and Maths,"English, Maths",4,None,None,None,None,None,None,None,None,CACHE Technical Level 3 Requirement: None,None,None,None,None,None,None,None,None,None,None,None,None,None,None,None,None,None,None,None,None,None,None,None,None,None,None,None,None,"Supporting documents required: ""Good school report, reference from previous education provider or employer""",https://www.ucb.ac.uk/study/courses/college/computing-and-ict-level-3/,ucb.xlsx
University College Birmingham,Birmingham,None,sociology-a-level,A-level,56 UCAS points,None,"Minimum of five GCSE subjects at grade 5 or higher, including GCSE English Literature or Language and Maths.",None,None,None,None,None,None,None,None,None,None,None,None,None,None,None,None,5 GCSE subjects at grade 5 or higher,"English, Maths",None,None,None,None,None,None,None,None,None,None,None,None,None,None,None,None,None,None,None,None,None,None,None,None,None,None,None,None,None,None,None,None,None,None,None,None,None,None,"Guaranteed progression: Students who achieve 56 UCAS points or more from this qualification will automatically be guaranteed a place on a degree course at University College Birmingham. Some undergraduate courses require additional entry requirements, so applicants are advised to check entry requirements before applying.",https://www.ucb.ac.uk/study/courses/sixth-form/sociology-a-level/,ucb.xlsx
University College Birmingham,Birmingham,https://www.ucb.ac.uk/courses/bakery-and-patisserie-technology-bsc-hons-top-up/,bakery-and-patisserie-technology-bsc-hons-top-up,Bachelor's,None,None,"UCAS Relevant Qualification: ""A relevant HND or a foundation degree in the area of baking with 240 credits.""",None,None,None,None,None,None,None,None,None,None,None,None,None,None,None,None,None,None,None,None,None,None,None,None,None,None,None,CACHE Technical Level 3 Requirement: None,None,None,None,None,None,None,None,None,None,None,None,None,None,None,None,None,None,None,None,None,None,None,None,None,None,None,None,None,Additional Requirements: None,https://www.ucb.ac.uk/study/courses/top-up/bakery-and-patisserie-technology-bsc-hons-top-up/,ucb.xlsx
University College Birmingham,Birmingham,https://www.bcu.ac.uk/courses/childhood-and-education-studies-ba-hons-top-up-online,childhood-and-education-studies-ba-hons-top-up-online,Bachelor's,None,None,"A relevant HND or foundation degree in the areas of Early Years, Childcare or Advanced Practice with Children and Families, with 240 credits, plus GCSE/IGCSE English Language: Grades A*-C/9-4 or equivalent.",None,None,None,None,None,None,None,None,None,None,None,None,None,None,None,None,Grades A*-C/9-4 or equivalent,English Language,None,None,None,None,None,None,Significant work experience in the education sector may be considered.,None,None,None,None,None,None,None,None,None,None,None,None,None,None,None,None,None,None,None,None,None,None,None,None,None,None,None,None,None,None,None,"If your previous HND or foundation degree subject is not related to Childhood and Education Studies, we will still consider applicants with significant work experience in the education sector. Please apply direct to receive an update on your suitability. If you are unsure if your previous qualification is suitable, please contact us using our enquiry form before completing an application. Alternatively, you can call us on 0121 604 1040.",https://www.ucb.ac.uk/study/courses/top-up/childhood-and-education-studies-ba-hons-top-up-online/,ucb.xlsx
University College Birmingham,Birmingham,https://www.example.com,education-ma,Master's,None,None,A subject-related UK or International honours degree from a recognised institution.,2:2,None,None,None,None,None,None,None,None,None,None,None,None,None,None,None,None,None,None,None,None,None,None,Second Lower,Relevant work experience will be considered if you do not hold a related degree.,None,None,None,None,None,None,None,None,None,None,None,None,None,None,None,None,None,None,None,None,None,None,None,None,None,None,None,None,None,None,None,None,https://www.ucb.ac.uk/study/courses/postgraduate/education-ma/,ucb.xlsx
University College Birmingham,Birmingham,https://www.ucb.ac.uk/international-students/english-language-entry-requirements/english-language-requirements-table/,integrated-pre-masters,Master's,None,None,"Successful applicants will have completed a prior qualification equivalent in level to an advanced (Ordinary Degree) undergraduate award, or 3rd class honours award at a recognised institution.",None,None,None,None,None,None,None,None,None,None,None,None,None,None,None,None,None,None,None,None,None,None,None,None,None,None,None,None,None,None,None,None,None,None,None,None,None,None,None,None,None,None,None,None,None,None,5.5,5.5,None,None,None,None,None,None,None,None,None,https://www.ucb.ac.uk/study/courses/postgraduate/integrated-pre-masters/,ucb.xlsx
University College Birmingham,Birmingham,https://www.ucb.ac.uk/courses/professional-chef-fdaa/,professional-chef-fdaa,Foundation,None,None,"UCAS Relevant Qualification: ""A relevant Level 3 qualification in Chef Catering, Professional Chef/Cookery or Food Preparation and Cooking (NVQ, VRQ, VTCT etc.)""",None,None,None,None,None,None,None,None,None,None,None,None,None,None,None,None,None,None,None,None,None,None,None,None,Accepted,None,None,CACHE Technical Level 3 Requirement: None,None,None,None,None,None,None,None,None,None,None,None,None,None,None,None,None,None,None,None,None,None,None,None,None,None,None,None,None,Additional Requirements: None,https://www.ucb.ac.uk/study/courses/undergraduate/professional-chef-fda/,ucb.xlsx
University College Birmingham,Birmingham,https://www.ucb.ac.uk/courses/postgraduate/engineering-management-msc/,engineering-management,Master's,None,None,"A grade classification of 2:2 is required in a (Hons) bachelor's degree in engineering, physical sciences or a related engineering or technological discipline where relevant subject areas have been studied.",None,None,None,None,None,None,None,None,None,None,None,None,None,None,None,None,None,None,None,None,None,None,None,Second Lower,Applicants in current relevant employment should possess a minimum of five years of relevant managerial experience in engineering and be able to provide a reference detailing roles and responsibilities from their line manager.,None,None,None,None,None,None,None,None,None,None,None,None,None,None,None,None,None,None,None,None,None,6.0,5.5,None,None,None,None,None,None,None,None,None,https://www.ucb.ac.uk/study/courses/postgraduate/engineering-management-msc-pgdip/,ucb.xlsx
University College Birmingham,Birmingham,https://www.ucb.ac.uk/courses/assistant-practitioner-in-healthcare-fdsc/,assistant-practitioner-in-healthcare-fdsc,Foundation,None,None,"UCAS Relevant Qualification: ""Level 3 qualification in health or health and social care related qualification, including T-levels in Health, Access to Higher Education Diploma in Health, Advanced Apprenticeship (Level 3) in Health, BTEC in Health, Health Professionals, Health and Social Care.""",None,None,None,None,None,None,None,None,None,None,None,None,None,None,None,None,"GCSE/IGCSE English Language grades 9-4/A*-C or equivalent, GCSE/IGCSE Maths grades 9-4/A*-C or equivalent.","English, Maths",C or 4,None,None,None,None,None,Minimum of 2 years work experience in a healthcare setting.,None,None,CACHE Technical Level 3 Requirement: None,None,None,None,None,None,None,None,None,None,None,None,None,None,None,None,None,None,None,None,None,None,None,None,None,None,None,None,None,"Additional Requirements:
Work-based: ""We also give equal consideration to applicants who are currently in work and wish to apply to University College Birmingham. Your application must include a reference from your line manager supporting your entry to higher education. We will arrange for you to meet with the teaching team to ensure your skill sets prepare you suitably to achieve on this programme.""
Tuition fees for home students: ""If you are a home student enrolling on a bachelor's or foundation degree course at University College Birmingham, the 2024/2025 academic year tuition fee for full-time study is £9,250. For part-time study, the fee is £4,625. In 2025/2026, the full-time fee will be £9,535 per year, while the part-time fee will be £4,767.50 per year.""
Kick-Start Scheme: ""As a new student studying this course full-time, you will receive £300 per year through our Kick-Start Scheme (UK students only, eligibility criteria applies).""
Unibuddy Community: ""Starting university is an exciting time, but we understand that it can sometimes feel a little daunting. To support you, you will be invited to join our Unibuddy Community, where you can meet other students who have applied for the same course at University College Birmingham, before you start studying here.""
Percentage: ""70% of graduate employers say relevant experience is essential to getting a job with them.""
Work placements: ""Work placements are vital for gaining real-life experience and building your confidence and skills before you finish your course and may even lead to a job when you graduate.""
Career opportunities: ""Note: Some roles below may require further study/training. The roles and salaries below are intended as a guide only. Assistant public health practitioner Average Salary: £26,282.""
Hired: ""We are here to support your career goals every step of the way.""",https://www.ucb.ac.uk/study/courses/undergraduate/assistant-practitioner-in-healthcare-fdsc/,ucb.xlsx
University College Birmingham,Birmingham,https://www.ucb.ac.uk/courses/mental-health-nursing-bsc-hons,mental-health-nursing,Bachelor's,112,None,"UCAS Relevant Qualification: ""A-levels: Grade profile of BBC, T-levels: A T-level with an overall Merit grade, BTEC: Grade profile of DMM, Irish Leaving Certificate: Grade profile of two subjects at H2 and three subjects at H3.""",BBC,None,None,None,None,None,DMM,None,None,None,None,None,None,None,None,None,5C,"English, Maths, Biology",C or 4,None,None,None,None,None,None,None,None,CACHE Technical Level 3 Requirement: None,None,None,None,None,None,None,None,None,None,None,None,None,None,None,None,None,None,Required,6.5,6.0,None,None,None,None,None,None,None,None,"Disclosure and Barring Service (DBS): ""Students must complete an Enhanced Disclosure and Barring Service (DBS) check. The University will coordinate and fund the completion of the DBS check."" Pre-course health and immunisation requirements: ""Students must complete a Pre-course Health Questionnaire and meet the Immunisation Requirements.""",https://www.ucb.ac.uk/study/courses/undergraduate/nursing-mental-health-bsc-hons/,ucb.xlsx
University College Birmingham,Birmingham,https://www.ucb.ac.uk/courses/plumbing-level-3,plumbing-level-3,Bachelor's,None,None,"UCAS Relevant Qualification: ""4 GCSEs at grade 4 (grade C) or above including English (Language or Literature) and maths, or equivalent and a successful completion of Level 2 Plumbing.""",None,None,None,None,None,None,None,None,None,None,None,None,None,None,None,None,4 GCSEs at grade 4 (grade C) or above including English (Language or Literature) and maths,"English, Maths",4,None,None,None,None,None,None,None,None,CACHE Technical Level 3 Requirement: None,None,None,None,None,None,None,None,None,None,None,None,None,None,None,None,None,None,None,None,None,None,None,None,None,None,None,None,None,Additional Requirements: None,https://www.ucb.ac.uk/study/courses/college/plumbing-level-3/,ucb.xlsx
University College Birmingham,Birmingham,https://www.ucb.ac.uk/courses/business-management-ba-hons/,business-management-ba-hons,Bachelor's,80,None,"UCAS Relevant Qualification: ""A-levels, T-levels, BTEC, Access to Higher Education Diploma""",CDD,None,None,None,None,None,MMP,None,None,None,None,Level 3,None,None,None,None,None,None,None,Pass with a core component of grade C,None,None,C,None,None,None,None,CACHE Technical Level 3 Requirement: None,None,None,None,None,None,None,None,None,None,None,None,None,None,None,None,None,None,None,None,None,None,None,None,None,None,None,None,None,"Disclosure and Barring Service (DBS) check: ""Required""",https://www.ucb.ac.uk/study/courses/undergraduate/business-management-ba-hons-fda/,ucb.xlsx
University College Birmingham,Birmingham,https://www.ucb.ac.uk/courses/digital-production-design-and-development-t-level/,digital-production-design-and-development-t-level,T-Level,56,None,"UCAS Relevant Qualification: ""5 GCSEs at grade 4 (grade C) including English (Language or Literature) or equivalent. GCSE Maths at grade 5.""",None,None,None,None,None,None,None,None,None,None,None,None,None,None,None,None,5C,"English, Maths","4 (C) for English, 5 for Maths",None,None,None,None,None,None,None,None,CACHE Technical Level 3 Requirement: None,None,None,None,None,None,None,None,None,None,None,None,None,None,None,None,None,None,None,None,None,None,None,None,None,None,None,None,None,"Placement: ""Minimum of 315 hours (approximately 45 days) on placement over the two years.""",https://www.ucb.ac.uk/study/courses/college/digital-production-design-and-development-t-level/,ucb.xlsx
University College Birmingham,Birmingham,https://www.example.com,marketing-management-ba-hons-top-up,Bachelor's,None,None,"UCAS Relevant Qualification: A relevant HND or a foundation degree in the areas of Marketing Management, Business Management, Finance and Business, with 240 credits.",None,None,None,None,None,None,None,None,None,None,None,None,None,None,None,None,None,None,None,None,None,None,None,None,None,None,None,CACHE Technical Level 3 Requirement: None,None,None,None,None,None,None,None,None,None,None,None,None,None,None,None,None,None,None,None,None,None,None,None,None,None,None,None,None,Additional Requirements: None,https://www.ucb.ac.uk/study/courses/top-up/marketing-management-ba-hons-top-up/,ucb.xlsx
University College Birmingham,Birmingham,https://www.ucb.ac.uk/courses/aviation-operations-btec-level-3-diploma,aviation-operations-btec-level-3-diploma,Bachelor's,80 UCAS points,None,"UCAS Relevant Qualification: ""4 GCSEs at grade 4 (grade C), which must include English (Language or Literature) and Completion of a relevant Level 2 qualification.""",None,None,None,None,None,None,None,None,None,None,None,None,None,None,None,None,4 GCSEs at grade 4 (grade C),English (Language or Literature),None,None,None,None,None,None,None,None,None,CACHE Technical Level 3 Requirement: None,None,None,None,None,None,None,None,None,None,None,None,None,None,None,None,None,None,None,None,None,None,None,None,None,None,None,None,None,"Supporting documents required: ""School applicants will be required to provide a good school report, which must include attendance. This will be assessed in conjunction with your qualifications and application during the confirmation of your place at University College Birmingham. If you are a school leaver (over 19), you will be required to provide a reference from a previous education provider or employer in support of your application.""",https://www.ucb.ac.uk/study/courses/college/aviation-operations-level-3/,ucb.xlsx
University College Birmingham,Birmingham,https://www.ucb.ac.uk/courses/bricklaying-level-2-diploma,bricklaying-level-2-diploma,Diploma,None,None,"UCAS Relevant Qualification: ""4 GCSEs at grade 4 (grade C) or above, including English (Language or Literature) or Maths, or equivalent.""",None,None,None,None,None,None,None,None,None,None,None,None,None,None,None,None,4 GCSEs at grade 4 (grade C) or above,"English, Maths",4,None,None,None,None,None,None,None,None,CACHE Technical Level 3 Requirement: None,None,None,None,None,None,None,None,None,None,None,None,None,None,None,None,None,None,None,None,None,None,None,None,None,None,None,None,None,"Supporting documents required: ""School applicants will be required to provide a good school report, which must include attendance.""",https://www.ucb.ac.uk/study/courses/college/bricklaying-level-2/,ucb.xlsx
University College Birmingham,Birmingham,https://www.ucb.ac.uk/courses/aviation-and-airport-management-ba-hons,aviation-and-airport-management,Bachelor's,80 UCAS Tariff points,None,"A-levels, T-levels, BTEC Diplomas, Access to Higher Education Diploma",CDD,None,None,None,None,None,MMP,Pass,None,None,None,Level 3,None,None,None,None,None,None,None,Pass with a core component of grade C,None,None,None,None,3 years' relevant work experience,None,None,None,None,None,None,None,None,None,None,None,None,None,None,None,None,None,None,None,None,None,None,None,None,None,None,None,None,None,None,None,Work-based: We also give equal consideration to applicants who are currently in work and wish to apply to University College Birmingham.,https://www.ucb.ac.uk/study/courses/undergraduate/aviation-and-airport-management-ba-hons-fda/,ucb.xlsx
University College Birmingham,Birmingham,https://www.accesstohe.ac.uk/home,access-to-higher-education-diploma-computer-science,Foundation,56,None,"UCAS Relevant Qualification: ""Access to Higher Education Diploma""",None,None,None,None,None,None,None,None,None,None,None,None,None,None,None,None,4 (C) in English and Maths,"English, Maths",4,None,None,None,None,None,Reference from previous or current employment role required,None,None,None,None,None,None,None,None,None,None,None,None,None,None,None,None,None,None,None,None,None,None,None,None,None,None,None,None,None,None,None,Additional Requirements: None,https://www.ucb.ac.uk/study/courses/college/access-to-higher-education-diploma-computer-science/,ucb.xlsx
University College Birmingham,Birmingham,https://www.accesstohe.ac.uk/home,access-to-higher-education-diploma-business,Foundation,56,None,"UCAS Relevant Qualification: ""Access to Higher Education Diploma (Business)""",None,None,None,None,None,None,None,None,None,None,None,None,None,None,None,None,4 (C) in English and Maths,"English, Maths",4,None,None,None,None,None,None,None,None,None,None,None,None,None,None,None,None,None,None,None,None,None,None,None,None,None,None,None,None,None,None,None,None,None,None,None,None,None,Additional Requirements: None,https://www.ucb.ac.uk/study/courses/college/access-to-higher-education-diploma-business/,ucb.xlsx
University College Birmingham,Birmingham,https://www.ucb.ac.uk/courses/psychology-bsc-hons/,psychology-bsc-hons,Bachelor's,96 UCAS Tariff points,None,A-levels: An A-level grade profile of CCCT; T-levels: A T-level graded Pass with a core component of grade C; BTEC: A BTEC grade profile of MMM. This can be achieved from either an Extended Diploma or a combination of smaller BTEC qualifications; Access to Higher Education Diploma: 96 UCAS Tariff points including a minimum of 15 Level 3 credits at Distinction,CCCT,None,None,None,None,None,MMM,Pass,None,None,None,None,None,None,None,None,English and maths GCSE at grade C/grade 4 or above (or equivalent),"English, Maths",C or 4,None,None,None,None,None,None,None,None,None,None,None,None,None,None,None,None,None,None,None,None,None,None,None,None,None,None,None,None,None,None,None,None,None,None,None,None,None,"Students on this course are subject to the BPS Code of Professional Conduct and University Fitness to Practise Policy, together with a Disclosure and Barring Service (DBS) check. University College Birmingham will co-ordinate and fund the completion of the DBS check.",https://www.ucb.ac.uk/study/courses/undergraduate/psychology-bsc-hons/,ucb.xlsx
University College Birmingham,Birmingham,https://www.ucb.ac.uk/courses/sport-and-exercise-science-level-3,sport-and-exercise-science-level-3,Foundation,128,None,"UCAS Relevant Qualification: ""5 GCSEs at grade 4 (grade C) including English (Language or Literature), Maths and Science, or equivalent.""",None,None,None,None,None,None,Passes,None,None,None,None,None,None,None,None,None,5C,"English, Maths, Science",C or 4,None,None,None,None,None,None,None,None,CACHE Technical Level 3 Requirement: None,None,None,None,None,None,None,None,None,None,None,None,None,None,None,None,None,None,None,None,None,None,None,None,None,None,None,None,None,"Additional Requirements:
Guaranteed progression: ""Students who achieve 128 UCAS points from this qualification will be automatically guaranteed an interview for Physiotherapy BSc (Hons) at University College Birmingham.""
Uniform and kit costs: ""This course requires a uniform and kit costing approximately £50, depending on the items you purchase.""
",https://www.ucb.ac.uk/study/courses/college/sport-and-exercise-science-level-3/,ucb.xlsx
University College Birmingham,Birmingham,https://www.ucb.ac.uk/courses/computer-science-a-level,computer-science-a-level,A-level,56,None,"UCAS Relevant Qualification: ""A minimum of five GCSE subjects at grade 5 or higher, including GCSE English Literature or Language and Maths.""",None,None,None,None,None,None,None,None,None,None,None,None,None,None,None,None,5C,"English, Maths",None,None,None,None,None,None,None,None,None,CACHE Technical Level 3 Requirement: None,None,None,None,None,None,None,None,None,None,None,None,None,None,None,None,None,None,None,None,None,None,None,None,None,None,None,None,None,Additional Requirements: None,https://www.ucb.ac.uk/study/courses/sixth-form/computer-science-a-level/,ucb.xlsx
University College Birmingham,Birmingham,https://www.ucb.ac.uk/courses/international-foundation-diploma,international-foundation-diploma,Foundation,None,None,UCAS Relevant Qualification: None,None,None,None,None,None,None,None,None,None,None,None,None,None,None,None,None,None,None,None,None,None,None,None,None,None,None,None,CACHE Technical Level 3 Requirement: None,None,None,None,None,None,None,None,None,None,None,None,None,None,None,Accepted,None,None,None,5.0,4.5,None,None,None,None,None,None,None,None,"Tuition Fees: £10,000 for 2024/2025, £10,500 for 2025/2026; Guaranteed progression to undergraduate courses upon successful completion.",https://www.ucb.ac.uk/study/courses/undergraduate/international-foundation-diploma/,ucb.xlsx
University College Birmingham,Birmingham,https://www.example.com,architectural-technology-higher-national-certificate,Higher National Certificate,32,None,"UCAS Relevant Qualification: ""A-levels: An A-level grade profile of EE. T-levels: A T-level graded Pass. BTEC: A BTEC grade profile of PP. Apprenticeship: Achieve an advanced apprenticeship (Level 3). Access to Higher Education Diploma: 32 UCAS Tariff points.""",EE,None,None,None,None,None,None,None,None,None,None,Level 3,None,None,None,None,9-4/A*-C in Maths and English,"Maths, English Language",9-4/A*-C,Pass,None,"Design and Development for Engineering and Manufacturing, Design, Surveying and Planning for Construction",None,None,Minimum of 3 years' relevant work experience,None,None,CACHE Technical Level 3 Requirement: None,None,None,None,None,None,None,None,None,None,None,None,None,None,None,None,None,None,None,None,None,None,None,None,None,None,None,None,None,Additional Requirements: None,https://www.ucb.ac.uk/study/courses/undergraduate/architectural-technology-higher-national-certificate/,ucb.xlsx
University College Birmingham,Birmingham,https://www.bcu.ac.uk/courses/pre-sessional-english-course,pre-sessional-english-course,Bachelor's,None,None,"IELTS, TOEFL, PTE, Duolingo, UCB English Proficiency Test",None,None,None,None,None,None,None,None,None,None,None,None,None,None,None,None,None,None,None,None,None,None,None,None,None,None,None,None,None,None,None,None,None,None,None,None,None,None,None,None,None,None,None,None,None,None,Overall score of 4.5 with no less than 4.0,None,None,None,70,None,None,None,"Overall 54 (R4, L9, S16, W15)","Overall 43, with no less than 43","Entry requirements: Online Pre-sessional (12 weeks) IELTS and IELTS Indicator Overall score of 4.5 with no less than 4.0 UCB English Proficiency Test Overall score of B1 with no less than B1 TOEFL iBT & TOEFL iBT Home Overall 54 (R4, L9, S16, W15) Language Cert SELT Language Cert SELT B1, Overall 39, with no less than 33 Language Cert International ESOL Language Cert International ESOL B1, Overall Pass, with no less than 25. PTE Academic / UKVI (including Online) Overall 43, with no less than 43 Password English Test (including Password Skills Plus Test) Overall 4.5, with no less than 4.0 Duolingo English Test Score: 70.",https://www.ucb.ac.uk/study/courses/undergraduate/pre-sessional-english-course/,ucb.xlsx
University College Birmingham,Birmingham,https://www.example.com,aviation-and-airport-management,Bachelor's,None,None,"A relevant HND or a foundation degree in the areas of Aviation Operations, Air Transport Management or Air Transport Operations and Tourism, with 240 credits.",None,None,None,None,None,None,None,None,None,None,None,None,None,None,None,None,None,None,None,None,None,None,None,None,None,None,None,None,None,None,None,None,None,None,None,None,None,None,None,None,None,None,None,None,None,None,None,None,None,None,None,None,None,None,None,None,"Entry requirements: Academic: A relevant HND or a foundation degree in the areas of Aviation Operations, Air Transport Management or Air Transport Operations and Tourism, with 240 credits. International students Academic: European and International qualifications studied in a relevant subject matter will also be considered. Applicants will need to have achieved 120 ECTS or equivalent (European Credit Transfer). If you are unsure if your previous qualification is suitable, please contact us before completing an application.",https://www.ucb.ac.uk/study/courses/top-up/aviation-and-airport-management-ba-hons-top-up/,ucb.xlsx
University College Birmingham,Birmingham,https://www.ucb.ac.uk/courses/postgraduate/strength-conditioning-and-performance-msc/,strength-conditioning-and-performance-msc,Master's,None,None,A subject-related UK or International honours degree from a recognised institution.,2:2,None,None,None,None,None,None,None,None,None,None,None,None,None,None,None,None,None,None,None,None,None,None,Second Lower,"Five years of relevant managerial work experience, demonstrating in-depth knowledge of the sector for the subject matter you are interested in pursuing.",None,None,None,None,None,None,None,None,None,None,None,None,None,None,None,None,None,None,None,None,None,None,None,None,None,None,None,None,None,None,None,"If your degree is not related and you do not have relevant managerial work experience, please contact Admissions so that we can discuss your application on an individual basis before you apply.",https://www.ucb.ac.uk/study/courses/postgraduate/strength-conditioning-and-performance-msc/,ucb.xlsx
University College Birmingham,Birmingham,https://www.example.com,health-and-social-care-extended-certificate,Extended Certificate,56,https://www.example.com,"UCAS Relevant Qualification: ""4 GCSE at grade 5 or above, including GCSE in English (Language or Literature) and Maths""",None,None,None,None,None,None,None,None,None,None,None,None,None,None,None,None,4 GCSE at grade 5 or above,"English, Maths",None,None,None,None,None,None,None,None,None,CACHE Technical Level 3 Requirement: None,None,None,None,None,None,None,None,None,None,None,None,None,None,None,None,None,None,None,None,None,None,None,None,None,None,None,None,None,Additional Requirements: None,https://www.ucb.ac.uk/study/courses/sixth-form/health-and-social-care-extended-certificate/,ucb.xlsx
University College Birmingham,Birmingham,https://www.ucb.ac.uk/courses/prosthetics-for-screen-and-stage-ba-hons,prosthetics-for-screen-and-stage,Bachelor's,96 UCAS Tariff points,None,"A combination of acceptable Level 3 qualifications such as A-levels, T Levels, or BTEC Diplomas.",CCC,Art and Design,C,None,None,None,MMM,Pass,None,None,None,Level 3,None,None,None,None,GCSE/IGCSE maths grades 9-4/A*-C or equivalent,Mathematics,C or 4,None,None,None,None,None,None,None,None,None,None,None,None,None,None,None,None,None,None,None,None,None,None,None,None,None,Required,Required,None,None,None,None,None,None,None,None,None,None,Interview required for applicants without a related subject background.,https://www.ucb.ac.uk/study/courses/undergraduate/prosthetics-for-screen-and-stage-ba-hons-fda/,ucb.xlsx
University College Birmingham,Birmingham,https://www.ucb.ac.uk/courses/site-carpentry-level-3,site-carpentry-level-3,Bachelor's,None,None,"4 GCSEs at grade 4 (grade C) or above including English (Language or Literature) and Maths, or equivalent and a successful completion of a Level 2 Site Carpentry.",None,None,None,None,None,None,None,None,None,None,None,None,None,None,None,None,4 GCSEs at grade 4 (grade C) or above including English (Language or Literature) and Maths,"English, Maths",4,None,None,None,None,None,None,None,None,None,None,None,None,None,None,None,None,None,None,None,None,None,None,None,None,None,None,None,None,None,None,None,None,None,None,None,None,None,"Age requirements: This course is funded for students aged 19+ only. If you're aged 16-18 at the start of the course, you will not be able to enrol on this course and will need to find an alternative. Supporting documents required: School applicants will be required to provide a good school report, which must include attendance. This will be assessed in conjunction with your qualifications and application during the confirmation of your place at University College Birmingham. If you are a school leaver (over 19), you will be required to provide a reference from a previous education provider or employer in support of your application.",https://www.ucb.ac.uk/study/courses/college/site-carpentry-level-3/,ucb.xlsx
University of Suffolk,Ipswich,None,None,Bachelor's,None,None,None,None,None,None,None,None,None,None,None,None,None,None,None,None,None,None,None,None,None,None,None,None,None,None,None,None,None,None,None,None,None,None,None,None,None,None,None,None,None,None,None,None,None,None,None,None,None,None,None,None,None,None,None,None,None,None,None,None,https://www.uos.ac.uk/study/why-choose-the-university-of-suffolk/,uos.xlsx
University of Suffolk,Ipswich,None,Physical Assessment,Bachelor's,None,None,None,None,None,None,None,None,None,None,None,None,None,None,None,None,None,None,None,None,None,None,None,None,None,None,None,None,None,None,None,None,None,None,None,None,None,None,None,None,None,None,None,None,None,None,None,None,None,None,None,None,None,None,None,None,None,None,None,"Course details table Level: Level 6 Duration: One semester, 200 study hours. Session times 9:00am to 4pm. Location: Ipswich. Overview: The Government's plan for modernisation (DOH 2000) recognises that a more efficient system of healthcare is needed if improvements in patient care are to be achieved. Demarcations in role are becoming less distinct as a faster, more efficient service is sought. Essential to these changes is the ability of healthcare practitioners, other than Doctor's, to perform accurate physical assessment and examination allowing for speedier referral, diagnosis and treatment. Models of patient assessment strategies based on robust clinical supervision and the achievement of competencies appropriate for the area of practice will be examined from a range of professional viewpoints. Students will be encouraged to look at their skills of patient assessment relative to their own clinical area. The module will take a building block approach to allow students to debate, analyse and evaluate the theories underpinning the role of the Health Care Practitioner, particularly in relation to the physical assessment of the patient at what often is, the first point of contact. This module can be taken as an optional module. Who is this module aimed at? This module therefore, is aimed at senior Nurses, Paramedics, Radiographers and all professions allied to healthcare who are in a clinical position to initiate the physical assessment process. Prerequisites: There are no specific pre-requisites for this module although the opportunity to practice physical assessments during the module would be beneficial.",https://www.uos.ac.uk/study/cpd-physical-assessment/,uos.xlsx
University of Suffolk,Ipswich,https://www.uos.ac.uk/courses/msc-diagnostic-radiography-pre-registration,diagnostic-radiography-pre-registration,Master's,None,None,"BSc (Hons) or BA (Hons) degree or equivalent in a range of disciplines including Biomedical Science, Forensic Science, Nutrition and Human Health, Sports Science, Biology, Chemistry, Physics, Psychology, Sociology, and Criminology.",None,None,None,None,None,None,None,None,None,None,None,None,None,None,None,None,5 GCSEs at grade 4/C or above,"Mathematics, English, Science",4,None,None,None,None,None,None,None,None,None,None,None,None,None,None,None,None,None,None,None,None,HCPC,None,None,None,None,None,None,7.0,6.5,None,None,None,None,Accepted,Accepted,None,None,None,https://www.uos.ac.uk/study/msc-diagnostic-radiography-preregistration/,uos.xlsx
University of Suffolk,Ipswich,https://www.uos.ac.uk/courses/advanced-clinical-practice,advanced-clinical-practice,Master's,None,None,"UCAS Relevant Qualification: 120 credits at Honours academic level, or show an ability to work successfully at Masters level.",None,None,None,None,None,None,None,None,None,None,None,None,None,None,None,None,None,None,None,None,None,None,None,None,Minimum two years post registration experience with minimum six months experience in the relevant clinical speciality,None,None,None,None,None,None,None,None,None,None,None,None,None,None,"NMC, HCPC",None,None,None,None,None,None,None,None,None,None,None,None,None,None,None,None,Additional Requirements: None,https://www.uos.ac.uk/study/msc-advanced-clinical-practice/,uos.xlsx
University of Suffolk,Ipswich,https://www.example.com,psychology,Master's,None,None,An undergraduate degree with a minimum classification of 2:2,None,None,None,None,None,None,None,None,None,None,None,None,None,None,None,None,None,None,None,None,None,None,None,Second Lower,None,None,None,None,None,None,None,None,None,None,None,None,None,None,None,BPS,None,None,None,None,None,None,None,None,None,None,None,None,None,None,None,None,None,https://www.uos.ac.uk/study/msc-psychology/,uos.xlsx
University of Suffolk,Great Yarmouth,https://www.uos.ac.uk/courses/postgraduate-certificate-in-education,postgraduate-certificate-in-education,Postgraduate,None,None,An honours degree or equivalent qualification; Level 3 subject qualification such as Higher National Certificate or Diploma; Full City and Guilds Technological Certificate; Royal Society of Arts Advanced Award; G/NVQ III/IV Award; Other qualifications of equivalent standards to those listed above.,None,None,None,None,None,None,None,None,None,None,None,None,None,None,None,None,Grade C/4 or above in GCSE English and Maths,"English, Maths",C or 4,None,None,None,None,None,None,None,None,None,None,None,None,None,None,None,None,None,None,None,None,None,None,None,None,None,None,Required,None,None,None,None,None,None,None,None,None,None,"DBS check: ""Satisfactory""
Teaching placement: ""Appropriate""
Subject specific mentor: ""Required""",https://www.uos.ac.uk/study/certificate-education-pgce/,uos.xlsx
University of Suffolk,Ipswich,https://www.uos.ac.uk/courses/sport-performance-analysis-bsc-hons,sport-performance-analysis,Bachelor's,112 UCAS tariff points (or above),None,"BBC (A-Level), DMM (BTEC), Merit (T Level), Pass in Access to HE Diploma",BBC,"Science subject (may include P.E., Psychology or Sport Science)",None,None,None,None,DMM (BTEC),Pass (96 UCAS points),None,None,None,None,None,None,None,None,GCSE English and Maths at Grade C/4 or above (or Level 2 equivalents),"English, Maths",C or 4,None,None,None,None,None,None,None,None,None,None,None,None,None,None,None,None,None,None,None,None,None,None,None,None,None,None,None,6.0 overall (minimum 5.5 in all components),None,None,None,None,None,None,None,None,None,None,https://www.uos.ac.uk/study/bsc-sport-performance-analysis/,uos.xlsx
University of Suffolk,None,None,None,Bachelor's,None,None,None,None,None,None,None,None,None,None,None,None,None,None,None,None,None,None,None,None,None,None,None,None,None,None,None,None,None,None,None,None,None,None,None,None,None,None,None,None,None,None,None,None,None,None,None,None,None,None,None,None,None,None,None,None,None,None,None,None,https://www.uos.ac.uk/study/search-for-a-course/undergraduate/nursing-midwifery-and-public-health/,uos.xlsx
University of Suffolk,None,None,None,Bachelor's,None,None,None,None,None,None,None,None,None,None,None,None,None,None,None,None,None,None,None,None,None,None,None,None,None,None,None,None,None,None,None,None,None,None,None,None,None,None,None,None,None,None,None,None,None,None,None,None,None,None,None,None,None,None,None,None,None,None,None,"Recognition of Prior Learning (RPL): ""Available for prior certificated learning (RPCL) and prior experiential learning (RPEL).""",https://www.uos.ac.uk/study/undergraduate-study/applying-for-a-course/recognition-of-prior-learning/,uos.xlsx
University of Suffolk,Ipswich,https://www.uos.ac.uk/courses/msc-public-health-nursing,public-health-nursing,Master's,None,None,UCAS Relevant Qualification: None,None,None,None,None,None,None,None,None,None,None,None,None,None,None,None,None,None,None,None,None,None,None,None,None,None,None,None,None,None,None,None,None,None,None,None,None,None,None,None,NMC,None,None,None,None,None,None,None,None,None,None,None,None,None,None,None,None,Additional Requirements: None,https://www.uos.ac.uk/study/msc-public-health-nursing/,uos.xlsx
University of Suffolk,Ipswich,None,None,Postgraduate,None,None,None,None,None,None,None,None,None,None,None,None,None,None,None,None,None,None,None,None,None,None,None,None,None,None,None,None,None,None,None,None,None,None,None,None,None,None,None,None,None,None,None,None,None,None,None,None,None,None,None,None,None,None,None,None,None,None,None,None,https://www.uos.ac.uk/study/search-for-a-course/postgraduate/technology-business-and-arts/,uos.xlsx
University of Suffolk,Ipswich,None,None,Bachelor's,None,None,None,None,None,None,None,None,None,None,None,None,None,None,None,None,None,None,None,None,None,None,None,None,None,None,None,None,None,None,None,None,None,None,None,None,None,None,None,None,None,None,None,None,None,None,None,None,None,None,None,None,None,None,None,None,None,None,None,None,https://www.uos.ac.uk/study/search-for-a-course/undergraduate/technology-business-and-arts/,uos.xlsx
University of Suffolk,Ipswich,None,None,Bachelor's,None,None,None,None,None,None,None,None,None,None,None,None,None,None,None,None,None,None,None,None,None,None,None,None,None,None,None,None,None,None,None,None,None,None,None,None,None,None,None,None,None,None,None,None,None,None,None,None,None,None,None,None,None,None,None,None,None,None,None,None,https://www.uos.ac.uk/study/search-for-a-course/undergraduate/,uos.xlsx
University of Suffolk,Ipswich,https://www.uos.ac.uk/studyCPD/Short-Course/Non-Medical-Independent-and-or-Supplementary-Prescribing-V300,non-medical-independent-and-or-supplementary-prescribing,Bachelor's,None,None,"Qualified for a minimum of ONE year, Previous study at level 6 (undergraduate degree level) is a basic entry requirement, ideally holding a full level 6 UG degree with 120 credits, strong NMC applicants without a full UG degree may be considered if they have achieved at least 40 credits within 3 years, with at least 20 credits at level 7.",None,None,None,None,None,None,None,None,None,None,None,None,None,None,None,None,None,None,None,None,None,None,None,None,"Experience in a UK health care setting and an ability to recognize, understand and articulate the skills and attributes required by a prescriber.",None,None,None,None,None,None,None,None,None,Accepted,None,None,None,None,None,None,None,None,None,None,Required,None,None,None,None,None,None,Accepted,Accepted,None,None,"DBS Certificate is required, Fitness to practice / health requirements, Disclosure and Barring Service check (DBS) in England/Wales or AccessNI check (in Northern Ireland) is required.",https://www.uos.ac.uk/study/cpd-non-medical-prescribing-v300/,uos.xlsx
University of Suffolk,Ipswich,https://www.uos.ac.uk/courses/ba-hons-screenwriting,screenwriting,Bachelor's,None,None,"UCAS Relevant Qualification: ""A combination of acceptable Level 3 qualifications such as A-levels, T Levels, or BTEC Diplomas.""",None,None,None,None,None,None,None,None,None,None,None,None,None,None,None,Required,None,None,None,None,None,None,None,None,None,None,None,CACHE Technical Level 3 Requirement: None,None,None,None,None,None,None,None,None,None,None,None,None,None,None,None,None,Required,Required,None,None,None,None,None,None,None,None,None,None,"Additional Requirements:
Health Check: ""Mandatory""
Specific Exam Score: ""Minimum 75%""
Additional Requirements: None",https://www.uos.ac.uk/study/ba-screenwriting/student-story/,uos.xlsx
University of Suffolk,Ipswich,https://www.bfi.org.uk/film-academy,bfi-film-academy-short-course,Short Course,None,None,None,None,None,None,None,None,None,None,None,None,None,None,None,None,None,None,None,None,None,None,None,None,None,None,None,None,None,None,None,None,None,None,None,None,None,None,None,None,None,None,None,None,None,None,None,None,None,None,None,None,None,None,None,None,None,None,None,Eligibility: Be aged 16-19 years on the first day of the course. Applicants with an EHC plan may be recruited up to 25 years old. Be a UK resident. Have a passion or talent for filmmaking. Not currently be at university or enrolled at university when the course starts.,https://www.uos.ac.uk/study/ba-digital-film-production/bfi-short-course/,uos.xlsx
University of Suffolk,Ipswich,None,None,None,None,None,None,None,None,None,None,None,None,None,None,None,None,None,None,None,None,None,None,None,None,None,None,None,None,None,None,None,None,None,None,None,None,None,None,None,None,None,None,None,None,None,None,None,None,None,None,None,None,None,None,None,None,None,None,None,None,None,None,Funding options available for study; contact your employers' education and training department for details.,https://www.uos.ac.uk/study/search-for-a-course/cpd-and-short-courses/,uos.xlsx
University of Suffolk,Ipswich,https://www.uos.ac.uk/courses/ba-hons-early-years-and-primary-practice,early-years-and-primary-practice,Bachelor's,None,None,FdA or FdSc (or equivalent),None,None,None,None,None,None,None,None,None,None,None,None,None,None,None,None,GCSE English and Maths at Grade C/4 or above (or Level 2 equivalents),"English, Maths",C/4,None,None,None,None,None,Students are required to be in suitable paid or voluntary employment with children for a minimum of 6(PT)/12(FT) hours per week,None,None,None,None,None,None,None,None,None,None,None,None,None,None,None,None,None,None,None,None,None,6.0 overall (minimum 5.5 in all components),5.5,None,None,None,None,None,None,None,None,None,https://www.uos.ac.uk/study/ba-early-years-primary-practice-pr/,uos.xlsx
University of Suffolk,Ipswich,https://www.uos.ac.uk/courses/psychology-and-counselling-bsc-hons,psychology-and-counselling,Bachelor's,112 UCAS tariff points (or above),None,"BBC (A-Level), DMM (BTEC), Merit (T Level), Pass in Access to HE Diploma",BBC,None,None,None,None,None,DMM,Pass (96 UCAS points),None,None,None,None,None,None,None,None,Grade C/4 or above in GCSE English and Maths,"English, Maths",C/4,None,None,None,None,None,None,None,None,None,None,None,None,None,None,None,None,None,None,None,None,None,None,None,None,None,None,None,6.0,5.5,None,None,None,None,None,None,None,None,None,https://www.uos.ac.uk/study/bsc-psychology-counselling/,uos.xlsx
University of Suffolk,Ipswich,https://www.uos.ac.uk/courses/adult-nursing-bsc-hons,adult-nursing,Bachelor's,None,None,"UCAS Relevant Qualification: A combination of acceptable Level 3 qualifications such as A-levels, T Levels, or BTEC Diplomas.",None,None,None,None,None,None,None,None,None,None,None,None,None,None,None,None,None,None,None,None,None,None,None,None,None,None,None,CACHE Technical Level 3 Requirement: None,None,None,None,None,None,None,None,None,None,None,None,None,None,None,None,None,None,None,None,None,None,None,None,None,None,None,None,None,Additional Requirements: None,https://www.uos.ac.uk/study/bsc-adult-nursing/student-story/,uos.xlsx
University of Suffolk,Ipswich,https://www.uos.ac.uk/courses/ba-hons-history,ba-hons-history,Bachelor's,112 UCAS points (or above),None,"BBC (A-Level), DMM (BTEC), Merit (T Level), Pass in Access to HE Diploma or above",BBC,None,None,None,None,None,DMM,Pass (96 UCAS points),None,None,None,None,None,None,None,None,Grade C/4 in English and Maths,"English, Maths",C or 4,None,None,None,None,None,None,None,None,None,None,None,None,None,None,None,None,None,None,None,None,None,None,None,None,None,None,None,6.0,5.5,None,None,None,None,None,None,None,None,None,https://www.uos.ac.uk/study/ba-history/,uos.xlsx
University of Suffolk,Ipswich,None,None,Bachelor's,None,None,None,None,None,None,None,None,None,None,None,None,None,None,None,None,None,None,None,None,None,None,None,None,None,None,None,None,None,None,None,None,None,None,None,None,None,None,None,None,None,None,None,None,None,None,None,None,None,None,None,None,None,None,None,None,None,None,None,None,https://www.uos.ac.uk/study/undergraduate-study/,uos.xlsx
University of Suffolk,Ipswich,https://www.uos.ac.uk/courses/bsc-hons-wildlife-ecology-and-conservation-science,wildlife-ecology-and-conservation-science,Bachelor's,112 UCAS tariff points (or above),None,"BBC (A-Level), DMM (BTEC), Merit (T Level), Pass in Access to HE Diploma",BBC,None,C,None,None,None,DMM,None,None,None,None,None,None,None,None,None,Grade C/4 or above,"English, Maths",C or 4,Merit,None,None,None,None,None,None,None,None,None,None,None,None,None,None,None,None,None,None,None,None,None,None,None,None,None,None,6.0,5.5,None,None,None,None,None,None,None,None,None,https://www.uos.ac.uk/study/bsc-wildlife-ecology-conservation-science/,uos.xlsx
University of Suffolk,Ipswich,https://www.uos.ac.uk/courses/fda-health-and-wellbeing-nursing-associate,health-and-wellbeing-nursing-associate,Foundation,80 UCAS tariff points (or above),None,"CDD (A-Level), MMP (BTEC), Pass A*-C (T level)",Required,None,None,None,None,None,MMP,Pass,None,None,None,None,None,None,None,None,Five GCSE's at grade C/4 or above including English and Maths at Grade C/4,"English, Maths",C/4,None,None,None,None,None,None,None,None,None,None,None,None,None,None,None,None,None,None,None,None,None,None,None,None,None,None,Required,6.0 (minimum 5.5 in all components),None,None,None,None,None,None,None,None,None,"Successful interview, Satisfactory Health check, Satisfactory Enhanced Disclosure and Barring Service (DBS) check",https://www.uos.ac.uk/study/fda-health-wellbeing-nursing-associate/,uos.xlsx
University of Suffolk,Ipswich,https://www.uos.ac.uk/courses/paramedic-science-bsc-hons,paramedic-science,Bachelor's,112 UCAS tariff points (or above),None,"BBC (A-Level), DMM (BTEC), Merit (T Level), Access to HE Diploma 45 Level 3 credits at Merit grade or above",BBC,None,None,None,None,None,DMM,DMM,None,None,None,None,None,None,None,None,"Five GCSE's at grade C/4 or above including English, Maths and Science at Grade C/4","English, Maths, Science",C/4,None,None,None,None,None,Accepted,None,None,None,None,None,None,None,None,None,None,None,None,None,None,None,None,None,None,None,None,Required,7.0,6.5,None,None,None,None,None,None,None,None,"Successful interview, Satisfactory Health check, Satisfactory Enhanced Disclosure and Barring Service (DBS) check, Two satisfactory references",https://www.uos.ac.uk/study/bsc-paramedic-science/,uos.xlsx
University of Suffolk,Ipswich,None,None,Bachelor's,None,None,None,None,None,None,None,None,None,None,None,None,None,None,None,None,None,None,None,None,None,None,None,None,None,None,None,None,None,None,None,None,None,None,None,None,None,None,None,None,None,None,None,None,None,None,None,None,None,None,None,None,None,None,None,None,None,None,None,None,https://www.uos.ac.uk/study/why-choose-the-university-of-suffolk/the-suffolk-learning-experience/suffolk-learning-hubs/,uos.xlsx
University of Suffolk,Ipswich,https://www.example.com,postgraduate-certificate-in-education-pgce,Postgraduate,None,None,A UK first degree (or equivalent) - normally 2.2 honours or better (or equiv. 360 CAT points),None,None,None,None,None,None,None,None,None,None,None,None,None,None,None,None,Grade C/4 or above in GCSE English and Maths,"English, Maths",C/4,None,None,None,None,Second Lower,None,None,UK ENIC statement required for non-UK qualifications,None,None,None,None,None,None,None,None,None,None,None,None,None,None,None,None,None,None,None,None,None,None,None,None,None,None,None,None,None,"Passion for their subject; Ability to work with young people and/or children; Confidence, motivation, and strong organisation skills; Ability to work constructively with other people in a team; Self-awareness and openness to learning; Ability to communicate in accurate, confident, written and spoken English; Some understanding about teaching and learning; A long-term commitment to teaching as a career.",https://www.uos.ac.uk/study/search-for-a-course/postgraduate/partners/postgraduate-certificate-in-education---pgce-norfolk-essex-suffolk-secondary-nestt/,uos.xlsx
University of Suffolk,Lowestoft,https://www.uos.ac.uk/courses/ba-hons-early-years-and-childhood-studies,early-years-and-childhood-studies,Bachelor's,None,None,FdA or FdSc qualification (or equivalent),None,None,None,None,None,None,None,None,None,None,None,None,None,None,None,None,Grade C/4 or above in GCSE English and Maths,"English, Maths",C or 4,None,None,None,None,None,None,None,None,None,None,None,None,None,None,None,None,None,None,None,None,None,None,None,None,None,None,None,6.0,5.5,None,None,None,None,None,None,None,None,Satisfactory Enhanced Disclosure and Barring Service (DBS) check,https://www.uos.ac.uk/study/ba-early-years-childhood-studies-pr/,uos.xlsx
University of Suffolk,Ipswich,https://www.uos.ac.uk/courses/ba-hons-social-work-degree-apprenticeship,social-work-degree-apprenticeship,Bachelor's,120 UCAS Tariff points (or above),None,"BBB (A-level), DDM (BTEC), Merit (T Level), Access to HE Diploma (in Sociology, Law or Psychology but not essential)",BBB,None,None,None,None,None,DDM (BTEC),None,None,None,None,Required,None,None,None,None,"GCSE English and Maths at grade C/4, or an approved Level 2 equivalent such as Level 2 Functional Skills","English, Maths",C or 4,Merit (T Level),None,None,None,None,"Direct practical experience in a social work, social care or other relevant statutory or voluntary setting will be a distinct advantage at selection stage.",None,None,None,None,None,None,None,None,None,None,None,None,None,None,None,None,None,None,None,None,Successful Interview,7.0 overall,6.5,None,None,None,None,None,None,None,None,"Two satisfactory references; Satisfactory Enhanced Disclosure and Barring Service (DBS) check; Applicants are required to provide additional disclosures concerning current and historical information around Safeguarding, any previous employment concerns or enquiries into standards of professional behaviour.",https://www.uos.ac.uk/study/search-for-a-course/undergraduate/social-sciences-and-humanities/ba-hons-social-work-degree-apprenticeship/,uos.xlsx
University of Suffolk,Ipswich,https://www.uos.ac.uk/courses/bsc-hons-civil-engineering,civil-engineering,Bachelor's,None,None,FdA or FdSc (or equivalent) in relevant subject,None,None,None,None,None,None,None,None,None,None,None,None,None,None,None,None,Grade C/4 or above in GCSE English and Maths,"English, Maths",C or 4,None,None,None,None,None,None,None,None,None,None,None,None,None,None,None,None,None,None,None,None,None,None,None,None,None,None,None,6.0,5.5,None,None,None,None,None,None,None,None,This course is not available to international applicants.,https://www.uos.ac.uk/study/bsc-civil-engineering-py/,uos.xlsx
University of Suffolk,Ipswich,https://www.uos.ac.uk/courses/ba-hons-social-work-degree-apprenticeship,ba-hons-social-work-degree-apprenticeship,Bachelor's,None,None,"A combination of acceptable Level 3 qualifications such as A-levels, T Levels, or BTEC Diplomas.",None,None,None,None,None,None,None,None,None,None,None,Required,None,None,None,None,None,None,None,None,None,None,None,None,None,None,None,None,None,None,None,None,None,None,None,None,None,None,None,None,None,None,None,None,None,None,None,None,None,None,None,None,None,None,None,None,None,https://www.uos.ac.uk/study/search-for-a-course/undergraduate/social-sciences-and-humanities/ba-hons-social-work-degree-apprenticeship/student-story/,uos.xlsx
The University of Suffolk,Ipswich,https://www.uos.ac.uk/courses/ba-hons-fine-art,fine-art,Bachelor's,None,None,"UCAS Relevant Qualification: ""A combination of acceptable Level 3 qualifications such as A-levels, T Levels, or BTEC Diplomas.""",None,None,None,None,None,None,None,None,None,None,None,None,None,None,None,None,None,None,None,None,None,None,None,None,None,None,None,CACHE Technical Level 3 Requirement: None,None,None,None,None,None,None,None,None,None,None,None,None,None,None,None,None,None,None,None,None,None,None,None,None,None,None,None,None,Additional Requirements: None,https://www.uos.ac.uk/study/ba-fine-art/student-story/,uos.xlsx
University of Suffolk,Ipswich,https://www.example.com,games-development,Bachelor's,112 UCAS tariff points (or above),//www.example.com,"BBC (A-Level), DMM (BTEC), Merit (T Level), Pass in Access to HE Diploma",BBC,None,None,None,None,None,DMM,Pass (96 UCAS points),None,None,None,None,None,None,None,None,Grade C/4 or above in GCSE English and Maths,"English, Maths",C or 4,None,None,None,None,None,None,None,None,None,None,None,None,None,None,None,None,None,None,None,None,None,None,None,None,None,None,None,6.0 overall (minimum 5.5 in all components),None,None,None,None,None,None,None,None,None,None,https://www.uos.ac.uk/study/bsc-games-development/,uos.xlsx
University of Suffolk,Ipswich,https://www.uos.ac.uk/courses/ma-creative-and-critical-writing,creative-and-critical-writing,Master's,None,None,"An undergraduate degree with a minimum of 2:2 in a relevant subject. Other qualifications, relevant work and life experience may be taken into account.",None,None,None,None,None,None,None,None,None,None,None,None,None,None,None,None,None,None,None,None,None,None,None,Second Lower,Accepted,None,None,None,None,None,None,None,None,None,None,None,None,None,None,None,None,None,None,None,None,None,None,None,None,None,None,None,Accepted,Accepted,None,None,None,https://www.uos.ac.uk/study/ma-creative-critical-writing/,uos.xlsx
University of Suffolk,Ipswich,https://www.uos.ac.uk/courses/msc-strategic-people-management,msc-strategic-people-management,Master's,None,None,UCAS Relevant Qualification: A Bachelor's Degree in HRM or related field of study (or equivalent).,None,None,None,None,None,None,None,None,None,None,None,None,None,None,None,None,None,None,None,None,None,None,None,None,Evidence of ongoing professional people management experience or other people managerial experience relevant for progression onto the course.,None,None,None,None,None,None,None,None,None,None,None,None,None,None,None,None,None,None,None,None,None,None,None,None,None,None,None,None,None,None,None,Additional Requirements: None,https://www.uos.ac.uk/study/msc-strategic-people-management/,uos.xlsx
University of Suffolk,Ipswich,https://www.uos.ac.uk/courses/graphic-design-ba-hons,graphic-design,Bachelor's,None,None,None,None,None,None,None,None,None,None,None,None,None,None,None,None,None,None,None,None,None,None,None,None,None,None,None,None,None,None,None,None,None,None,None,None,None,None,None,None,None,None,None,None,None,None,None,None,None,None,None,None,None,None,None,None,None,None,None,None,https://www.uos.ac.uk/study/ba-graphic-design/student-story/,uos.xlsx
University of Suffolk,Ipswich,https://www.example.com,digital-and-technology-solutions-professional-degree-apprenticeship-software-engineering,Bachelor's,112 UCAS tariff points (or above),//www.example.com,"BBC (A-Level), DMM (BTEC), Merit (T Level), Pass in Access to HE Diploma",BBC,None,None,None,None,None,DMM,Pass,None,None,None,Required,None,None,None,None,Grade C/4 or above,"English, Maths",C/4,None,None,None,None,None,None,None,None,None,None,None,None,None,None,None,None,None,None,None,None,None,None,None,None,None,None,None,6.0,5.5,None,None,None,None,None,None,None,None,None,https://www.uos.ac.uk/study/search-for-a-course/undergraduate/technology-business-and-arts/digital-and-technology-solutions-professional-degree-apprenticeship-software-engineering/,uos.xlsx
University of Suffolk,Ipswich,https://www.uos.ac.uk/courses/bsc-hons-criminology-and-sociology,criminology-and-sociology,Bachelor's,None,None,None,None,None,None,None,None,None,None,None,None,None,None,None,None,None,None,None,None,None,None,None,None,None,None,None,None,None,None,None,None,None,None,None,None,None,None,None,None,None,None,None,None,None,None,None,None,None,None,None,None,None,None,None,None,None,None,None,None,https://www.uos.ac.uk/study/bsc-criminology-sociology/student-story/,uos.xlsx
University of Suffolk,Ipswich,https://www.example.com,photography,Bachelor's,None,None,UCAS Relevant Qualification: None,None,None,None,None,None,None,None,None,None,None,None,None,None,None,None,None,None,None,None,None,None,None,None,None,None,None,None,CACHE Technical Level 3 Requirement: None,None,None,None,None,None,None,None,None,None,None,None,None,None,None,None,None,None,None,None,None,None,None,None,None,None,None,None,None,Additional Requirements: None,https://www.uos.ac.uk/study/ba-photography/student-story/,uos.xlsx
University of Suffolk,Ipswich,https://www.example.com,law,Bachelor's,112 UCAS tariff points (or above),//www.example.com,"BBC (A-Level), DMM (BTEC), Merit (T Level), Pass in Access to HE Diploma",BBC,None,None,None,None,None,DMM,Pass (96 UCAS points),None,None,None,None,None,None,None,None,Grade C/4 or above in GCSE English and Maths,"English, Maths",C or 4,None,None,None,None,None,None,None,None,None,None,None,None,None,None,None,None,None,None,None,None,None,None,None,None,None,None,None,6.0,5.5,None,None,None,None,None,None,None,None,None,https://www.uos.ac.uk/study/llb-law/,uos.xlsx
University of Suffolk,East Coast College (Great Yarmouth),https://www.example.com,sport-health-and-exercise,Bachelor's,None,None,FdA or FdSc,None,None,None,None,None,None,None,None,None,None,None,None,None,None,None,None,GCSE English and Maths at grade C/4 or above,"English, Maths",C/4,None,None,None,None,None,None,None,None,None,None,None,None,None,None,None,None,None,None,None,None,None,None,None,None,None,None,None,6.0,5.5,None,None,None,None,None,None,None,None,None,https://www.uos.ac.uk/study/bsc-sport-health-exercise/,uos.xlsx
University of Suffolk,None,None,dental-hygiene-and-dental-therapy,Bachelor's,None,None,None,None,None,None,None,None,None,None,None,None,None,None,None,None,None,None,None,None,None,None,None,None,None,None,None,None,None,None,None,None,None,None,None,None,None,None,None,None,None,None,None,None,None,None,None,None,None,None,None,None,None,None,None,None,None,None,None,"Dental Hygiene and Dental Therapy: ""New BSc course launched in early 2024""",https://www.uos.ac.uk/study/search-for-a-course/undergraduate/allied-health-sciences/,uos.xlsx
University of Salford,"Salford, UK",https://www.uos.ac.uk/courses/ba-hons-childhood-primary-education-with-qts,ba-hons-childhood-primary-education-with-qts,Bachelor's,None,None,"UCAS Relevant Qualification: A combination of acceptable Level 3 qualifications such as A-levels, T Levels, or BTEC Diplomas.",Required,None,None,None,None,None,None,None,None,None,None,None,None,None,None,None,None,None,None,None,None,None,None,None,None,None,None,CACHE Technical Level 3 Requirement: None,None,None,None,None,None,None,None,None,None,None,None,None,None,None,None,None,None,None,None,None,None,None,None,None,None,None,None,None,Additional Requirements: None,https://www.uos.ac.uk/study/ba-childhood-primary-education-qts/student-story/,uos.xlsx
University of Suffolk,Ipswich,https://www.uos.ac.uk/studyCPD/Short-Course/Sensory-Strategies-to-Manage-Behaviour-and-Support-Learning,sensory-strategies-to-manage-behaviour-and-support-learning,Short Course,None,None,None,None,None,None,None,None,None,None,None,None,None,None,None,None,None,None,None,None,None,None,None,None,None,None,None,None,None,None,None,None,None,None,None,None,None,None,None,None,None,None,None,None,None,None,None,None,None,None,None,None,None,None,None,None,None,None,None,None,https://www.uos.ac.uk/study/search-for-a-course/cpd-and-short-courses/sensory-strategies-to-manage-behaviour-and-support-learning/,uos.xlsx
University of Suffolk,None,None,law,Bachelor's,None,None,None,None,None,None,None,None,None,None,None,None,None,None,None,None,None,None,None,None,None,None,None,None,None,None,None,None,None,None,None,None,None,None,None,None,None,None,None,None,None,None,None,None,None,None,None,None,None,None,None,None,None,None,None,None,None,None,None,None,https://www.uos.ac.uk/study/llb-law/student-story/,uos.xlsx
University of Suffolk,Ipswich,https://www.uos.ac.uk/courses/history-ba-hons,history,Bachelor's,None,None,UCAS Relevant Qualification: None,None,None,None,None,None,None,None,None,None,None,None,None,None,None,None,None,None,None,None,None,None,None,None,None,None,None,None,CACHE Technical Level 3 Requirement: None,None,None,None,None,None,None,None,None,None,None,None,None,None,None,None,None,None,None,None,None,None,None,None,None,None,None,None,None,Additional Requirements: None,https://www.uos.ac.uk/study/ba-history/student-story/,uos.xlsx
University of Suffolk,Ipswich,None,None,Postgraduate,None,None,None,None,None,None,None,None,None,None,None,None,None,None,None,None,None,None,None,None,None,None,None,None,None,None,None,None,None,None,None,None,None,None,None,None,None,None,None,None,None,None,None,None,None,None,None,None,None,None,None,None,None,None,None,None,None,None,None,None,https://www.uos.ac.uk/study/search-for-a-course/postgraduate/,uos.xlsx
University of Suffolk,Ipswich,None,None,Postgraduate,None,None,None,None,None,None,None,None,None,None,None,None,None,None,None,None,None,None,None,None,None,None,None,None,None,None,None,None,None,None,None,None,None,None,None,None,None,None,None,None,None,None,None,None,None,None,None,None,None,None,None,None,None,None,None,None,None,None,None,None,https://www.uos.ac.uk/study/search-for-a-course/postgraduate/allied-health-and-science/,uos.xlsx
University of Suffolk,Great Yarmouth,https://www.example.com,conservation-science-and-animal-management-wildlife-and-zoo,Foundation,80,None,"UCAS Relevant Qualification: ""CDD (A-Level), MMP (BTEC), Pass A*-C (T Level), Pass in Access to HE Diploma""",None,None,None,None,None,None,None,None,None,None,None,None,None,None,None,None,C/4 or above,"English, Maths",C or 4,None,None,None,None,None,None,None,None,None,None,None,None,None,None,None,None,None,None,None,None,None,None,None,None,None,None,None,6.0,5.5,None,None,None,None,None,None,None,None,Additional Requirements: None,https://www.uos.ac.uk/study/fdsc-conservation-sci-animal-management/,uos.xlsx
University of Suffolk,"Ipswich, Great Yarmouth",https://www.uos.ac.uk,honours-and-foundation-degrees,Bachelor's,None,None,None,None,None,None,None,None,None,None,None,None,None,None,None,None,None,None,None,None,None,None,None,None,None,None,None,None,None,None,None,None,None,None,None,None,None,None,None,None,None,None,None,None,None,None,None,None,None,None,None,None,None,None,None,None,None,None,None,"Partner Colleges: We currently work in partnership with two local Further Education Colleges located in the region to offer the opportunity for students to study at their local college and obtain a recognised University of Suffolk award; the University of Suffolk at Suffolk New College located next to the main University campus in Ipswich, and the University of Suffolk at East Coast College located in Lowestoft and Great Yarmouth. Students can study a range of higher education qualifications, including Honours and Foundation degrees, with many courses developed in collaboration with local businesses. These courses are validated by the University, and we work closely with each partner college to ensure that students benefit from a high-quality learning experience. Our partner colleges provide access to higher education ‘on the doorstep' of many young and mature students in Suffolk and Great Yarmouth, but also attract students from further afield who are interested in a particular course or keen to enjoy the distinctive environments offered by each partner college.",https://www.uos.ac.uk/study/search-for-a-course/undergraduate/partner-colleges/,uos.xlsx
University of Suffolk,Ipswich,None,None,None,None,None,None,None,None,None,None,None,None,None,None,None,None,None,None,None,None,None,None,None,None,None,None,None,None,None,None,None,None,None,None,None,None,None,None,None,None,None,None,None,None,None,None,None,None,None,None,None,None,None,None,None,None,None,None,None,None,None,None,"Financial Support for Visiting the University: ""Reimbursement of up to £50 against travel costs for eligible students.""",https://www.uos.ac.uk/study/undergraduate-study/applying-for-a-course/financial-support-for-visiting-the-university/,uos.xlsx
University of Suffolk,Ipswich,https://www.uos.ac.uk/courses/ba-hons-social-work,social-work,Bachelor's,112 UCAS Tariff points (or above),None,"BBC (A-level), DMM (BTEC), Merit (T Level), Access to HE Diploma (in Sociology, Law or Psychology but not essential)",BBC,None,None,None,None,None,DMM,DMM,None,None,None,None,None,None,None,None,"GCSE English and Maths at grade C/4, or an approved Level 2 equivalent such as Level 2 Functional Skills","English, Maths",C/4,None,None,None,None,None,"Direct practical experience in a social work, social care or other relevant statutory or voluntary setting will be a distinct advantage at selection stage.",None,None,None,None,None,None,None,None,None,None,None,None,None,None,None,None,None,None,None,None,Required,7.0,None,None,None,None,None,None,None,None,None,"Successful Interview, Two satisfactory references, Satisfactory Enhanced Disclosure and Barring Service (DBS) check.",https://www.uos.ac.uk/study/ba-social-work/,uos.xlsx
University of Suffolk,Ipswich,https://www.uos.ac.uk/courses/ba-hons-english,english,Bachelor's,112 UCAS tariff points (or above),None,"BBC (A-Level), DMM (BTEC), Merit (T Level), Pass in Access to HE Diploma",BBC,None,None,None,None,None,DMM,Pass (96 UCAS points),None,None,None,None,None,None,None,None,Grade C/4 or above in GCSE English and Maths,"English, Maths",C or 4,None,None,None,None,None,None,None,None,None,None,None,None,None,None,None,None,None,None,None,None,None,None,None,None,None,None,None,6.0,5.5,None,None,None,None,None,None,None,None,None,https://www.uos.ac.uk/study/ba-english/,uos.xlsx
University of Suffolk,Ipswich,https://www.uos.ac.uk/courses/nutrition-and-human-health-bsc-hons,nutrition-and-human-health,Bachelor's,80 UCAS tariff points (or above),None,"CDD (A-Level), MMP (BTEC), Pass A*-C (T Level), Pass in Access to HE Diploma",CDD,None,None,None,None,None,MMP,Pass (80 UCAS points),None,None,None,None,None,None,None,None,Grade C/4 or above in GCSE English and Maths,"English, Maths",C or 4,None,None,None,None,None,None,None,None,None,None,None,None,None,None,None,None,None,None,None,None,None,None,None,None,None,None,None,6.0,5.5,None,None,None,None,None,None,None,None,None,https://www.uos.ac.uk/study/bsc-nutrition-human-health-fy/,uos.xlsx
University of Suffolk,Ipswich,https://www.example.com,community-nursing,Master's,None,None,"UCAS Relevant Qualification: ""Relevant Post Graduate Diploma in Community Nursing""",None,None,None,None,None,None,None,None,None,None,None,None,None,None,None,None,None,None,None,None,None,None,None,None,None,None,None,None,None,None,None,None,None,None,None,None,None,None,None,None,None,None,None,None,None,None,None,None,None,None,None,None,None,None,None,None,Additional Requirements: None,https://www.uos.ac.uk/study/search-for-a-course/postgraduate/nursing-midwifery-and-public-health/msc-community-nursing/,uos.xlsx
University of Suffolk,Ipswich,https://www.uos.ac.uk/courses/psychology-and-criminology-bsc-hons,psychology-and-criminology,Bachelor's,None,None,"A combination of acceptable Level 3 qualifications such as A-levels, T Levels, or BTEC Diplomas.",Required,None,None,None,None,None,None,None,None,None,None,None,None,None,None,None,None,None,None,None,None,None,None,None,None,None,None,None,None,None,None,None,None,None,None,None,None,None,None,None,None,None,None,None,None,None,None,None,None,None,None,None,None,None,None,None,None,https://www.uos.ac.uk/study/bsc-psychology-criminology/student-story/,uos.xlsx
University of Suffolk,Ipswich,None,education-studies,Master's,None,None,None,None,None,None,None,None,None,None,None,None,None,None,None,None,None,None,None,None,None,None,None,None,None,None,None,None,None,None,None,None,None,None,None,None,None,None,None,None,None,None,None,None,None,None,None,None,None,None,None,None,None,None,None,None,None,None,None,None,https://www.uos.ac.uk/study/ma-education-studies/student-story/,uos.xlsx
University of Suffolk,Ipswich,None,insights-into-counselling,Short Course,None,None,None,None,None,None,None,None,None,None,None,None,None,None,None,None,None,None,None,None,None,None,None,None,None,None,None,None,None,None,None,None,None,None,None,None,None,None,None,None,None,None,None,None,None,None,None,None,None,None,None,None,None,None,None,None,None,None,None,"Course Duration: 10 sessions
Course Cost: £400
Discount for UOS Alumni and Suffolk Chamber of Commerce members: 10%",https://www.uos.ac.uk/study/cpd-insights-counselling/,uos.xlsx
University of Suffolk,Suffolk,https://www.uos.ac.uk/courses/bsc-hons-civil-engineering-degree-apprenticeship,civil-engineering-degree-apprenticeship,Bachelor's,112 UCAS points,None,A combination of acceptable Level 3 qualifications or sufficient work experience and maturity to become a degree apprentice.,None,None,None,None,None,None,None,None,None,None,None,Required,None,None,None,None,Minimum of level 2 English and Maths or ability to achieve this prior to taking the EPA.,None,None,None,None,None,None,None,None,None,None,None,None,None,None,None,None,None,None,None,None,None,None,None,None,None,None,None,None,Required,None,None,None,None,None,None,None,None,None,None,Maths at level 3 or demonstration of capability to study maths at level 4/5 through completion of a pre-course assessment. Applicants may be expected to attend an interview as part of the application process. Apprentices will be expected to be in employment in order to undertake this course.,https://www.uos.ac.uk/study/search-for-a-course/undergraduate/partner-colleges/snc/-bsc-hons-civil-engineering-degree-apprenticeship/,uos.xlsx
University of Suffolk,Ipswich,https://www.uos.ac.uk/courses/physiotherapy-bsc-hons,physiotherapy,Bachelor's,120 UCAS tariff points (or above),None,"BBB (A-Level), DDM (BTEC), Merit (T Level), Access to HE Diploma 45 Level 3 credits at Merit grade or above",BBB,"One A-Level should be a minimum of a grade C in a science subject, for example Biology, Human Biology, Physics, PE, Sociology, Psychology, Chemistry or Sports Science",C,None,None,None,DDM (BTEC),None,None,None,None,None,None,None,None,None,"Five GCSE's at grade C/4 or above including English, Maths and Science at Grade C/4","English, Maths, Science",C or 4,None,None,None,None,None,None,None,None,None,None,None,None,None,None,None,None,None,None,None,None,None,None,None,None,None,Required,Required,7.0,None,None,None,None,None,None,None,None,None,"Satisfactory health check, Satisfactory enhanced Disclosure and Barring Service check, One satisfactory academic or employment reference.",https://www.uos.ac.uk/study/bsc-physiotherapy/,uos.xlsx
University of Suffolk,Ipswich,None,social-work-practice-education,Postgraduate,None,None,"Hold a recognised social work qualification and have held this qualification for at least two years, with at least two years post-qualifying professional experience.",None,None,None,None,None,None,None,None,None,None,None,None,None,None,None,None,None,None,None,None,None,None,None,None,Registered with Social Work England (SWE).,None,None,None,None,None,None,None,None,None,None,None,None,None,None,None,None,None,None,None,None,None,None,None,None,None,None,None,None,None,None,None,Typical Offer: Please see entry requirements below.,https://www.uos.ac.uk/study/pgc-social-work-practice-education/,uos.xlsx
University of Suffolk,Ipswich,https://www.uos.ac.uk/courses/bsc-hons-psychology,psychology,Bachelor's,112 UCAS tariff points (or above),None,"BBC (A-Level), DMM (BTEC), Merit (T Level), Pass in Access to HE Diploma",BBC,None,None,None,None,None,DMM,Pass (96 UCAS points),None,None,None,None,None,None,None,None,Grade C/4 or above in GCSE English and Maths,"English, Maths",C/4,None,None,None,None,None,None,None,None,None,None,None,None,None,None,None,None,None,None,None,None,None,None,None,None,None,None,None,6.0,5.5,None,None,None,None,None,None,None,None,None,https://www.uos.ac.uk/study/bsc-psychology/,uos.xlsx
University of Suffolk,Ipswich,https://www.uos.ac.uk/courses/ba-hons-social-work,ba-hons-social-work,Bachelor's,None,None,"A combination of acceptable Level 3 qualifications such as A-levels, T Levels, or BTEC Diplomas.",None,None,None,None,None,None,None,None,None,None,None,Degree Apprenticeship,None,None,None,None,None,None,None,None,None,None,None,None,None,None,None,None,None,None,None,None,None,None,None,None,None,None,None,None,None,None,None,None,None,None,None,None,None,None,None,None,None,None,None,None,"Related Courses: BA (Hons) Social Work (Degree Apprenticeship), Post Graduate Certificate in Social Work Practice Education",https://www.uos.ac.uk/study/ba-social-work/student-story/,uos.xlsx
University of Suffolk,Ipswich,https://www.uos.ac.uk/courses/ba-hons-graphic-design,graphic-design,Bachelor's,None,None,None,None,None,None,None,None,None,None,None,None,None,None,None,None,None,None,None,None,None,None,None,None,None,None,None,None,None,None,None,None,None,None,None,None,None,None,None,None,None,None,None,None,None,None,None,None,None,None,None,None,None,None,None,None,None,None,None,None,https://www.uos.ac.uk/study/ba-graphic-design-graphic-illustration/student-story/,uos.xlsx
University of Suffolk,Billericay,https://www.billericayscitt.com/,postgraduate-certificate-in-education-pgce-secondary,Postgraduate,None,None,"A minimum 2:2 honours degree from a UK university or recognised equivalent. If the degree is in a different subject to the one you wish to teach, an A Level in that subject is required.",Required,None,None,None,None,None,None,None,None,None,None,None,None,None,None,None,GCSEs in English and Maths at grade 4/C or above,"English, Maths",4/C,None,None,None,None,Second Lower,None,None,None,None,None,None,None,None,None,None,None,None,None,None,None,None,None,None,None,None,None,None,None,None,None,None,None,None,None,None,None,None,None,https://www.uos.ac.uk/study/search-for-a-course/postgraduate/partners/bec-teaching-training/postgraduate-certificate-in-education---pgce-secondary-billericay-/,uos.xlsx
University of Suffolk,Ipswich,https://www.uos.ac.uk/courses/suffolk-executive-mba,suffolk-executive-mba,Master's,None,None,"Preferably students will hold a degree with a 2:2 minimum classification, but experience will also be considered.",None,None,None,None,None,None,None,None,None,None,None,None,None,None,None,None,None,None,None,None,None,None,None,None,Accepted,None,None,None,None,None,None,None,None,None,None,None,None,None,None,None,None,None,None,None,None,Required,None,None,None,None,None,None,None,None,None,None,Typical Offer: Students will be required to have at least three years relevant work experience.,https://www.uos.ac.uk/study/suffolk-executive-mba/,uos.xlsx
University of Suffolk,Ipswich,https://www.uos.ac.uk/courses/bsc-hons-criminology,criminology,Bachelor's,112 UCAS tariff points or above,None,"BBC (A-Level), DMM (BTEC), Merit (T Level), Pass in Access to HE Diploma",BBC,None,None,None,None,None,DMM,Pass (96 UCAS points),None,None,None,None,None,None,None,None,Grade C/4 or above in GCSE English and Maths,"English, Maths",C or 4,None,None,None,None,None,None,None,None,None,None,None,None,None,None,None,None,None,None,None,None,None,None,None,None,None,None,None,6.0,5.5,None,None,None,None,None,None,None,None,All applicants are required to hold GCSE English and Maths at Grade C/4 or above (or Level 2 equivalents). Applicants who do not hold these qualifications may be considered on an individual basis based upon their overall application and the course applied for.,https://www.uos.ac.uk/study/bsc-criminology/,uos.xlsx
University of Suffolk,Ipswich,https://www.uos.ac.uk/courses/psychology-and-sociology-bsc-hons,psychology-and-sociology,Bachelor's,None,None,None,None,None,None,None,None,None,None,None,None,None,None,None,None,None,None,None,None,None,None,None,None,None,None,None,None,None,None,None,None,None,None,None,None,None,None,None,None,None,None,None,None,None,None,None,None,None,None,None,None,None,None,None,None,None,None,None,None,https://www.uos.ac.uk/study/bsc-psychology-sociology/student-story/,uos.xlsx
University of Suffolk,Ipswich,https://www.uos.ac.uk/courses/paramedic-science,paramedic-science,Bachelor's,None,None,"UCAS Relevant Qualification: ""A combination of acceptable Level 3 qualifications such as A-levels, T Levels, or BTEC Diplomas.""",None,None,None,None,None,None,None,None,None,None,None,None,None,None,None,None,None,None,None,None,None,None,None,None,None,None,None,CACHE Technical Level 3 Requirement: None,None,None,None,None,None,None,None,None,None,None,None,None,None,None,None,None,None,None,None,None,None,None,None,None,None,None,None,None,Additional Requirements: None,https://www.uos.ac.uk/study/bsc-paramedic-science/student-story-/,uos.xlsx
University of Suffolk,Ipswich,None,None,Bachelor's,None,None,"Acceptable Qualifications, Access to HE Diploma Requirements",None,None,None,None,None,None,None,None,None,None,None,None,None,None,None,None,None,None,None,None,None,None,None,None,None,None,None,None,None,None,None,None,None,None,None,None,None,None,None,None,None,None,None,None,None,None,None,None,None,None,None,None,None,None,None,None,"Entry Requirements Explained: ""Acceptable Qualifications, Access to HE Diploma Requirements, DBS Checks, Financial Support for Visiting the University, Your Offer to Study, Transferring Credit""",https://www.uos.ac.uk/study/undergraduate-study/applying-for-a-course/,uos.xlsx
University of Suffolk,Ipswich,None,None,Bachelor's,None,None,None,None,None,None,None,None,None,None,None,None,None,None,None,None,None,None,None,None,None,None,None,None,None,None,None,None,None,None,None,None,None,None,None,None,None,None,None,None,None,None,None,None,None,None,None,None,None,None,None,None,None,None,None,None,None,None,None,"DBS Check: ""Required""
Overseas Criminal Record Check: ""Required if lived abroad for more than a year""",https://www.uos.ac.uk/study/undergraduate-study/applying-for-a-course/disclosure-and-barring-service-checks-dbs/,uos.xlsx
University of Suffolk,Ipswich,https://www.uos.ac.uk/courses/ba-hons-digital-film-production,digital-film-production,Bachelor's,112 UCAS tariff points (or above),None,"BBC (A-Level), DMM (BTEC), Merit (T Level), Pass in Access to HE Diploma",BBC,None,None,None,None,None,DMM,Pass (96 UCAS points),None,None,None,None,None,None,None,None,Grade C/4 or above in English and Maths,"English, Maths",C/4,None,None,None,None,None,None,None,None,None,None,None,None,None,None,None,None,None,None,None,None,None,None,None,None,None,None,None,6.0,5.5,None,None,None,None,None,None,None,None,None,https://www.uos.ac.uk/study/ba-digital-film-production/,uos.xlsx
University of Suffolk,Ipswich,https://www.uos.ac.uk/courses/undergraduate,Undergraduate,Bachelor's,None,None,None,None,None,None,None,None,None,None,None,None,None,None,None,None,None,None,None,None,None,None,None,None,None,None,None,None,None,None,None,None,None,None,None,None,None,None,None,None,None,None,None,None,None,None,None,None,None,None,None,None,None,None,None,None,None,None,None,None,https://www.uos.ac.uk/study/undergraduate-study/off-campus-event-form/,uos.xlsx
University of Suffolk,Ipswich,https://www.uos.ac.uk/courses/bsc-hons-midwifery-shortened,midwifery-shortened,Bachelor's,None,None,Active registration with the Nursing and Midwifery Council as a Registered Nurse (Adult) first level status. A Degree or Diploma of Higher Education in Adult Nursing and Six months' full-time post registration experience within the last two years.,None,None,None,None,None,None,None,None,None,None,None,None,None,None,None,None,None,None,None,None,None,None,None,None,Accepted,None,None,None,None,None,None,None,None,None,None,None,None,None,None,None,None,None,None,None,None,Required,7.0,None,None,None,None,None,None,None,None,None,"Successful interview, Satisfactory health checks, Satisfactory Enhanced Disclosure and Barring Service (DBS), Two satisfactory references.",https://www.uos.ac.uk/study/bsc-midwifery-shortened/,uos.xlsx
University of Suffolk,Ipswich,None,games-development,Bachelor's,None,None,None,None,None,None,None,None,None,None,None,None,None,None,None,None,None,None,None,None,None,None,None,None,None,None,None,None,None,None,None,None,None,None,None,None,None,None,None,None,None,None,None,None,None,None,None,None,None,None,None,None,None,None,None,None,None,None,None,None,https://www.uos.ac.uk/study/bsc-games-development/student-story-/,uos.xlsx
Suffolk New College,Suffolk,https://www.suffolk.ac.uk/courses/fdsc-civil-engineering,fdsc-civil-engineering,Bachelor's,80 UCAS tariff points (or above),None,"CDD (A-Level), MMP (BTEC), Pass A*-C (T Level), Pass in Access to HE Diploma",CDD,None,None,None,None,None,MMP,Pass (96 UCAS points),None,None,None,None,None,None,None,None,"C in English, 5-6/B in Maths","English, Maths",C or 4,None,None,None,None,None,None,None,None,None,None,None,None,None,None,None,None,None,None,None,None,None,None,None,None,None,None,None,6.0,5.5,None,None,None,None,None,None,None,None,None,https://www.uos.ac.uk/study/fdsc-civil-engineering/,uos.xlsx
University of Suffolk,Ipswich,https://www.uos.ac.uk/courses/nutrition-and-human-health-bsc-hons,nutrition-and-human-health,Bachelor's,112 UCAS tariff points (or above),None,"BBC (A-Level), DMM (BTEC), Merit (T Level), Pass in Access to HE Diploma",BBC,None,None,None,None,None,DMM,Pass (96 UCAS points),None,None,None,None,None,None,None,None,Grade C/4 or above in GCSE English and Maths,"English, Maths",C or 4,None,None,None,None,None,Accepted,None,None,None,None,None,None,None,None,None,None,None,None,None,None,None,None,None,None,None,None,None,6.0 overall (minimum 5.5 in all components),None,None,None,None,None,None,None,None,None,None,https://www.uos.ac.uk/study/bsc-nutrition-human-health/,uos.xlsx
University of Suffolk,Great Yarmouth,https://www.uos.ac.uk/courses/fda-childrens-health-play-and-wellbeing,childrens-health-play-and-wellbeing,Foundation,80 UCAS points (or above),None,"CDD (A-Level), MMP (BTEC), Pass A*-C (T Level), Pass in Access to HE Diploma, Level 3 in relevant areas: Health and Social Care, CACHE Teaching Support in Schools e.g. CACHE/BTEC Early Years Educator, CACHE Level 3 Children's and Young People's Workforce (DM/MMP).",CDD,None,C or 4,None,None,None,MMP,Pass,None,None,None,None,None,None,None,None,C/4,"English, Maths",C or 4,None,None,None,None,None,None,None,None,None,None,None,None,None,None,None,None,None,None,None,None,None,None,None,None,None,None,Required,6.0,5.5,None,None,None,None,None,None,None,None,"Interview with an 800-word written report, Satisfactory Enhanced Disclosure and Barring Service (DBS) check, Employment or voluntary placement in relevant sector.",https://www.uos.ac.uk/study/fda-childrens-health-play-wellbeing/,uos.xlsx
University of Suffolk,Great Yarmouth,https://www.uos.ac.uk/courses/ba-hons-visual-effects-and-post-production,visual-effects-and-post-production,Bachelor's,240 credits,None,"Foundation Degree, Higher National Diploma, Diploma of Higher Education or equivalent",None,None,None,None,None,None,None,None,None,None,None,None,None,None,None,None,GCSE Maths and English at grade C/4 or above,"Maths, English",C or 4,None,None,None,None,None,None,None,None,None,None,None,None,None,None,None,None,None,None,None,None,None,None,None,None,None,None,None,6.0,5.5,None,None,None,None,None,None,None,None,This programme is not open to students requiring a Student visa to study in the UK.,https://www.uos.ac.uk/study/ba-visual-effects-post-production-film-pr/,uos.xlsx
University of Suffolk,Ipswich,https://www.example.com,biomedical-science,Bachelor's,112 UCAS tariff points (or above),//www.example.com,"BBC (A-Level), DMM (BTEC), Merit (T Level), Pass in Access to HE Diploma or above",BBC,Biology or a Science related subject,C,None,None,None,DMM,None,None,None,None,None,None,None,None,None,"5 GCSE's at grade C/4 or above including English, Maths and Science at Grade C/4","English, Maths, Science",C or 4,None,None,None,None,None,None,None,None,None,None,None,None,None,None,None,None,None,None,None,None,None,None,None,None,None,None,None,6.0 overall (minimum 5.5 in all components),None,None,None,None,None,None,None,None,None,IELTS 6.0 overall (minimum 5.5 in all components) where English is not the student's first language.,https://www.uos.ac.uk/study/bsc-biomedical-science/,uos.xlsx
University of Suffolk,Great Yarmouth,https://www.uos.ac.uk/courses/bsc-hons-sustainable-futures,sustainable-futures,Bachelor's,None,None,Foundation Degree such as Environment and Sustainable Energy or Wildlife Conservation and Animal Management at ECC.,None,None,None,None,None,None,None,None,None,None,None,None,None,None,None,None,None,None,None,None,None,None,None,None,None,None,None,None,None,None,None,None,None,None,None,None,None,None,None,None,None,None,None,None,None,None,6.0,5.5,None,None,None,None,None,None,None,None,None,https://www.uos.ac.uk/study/bsc-sustainable-futures-py/,uos.xlsx
University of Suffolk,Ipswich,None,film,Bachelor's,None,None,None,None,None,None,None,None,None,None,None,None,None,None,None,None,None,None,None,None,None,None,None,None,None,None,None,None,None,None,None,None,None,None,None,None,None,None,None,None,None,None,None,None,None,None,None,None,None,None,None,None,None,None,None,None,None,None,None,None,https://www.uos.ac.uk/study/ba-digital-film-production/student-story/,uos.xlsx
University of Suffolk,Ipswich,None,None,Bachelor's,None,None,None,None,None,None,None,None,None,None,None,None,None,None,None,None,None,None,None,None,None,None,None,None,None,None,None,None,None,None,None,None,None,None,None,None,None,None,None,None,None,None,None,None,None,None,None,None,None,None,None,None,None,None,None,None,None,None,None,None,https://www.uos.ac.uk/study/why-choose-the-university-of-suffolk/the-suffolk-learning-experience/,uos.xlsx
University of Suffolk,Ipswich,https://www.uos.ac.uk/courses/ma-international-relations,international-relations,Master's,None,None,"UCAS Relevant Qualification: An undergraduate degree with a minimum of 2:2 classification, or sufficient professional experience.",None,None,None,None,None,None,None,None,None,None,None,None,None,None,None,None,None,None,None,None,None,None,None,Second Lower,Accepted,None,None,None,None,None,None,None,None,None,None,None,None,None,None,None,None,None,None,None,None,None,None,None,None,None,None,None,None,None,None,None,Additional Requirements: None,https://www.uos.ac.uk/study/search-for-a-course/postgraduate/social-sciences-and-humanities/ma-international-relations/,uos.xlsx
University of Suffolk,Ipswich,https://www.uos.ac.uk/courses/bsc-hons-mental-health-nursing,mental-health-nursing,Bachelor's,96 UCAS tariff points (or above),None,"CCC (A-Level), MMM (BTEC), Pass (T Level), Access to HE Diploma 30 Level 3 credits at Merit grade or above",CCC,None,None,None,None,None,MMM,Pass (96 UCAS points),None,None,None,None,None,None,None,None,5 GCSE's at grade C/4 or above including English and Maths at Grade C/4,"English, Maths",C/4,None,None,None,None,None,None,None,None,None,None,None,None,None,None,None,None,None,None,None,None,None,None,None,None,None,None,Required,7.0,None,None,None,None,None,None,None,None,None,"Successful interview, Satisfactory Health check, Satisfactory Enhanced Disclosure and Barring Service (DBS) check - fee applicable, Two satisfactory references, Demonstrate good knowledge and a clear understanding of the scope of work that a nurse is required to undertake.",https://www.uos.ac.uk/study/bsc-mental-health-nursing/,uos.xlsx
University of Suffolk,Ipswich,https://www.uos.ac.uk/studyCPD/Short CourseClinical Reasoning and Decision Making,clinical-reasoning-and-decision-making,Short Course,None,None,None,None,None,None,None,None,None,None,None,None,None,None,None,None,None,None,None,None,None,None,None,None,None,None,None,None,None,None,None,None,None,None,None,None,None,None,None,None,None,None,None,None,None,None,None,None,None,None,None,None,None,None,None,None,None,None,None,None,https://www.uos.ac.uk/study/cpd-clinical-reasoning-decision-making/,uos.xlsx
University of Suffolk,Ipswich,None,None,Foundation,None,None,None,None,None,None,None,None,None,None,None,None,None,None,None,None,None,None,None,None,None,None,None,None,None,None,None,None,None,None,None,None,None,None,None,None,None,None,None,None,None,None,None,None,None,None,None,None,None,None,None,None,None,None,None,None,None,None,None,"Cost: £1,010
Duration: One semester
Date: 16 January 2024",https://www.uos.ac.uk/study/cpd-mental-health-foundations/,uos.xlsx
University of Suffolk,Ipswich,https://www.uos.ac.uk/courses/ba-hons-fine-art,fine-art,Bachelor's,112 UCAS points (or above),None,"BBC (A-Level), DMM (BTEC), Merit (T Level), Pass in Access to HE Diploma",BBC,None,None,None,None,None,DMM,Pass (96 UCAS points),None,None,None,None,None,None,None,Required,Grade C/4 or above,English and Maths,C or 4,None,None,None,None,None,None,None,None,None,None,None,None,None,None,None,None,None,None,None,None,None,None,None,None,None,Required,None,6.0,5.5,None,None,None,None,None,None,None,None,None,https://www.uos.ac.uk/study/ba-fine-art/,uos.xlsx
University of Suffolk,Ipswich,https://www.uos.ac.uk/courses/ba-hons-graphic-design-graphic-illustration,graphic-design-graphic-illustration,Bachelor's,112 UCAS points (or above),None,"BBC (A-Level), DMM (BTEC), Merit (T Level), Pass in Access to HE Diploma",BBC,None,None,None,None,None,DMM,Pass (96 UCAS points),None,None,None,None,None,None,None,Required,Grade C/4 or above in GCSE English and Maths,"English, Maths",C or 4,None,None,None,None,None,None,None,None,None,None,None,None,None,None,None,None,None,None,None,None,None,None,None,None,None,None,None,6.0,5.5,None,None,None,None,None,None,None,None,None,https://www.uos.ac.uk/study/ba-graphic-design-graphic-illustration/,uos.xlsx
University of Suffolk,Ipswich,None,midwifery,Bachelor's,None,None,None,None,None,None,None,None,None,None,None,None,None,None,None,None,None,None,None,None,None,None,None,None,None,None,None,None,None,None,None,None,None,None,None,None,None,None,None,None,None,None,None,None,None,None,None,None,None,None,None,None,None,None,None,None,None,None,None,None,https://www.uos.ac.uk/study/bsc-midwifery/student-story/,uos.xlsx
University of Suffolk,Ipswich,https://www.uos.ac.uk/courses/ba-hons-childhood,childhood,Bachelor's,112 UCAS tariff points (or above),None,"BBC (A-Level), DMM (BTEC), Merit (T Level)",BBC,None,None,None,None,None,DMM,Pass (96 UCAS points),None,None,None,None,None,None,None,None,GCSE English and Maths at Grade C/4 or above,"English, Maths",C/4,None,None,None,None,None,None,None,None,None,None,None,None,None,None,None,None,None,None,None,None,None,None,None,None,None,None,None,6.0 overall (minimum 5.5 in all components),None,None,None,None,None,None,None,None,None,None,https://www.uos.ac.uk/study/ba-childhood/,uos.xlsx
University of Suffolk,Great Yarmouth,https://www.example.com,social-welfare-advice-guidance-practice,Bachelor's,80 UCAS tariff points (or above),//www.example.com,"CDD (A-Level), MMP (BTEC), Pass A*-C (T Level), Pass in Access to HE Diploma",CDD,None,None,None,None,None,MMP,Pass (96 UCAS points),None,None,None,None,None,None,None,None,C/4 or above in English and Maths,"English, Maths",C or 4,None,None,None,None,None,None,None,None,None,None,None,None,None,None,None,None,None,None,None,None,None,None,None,None,None,None,None,6.0,5.5,None,None,None,None,None,None,None,None,A satisfactory Enhanced DBS check; Gaining the written permission of their employers in order to demonstrate opportunity and access to work based learning in an appropriate setting.,https://www.uos.ac.uk/study/fda-social-welfare-advice-practice/,uos.xlsx
University of Suffolk,Ipswich,https://www.uos.ac.uk/courses/fda-early-years-and-primary-practice,early-years-and-primary-practice,Foundation,80,None,"UCAS Relevant Qualification: ""CDD (A-Level), MMP (BTEC), Pass A*-C (T Level)""",None,None,None,None,None,None,None,None,None,None,None,None,None,None,None,None,C/4 or above,"English, Maths",C or 4,None,None,None,None,None,Students are required to be in suitable paid or voluntary employment with children for a minimum of 6(PT)/12(FT) hours per week,None,None,None,None,None,None,None,None,None,None,None,None,None,None,None,None,None,None,None,None,None,6.0,5.5,None,None,None,None,None,None,None,None,Additional Requirements: None,https://www.uos.ac.uk/study/fda-early-years-primary-practice/,uos.xlsx
University of Suffolk,Ipswich,None,law-with-criminology,Bachelor's,None,None,None,None,None,None,None,None,None,None,None,None,None,None,None,None,None,None,None,None,None,None,None,None,None,None,None,None,None,None,None,None,None,None,None,None,None,None,None,None,None,None,None,None,None,None,None,None,None,None,None,None,None,None,None,None,None,None,None,None,https://www.uos.ac.uk/study/llb-law-with-criminology/student-story/,uos.xlsx
University of Suffolk,Ipswich,https://www.uos.ac.uk/courses/postgraduate/msc-cognitive-behavioural-therapy-and-counselling,cognitive-behavioural-therapy-and-counselling,Master's,None,None,"UCAS Relevant Qualification: ""An undergraduate degree and clinical experience of at least two years. Applicants are expected to have achieved an Introductory course in Counselling.""",None,None,None,None,None,None,None,None,None,None,None,None,None,None,None,None,None,None,None,None,None,None,None,None,Accepted,None,None,None,None,None,None,None,None,None,None,None,None,None,None,None,None,None,None,None,None,None,None,None,None,None,None,None,None,None,None,None,"Proof of a recent DBS check
Entry is by interview and appropriate references.
Students will be 21 or over at the start of the course, although in exceptional circumstances applicants will be accepted below this age if they can demonstrate an appropriate level of maturity.
Students will require a placement in a counselling setting that enables them to complete 100 hours of clinical practice which will commence from the second semester of year one.",https://www.uos.ac.uk/study/msc-cognitive-behavioural-counselling/,uos.xlsx
University of Suffolk,Ipswich,None,None,Bachelor's,None,None,None,None,None,None,None,None,None,None,None,None,None,None,None,None,None,None,None,None,None,None,None,None,None,None,None,None,None,None,None,None,None,None,None,None,None,None,None,None,None,None,None,None,None,None,None,None,None,None,None,None,None,None,None,None,None,None,None,None,https://www.uos.ac.uk/study/search-for-a-course/undergraduate/social-sciences-and-humanities/,uos.xlsx
University of Suffolk,Ipswich,https://www.uos.ac.uk/courses/msc-data-science-and-artificial-intelligence,data-science-and-artificial-intelligence,Master's,None,None,"UCAS Relevant Qualification: ""An undergraduate degree with a minimum of 2:2 classification. Other qualifications, relevant work and life experience may be taken into account.""",None,None,None,None,None,None,None,None,None,None,None,None,None,None,None,None,None,None,None,None,None,None,None,Second Lower,None,None,None,None,None,None,None,None,None,None,None,None,None,None,None,None,None,None,None,None,None,None,None,None,None,None,None,None,None,None,None,None,Additional Requirements: None,https://www.uos.ac.uk/study/msc-data-science-artificial-intelligence/,uos.xlsx
University of Suffolk,Ipswich,https://www.uos.ac.uk,education-studies,Master's,None,None,Bachelors Honours degree 2:2 from a UK university or other recognised degree-awarding body; have experience working in an educational setting.,None,None,None,None,None,None,None,None,None,None,None,None,None,None,None,None,None,None,None,None,None,None,None,Second Lower,None,None,None,None,None,None,None,None,None,None,None,None,None,None,None,None,None,None,None,None,None,None,None,None,None,None,None,None,None,None,None,None,None,https://www.uos.ac.uk/study/ma-education-studies/,uos.xlsx
University of Suffolk,Ipswich,https://www.uos.ac.uk/courses/bsc-hons-radiotherapy-and-oncology,radiotherapy-and-oncology,Bachelor's,112 UCAS tariff points (or above),None,"BBC (A-Level), DMM (BTEC), Merit (T Level), Access to HE Diploma 45 Level 3 credits at Merit grade or above",BBC,None,None,None,None,None,DMM,DMM,None,None,None,None,None,None,None,None,"Five GCSE's at grade C/4 or above including English, Maths and Science at Grade C/4","English, Maths, Science",C/4,None,None,None,None,None,None,None,None,None,None,None,None,None,None,None,None,None,None,None,None,None,None,None,None,None,Required,Required,7.0 overall,6.5,None,None,None,None,None,None,None,None,"Successful interview, Satisfactory Health check, Satisfactory Enhanced Disclosure and Barring Service (DBS) check, One satisfactory academic or employment reference.",https://www.uos.ac.uk/study/bsc-radiotherapy-oncology/,uos.xlsx
University of Suffolk,Ipswich,None,None,Bachelor's,None,None,None,None,None,None,None,None,None,None,None,None,None,None,None,None,None,None,None,None,None,None,None,None,None,None,None,None,None,None,None,None,None,None,None,None,None,None,None,None,None,None,None,None,None,None,None,None,None,None,None,None,None,None,None,None,None,None,None,None,https://www.uos.ac.uk/study/ba-digital-film-production/industry-experts/,uos.xlsx
University of Suffolk,Ipswich,None,None,Master's,None,None,None,None,None,None,None,None,None,None,None,None,None,None,None,None,None,None,None,None,None,None,None,None,None,None,None,None,None,None,None,None,None,None,None,None,None,None,None,None,None,None,None,None,None,None,None,None,None,None,None,None,None,None,None,None,None,None,None,None,https://www.uos.ac.uk/study/,uos.xlsx
University of Suffolk,Ipswich,https://www.uos.ac.uk,criminology,Master's,None,None,An undergraduate degree with a minimum of 2:2 classification.,None,None,None,None,None,None,None,None,None,None,None,None,None,None,None,None,None,None,None,None,None,None,None,Second Lower,None,None,None,None,None,None,None,None,None,None,None,None,None,None,None,None,None,None,None,None,None,None,None,None,None,None,None,None,None,None,None,None,None,https://www.uos.ac.uk/study/ma-criminology/,uos.xlsx
University of Suffolk,Ipswich,https://www.uos.ac.uk/courses/postgraduate-certificate-education-pgce,postgraduate-certificate-education-pgce,Master's,None,None,"UCAS Relevant Qualification: ""A UK first degree (or equivalent) - normally 2.2 honours or above""",None,None,None,None,None,None,None,None,None,None,None,None,None,None,None,None,Grade C/4 or equivalent in English and Maths (and a Science subject for primary age phase),"English, Maths, Science",C or 4,None,None,None,None,Second Lower,None,None,You must include a UK ENIC statement with your application verifying this.,None,None,None,None,None,None,None,None,None,None,None,None,None,None,None,None,None,None,None,None,None,None,None,None,None,None,None,None,None,"Additional Requirements: ""Any offer of a place will be subject to a satisfactory Disclosure and Barring Service (DBS) check, Health and physical capacity to train to teach, Safeguarding background checks, Childcare disqualification checks, An interview, a literacy and numeracy assessment will be included as part of the interview process.""",https://www.uos.ac.uk/study/search-for-a-course/postgraduate/partners/postgraduate-certificate-in-education---pgce-colchester-teacher-training-consortium/,uos.xlsx
University of Suffolk,Ipswich,https://www.uos.ac.uk/courses/ba-hons-graphic-design,graphic-design,Bachelor's,112 UCAS tariff points (or above),None,"BBC (A-Level), DMM (BTEC), Merit (T Level), Pass in Access to HE Diploma",BBC,None,None,None,None,None,DMM,Pass (96 UCAS points),None,None,None,None,None,None,None,Required,Grade C/4 or above in GCSE English and Maths,"English, Maths",C or 4,None,None,None,None,None,None,None,None,None,None,None,None,None,None,None,None,None,None,None,None,None,None,None,None,None,None,None,6.0,5.5,None,None,None,None,None,None,None,None,Portfolio of work required for application.,https://www.uos.ac.uk/study/ba-graphic-design/,uos.xlsx
University of Suffolk,Ipswich,https://www.uos.ac.uk/courses/diagnostic-radiography-bsc-hons,diagnostic-radiography-bsc-hons,Bachelor's,112 UCAS tariff points (or above),None,"BBC (A-Level), DMM (BTEC), Merit (T Level), Access to HE Diploma 45 Level 3 credits at Merit grade or above",BBC,None,None,None,None,None,DMM,DMM,None,None,None,None,None,None,None,None,"Five GCSE's at grade C/4 or above including English, Maths and Science at Grade C/4","English, Maths, Science",C/4,None,None,None,None,None,None,None,None,None,None,None,None,None,None,None,None,None,None,None,None,None,None,None,None,None,Required,Required,7.0,None,None,None,None,None,None,None,None,None,"Successful interview, Satisfactory Health check, Satisfactory Enhanced Disclosure and Barring Service (DBS) check, One satisfactory academic or employment reference.",https://www.uos.ac.uk/study/bsc-diagnostic-radiography/,uos.xlsx
University of Suffolk,Ipswich,None,business-administration,Postgraduate,None,None,"Preferably students will hold a degree with a 2:2 minimum classification, but experience will also be considered.",None,None,None,None,None,None,None,None,None,None,None,None,None,None,None,None,None,None,None,None,None,None,None,None,Accepted,None,None,None,None,None,None,None,None,None,None,None,None,None,None,None,None,None,None,None,None,Required,None,None,None,None,None,None,None,None,None,None,"Students will be required to supply two references, preferably one academic and one from recent or current employment.",https://www.uos.ac.uk/study/pg-business-administration/,uos.xlsx
University of Suffolk,Ipswich,https://www.uos.ac.uk/courses/bsc-hons-psychology-and-criminology,psychology-and-criminology,Bachelor's,112 UCAS tariff points (or above),None,"BBC (A-Level), DMM (BTEC), Merit (T Level), Pass in Access to HE Diploma",BBC,None,None,None,None,None,DMM,Pass (96 UCAS points),None,None,None,None,None,None,None,None,GCSE English and Maths at Grade C/4 or above,"English, Maths",C or 4,None,None,None,None,None,None,None,None,None,None,None,None,None,None,None,None,None,None,None,None,None,None,None,None,None,None,None,6.0,5.5,None,None,None,None,None,None,None,None,None,https://www.uos.ac.uk/study/bsc-psychology-criminology/,uos.xlsx
University of Suffolk,Ipswich,https://www.uos.ac.uk,None,Bachelor's,None,None,None,None,None,None,None,None,None,None,None,None,None,None,None,None,None,None,None,None,None,None,None,None,None,None,None,None,None,None,None,None,None,None,None,None,None,None,None,None,None,None,None,None,None,None,None,None,None,None,None,None,None,None,None,None,None,None,None,"Part-time Study: ""Available for undergraduate and postgraduate degrees.""
How long does it take to complete a course part-time?: ""Typically four and a half to nine years for an undergraduate degree.""
Is childcare available?: ""Advice about childcare opportunities available.""
How do I fund my part-time degree?: ""Tuition Fee Loan available for eligible students.""
Can I continue to work while I study?: ""Students can continue in employment while studying part-time.""",https://www.uos.ac.uk/study/undergraduate-study/part-time-study/,uos.xlsx
University of Suffolk,Ipswich,None,None,Postgraduate,None,None,None,None,None,None,None,None,None,None,None,None,None,None,None,None,None,None,None,None,None,None,None,None,None,None,None,None,None,None,None,None,None,None,None,None,None,None,None,None,None,None,None,None,None,None,None,None,None,None,None,None,None,None,None,None,None,None,None,None,https://www.uos.ac.uk/study/search-for-a-course/postgraduate/nursing-midwifery-and-public-health/,uos.xlsx
University of Suffolk,Ipswich,https://www.uos.ac.uk/courses/msc-international-business-and-management,international-business-and-management,Master's,None,None,"UCAS Relevant Qualification: ""Bachelors honours degree at least 2:2 or equivalent""",None,None,None,None,None,None,None,None,None,None,None,None,None,None,None,None,None,None,None,None,None,None,None,Second Lower,None,None,None,None,None,None,None,None,None,None,None,None,None,None,None,None,None,None,None,None,None,None,None,None,None,None,None,None,None,None,None,None,Additional Requirements: None,https://www.uos.ac.uk/study/msc-international-business-management/,uos.xlsx
University of Suffolk,Ipswich,https://www.uos.ac.uk/courses/bsc-hons-sport-and-exercise-science,sport-and-exercise-science,Bachelor's,112 UCAS tariff points (or above),None,"BBC (A-Level), DMM (BTEC), Merit (T Level), Pass in Access to HE Diploma",BCC,"Science subject, which may include P.E., Psychology or Sport Science",None,None,None,None,DMM,Pass (96 UCAS points),None,None,None,None,None,None,None,None,GCSE English and Maths at Grade C/4 or above,"English, Maths",C/4,None,None,None,None,None,None,None,None,None,None,None,None,None,None,None,None,None,None,None,None,None,None,None,None,None,None,None,6.0 overall (minimum 5.5 in all components),5.5,None,None,None,None,None,None,None,None,"Applicants whose first language is not English, but who have been living in the UK for 2 years or more will be expected to hold GCSE English at Grade C or above, (grade 4-9 for the new GCSEs) or the relevant Level 2 equivalent (if applicable).",https://www.uos.ac.uk/study/bsc-sport-exercise-science/,uos.xlsx
University of Suffolk,Suffolk New College,https://www.uos.ac.uk/courses/pgce-certificate-in-education,professional-graduate-certificate-in-education,Bachelor's,None,None,An honours degree or equivalent qualification; Level 3 subject qualification.,None,None,None,None,None,None,None,None,None,None,None,None,None,None,None,None,GCSE English and Maths at Grade C/4 or above,"English, Maths",C/4,None,None,None,None,None,None,None,None,None,None,None,None,None,None,None,None,None,None,None,None,None,None,None,None,None,None,Required,None,None,None,None,None,None,None,None,None,None,"DBS check: ""Satisfactory""
Teaching placement: ""Required""
Subject specific mentor: ""Required""",https://www.uos.ac.uk/study/pgce/,uos.xlsx
University of Suffolk,Ipswich,https://www.uos.ac.uk/courses/ba-hons-business-management,business-management,Bachelor's,112 UCAS tariff points or above,None,"BBC (A-Level), DMM (BTEC), Merit (T Level), Pass in Access to HE Diploma",BBC,None,None,None,None,None,DMM,Pass (96 UCAS points),None,None,None,None,None,None,None,None,Grade C/4 or above in GCSE English and Maths,"English, Maths",C or 4,None,None,None,None,None,None,None,None,None,None,None,None,None,None,None,None,None,None,None,None,None,None,None,None,None,None,None,6.0,5.5,None,None,None,None,None,None,None,None,None,https://www.uos.ac.uk/study/ba-business-management/,uos.xlsx
University of West London,London,https://www.uwslondon.ac.uk/courses/bsc-hons-collaborative-health-and-social-care/,bsc-hons-collaborative-health-and-social-care,Bachelor's,None,None,None,None,None,None,None,None,None,None,None,None,None,None,None,None,None,None,None,None,None,None,None,None,None,None,None,None,None,None,None,None,None,None,None,None,None,None,None,None,None,None,None,None,None,None,None,None,None,None,None,None,None,None,None,None,None,None,None,None,https://www.uwslondon.ac.uk/courses/bsc-hons-collaborative-health-and-social-care/,uwslondon.xlsx
None,London,https://www.uwslondon.ac.uk/courses/pre-sessional-english/,pre-sessional-english,Master's,None,None,None,None,None,None,None,None,None,None,None,None,None,None,None,None,None,None,None,None,None,None,None,None,None,None,None,None,None,None,None,None,None,None,None,None,None,None,None,None,None,None,None,None,None,None,None,None,None,None,None,None,None,None,None,None,None,None,None,None,https://www.uwslondon.ac.uk/courses/pre-sessional-english/,uwslondon.xlsx
University of West London,London,https://www.uwslondon.ac.uk/courses/med-educational-studies/,med-educational-studies,Master's,None,None,None,None,None,None,None,None,None,None,None,None,None,None,None,None,None,None,None,None,None,None,None,None,None,None,None,None,None,None,None,None,None,None,None,None,None,None,None,None,None,None,None,None,None,None,None,None,None,None,None,None,None,None,None,None,None,None,None,None,https://www.uwslondon.ac.uk/courses/med-educational-studies/,uwslondon.xlsx
University of West London,London,https://www.uwslondon.ac.uk/courses/mba-logistics-supply-chain/,mba-logistics-supply-chain,Bachelor's,None,None,None,None,None,None,None,None,None,None,None,None,None,None,None,None,None,None,None,None,None,None,None,None,None,None,None,None,None,None,None,None,None,None,None,None,None,None,None,None,None,None,None,None,None,None,None,None,None,None,None,None,None,None,None,None,None,None,None,None,https://www.uwslondon.ac.uk/courses/mba-logistics-supply-chain/,uwslondon.xlsx
University of West London,London,https://www.uwslondon.ac.uk/courses/international-foundation-programme-business/,international-foundation-programme-business,Foundation,None,None,None,None,None,None,None,None,None,None,None,None,None,None,None,None,None,None,None,None,None,None,None,None,None,None,None,None,None,None,None,None,None,None,None,None,None,None,None,None,None,None,None,None,None,None,None,None,None,None,None,None,None,None,None,None,None,None,None,The webpage at https://www.uwslondon.ac.uk/courses/international-foundation-programme-business/ might be temporarily down or it may have moved permanently to a new web address.,https://www.uwslondon.ac.uk/courses/international-foundation-programme-business/,uwslondon.xlsx
None,London,https://www.uwslondon.ac.uk/courses/doctor-of-philosophy/,doctor-of-philosophy,Master's,None,None,None,None,None,None,None,None,None,None,None,None,None,None,None,None,None,None,None,None,None,None,None,None,None,None,None,None,None,None,None,None,None,None,None,None,None,None,None,None,None,None,None,None,None,None,None,None,None,None,None,None,None,None,None,None,None,None,None,None,https://www.uwslondon.ac.uk/courses/doctor-of-philosophy/,uwslondon.xlsx
University of West London,London,None,master-public-administration,Master's,None,None,UCAS Relevant Qualification: None,None,None,None,None,None,None,None,None,None,None,None,None,None,None,None,None,None,None,None,None,None,None,None,None,None,None,None,None,None,None,None,None,None,None,None,None,None,None,None,None,None,None,None,None,None,None,None,None,None,None,None,None,None,None,None,None,Additional Requirements: None,https://www.uwslondon.ac.uk/courses/master-public-administration/,uwslondon.xlsx
University of West London,London,https://www.uwslondon.ac.uk/courses/msc-accounting-finance-new/,msc-accounting-finance-new,Master's,None,None,UCAS Relevant Qualification: None,None,None,None,None,None,None,None,None,None,None,None,None,None,None,None,None,None,None,None,None,None,None,None,None,None,None,None,None,None,None,None,None,None,None,None,None,None,None,None,None,None,None,None,None,None,None,None,None,None,None,None,None,None,None,None,None,Additional Requirements: None,https://www.uwslondon.ac.uk/courses/msc-accounting-finance-new/,uwslondon.xlsx
University of West London,London,https://www.uwslondon.ac.uk/courses/msc-information-technology-with-data-analytics/,msc-information-technology-with-data-analytics,Master's,None,None,None,None,None,None,None,None,None,None,None,None,None,None,None,None,None,None,None,None,None,None,None,None,None,None,None,None,None,None,None,None,None,None,None,None,None,None,None,None,None,None,None,None,None,None,None,None,None,None,None,None,None,None,None,None,None,None,None,None,https://www.uwslondon.ac.uk/courses/msc-information-technology-with-data-analytics/,uwslondon.xlsx
University of West London,London,https://www.uwslondon.ac.uk/courses/mba-leadership/,mba-leadership,Bachelor's,None,None,None,None,None,None,None,None,None,None,None,None,None,None,None,None,None,None,None,None,None,None,None,None,None,None,None,None,None,None,None,None,None,None,None,None,None,None,None,None,None,None,None,None,None,None,None,None,None,None,None,None,None,None,None,None,None,None,None,None,https://www.uwslondon.ac.uk/courses/mba-leadership/,uwslondon.xlsx
University of West London,London,None,msc-information-technology-with-project-management,Master's,None,None,UCAS Relevant Qualification: None,None,None,None,None,None,None,None,None,None,None,None,None,None,None,None,None,None,None,None,None,None,None,None,None,None,None,None,None,None,None,None,None,None,None,None,None,None,None,None,None,None,None,None,None,None,None,None,None,None,None,None,None,None,None,None,None,Additional Requirements: None,https://www.uwslondon.ac.uk/courses/msc-information-technology-with-project-management/,uwslondon.xlsx
University of West London,London,None,msc-cyber-security,Master's,None,None,None,None,None,None,None,None,None,None,None,None,None,None,None,None,None,None,None,None,None,None,None,None,None,None,None,None,None,None,None,None,None,None,None,None,None,None,None,None,None,None,None,None,None,None,None,None,None,None,None,None,None,None,None,None,None,None,None,None,https://www.uwslondon.ac.uk/courses/msc-cyber-security/,uwslondon.xlsx
University of West London,London,https://www.uwslondon.ac.uk/courses/bsc-hons-professional-health-studies/,bsc-hons-professional-health-studies,Bachelor's,None,None,None,None,None,None,None,None,None,None,None,None,None,None,None,None,None,None,None,None,None,None,None,None,None,None,None,None,None,None,None,None,None,None,None,None,None,None,None,None,None,None,None,None,None,None,None,None,None,None,None,None,None,None,None,None,None,None,None,The webpage at https://www.uwslondon.ac.uk/courses/bsc-hons-professional-health-studies/ might be temporarily down or it may have moved permanently to a new web address.,https://www.uwslondon.ac.uk/courses/bsc-hons-professional-health-studies/,uwslondon.xlsx
None,London,https://www.uwslondon.ac.uk/courses/mba-banking-finance/,mba-banking-finance,Bachelor's,None,None,None,None,None,None,None,None,None,None,None,None,None,None,None,None,None,None,None,None,None,None,None,None,None,None,None,None,None,None,None,None,None,None,None,None,None,None,None,None,None,None,None,None,None,None,None,None,None,None,None,None,None,None,None,None,None,None,None,None,https://www.uwslondon.ac.uk/courses/mba-banking-finance/,uwslondon.xlsx
University of West London,London,None,msc-project-management,Master's,None,None,UCAS Relevant Qualification: None,None,None,None,None,None,None,None,None,None,None,None,None,None,None,None,None,None,None,None,None,None,None,None,None,None,None,None,None,None,None,None,None,None,None,None,None,None,None,None,None,None,None,None,None,None,None,None,None,None,None,None,None,None,None,None,None,Additional Requirements: None,https://www.uwslondon.ac.uk/courses/msc-project-management/,uwslondon.xlsx
None,London,https://www.uwslondon.ac.uk/courses/msc-information-technology/,msc-information-technology,Master's,None,None,None,None,None,None,None,None,None,None,None,None,None,None,None,None,None,None,None,None,None,None,None,None,None,None,None,None,None,None,None,None,None,None,None,None,None,None,None,None,None,None,None,None,None,None,None,None,None,None,None,None,None,None,None,None,None,None,None,None,https://www.uwslondon.ac.uk/courses/msc-information-technology/,uwslondon.xlsx
University of West London,London,https://www.uwslondon.ac.uk/courses/mba-with-luxury-branding/,mba-with-luxury-branding,Master's,None,None,None,None,None,None,None,None,None,None,None,None,None,None,None,None,None,None,None,None,None,None,None,None,None,None,None,None,None,None,None,None,None,None,None,None,None,None,None,None,None,None,None,None,None,None,None,None,None,None,None,None,None,None,None,None,None,None,None,None,https://www.uwslondon.ac.uk/courses/mba-with-luxury-branding/,uwslondon.xlsx
University of West London,London,https://www.uwslondon.ac.uk/courses/ba-hons-international-business/,ba-hons-international-business,Bachelor's,None,None,None,None,None,None,None,None,None,None,None,None,None,None,None,None,None,None,None,None,None,None,None,None,None,None,None,None,None,None,None,None,None,None,None,None,None,None,None,None,None,None,None,None,None,None,None,None,None,None,None,None,None,None,None,None,None,None,None,None,https://www.uwslondon.ac.uk/courses/ba-hons-international-business/,uwslondon.xlsx
None,London,https://www.uwslondon.ac.uk/courses/mba-digital-marketing/,mba-digital-marketing,Bachelor's,None,None,None,None,None,None,None,None,None,None,None,None,None,None,None,None,None,None,None,None,None,None,None,None,None,None,None,None,None,None,None,None,None,None,None,None,None,None,None,None,None,None,None,None,None,None,None,None,None,None,None,None,None,None,None,None,None,None,None,None,https://www.uwslondon.ac.uk/courses/mba-digital-marketing/,uwslondon.xlsx
University of West London,London,https://www.uwslondon.ac.uk/courses/ba-hons-international-business-pathways-with-foundation-year,ba-hons-international-business-pathways-with-foundation-year,Bachelor's,None,None,None,None,None,None,None,None,None,None,None,None,None,None,None,None,None,None,None,None,None,None,None,None,None,None,None,None,None,None,None,None,None,None,None,None,None,None,None,None,None,None,None,None,None,None,None,None,None,None,None,None,None,None,None,None,None,None,None,The webpage at https://www.uwslondon.ac.uk/courses/ba-hons-international-business-pathways-with-foundation-year might be temporarily down or it may have moved permanently to a new web address.,https://www.uwslondon.ac.uk/courses/ba-hons-international-business-pathways-with-foundation-year/,uwslondon.xlsx
University of Westminster,Central London,https://www.westminster.ac.uk/courses/french-and-linguistics-ba,french-and-linguistics-ba,Bachelor's,104 UCAS Tariff points,//www.ucas.com,"A levels, T levels, International Baccalaureate, BTEC Extended Diploma, BTEC Diploma, Access to Higher Education Diploma",BCC,None,None,None,None,None,DMM,None,None,None,None,None,None,None,None,None,"GCSE English Language grade 4/C, GCSE Maths grade 4/C","English Language, Maths",4/C,104 UCAS Tariff points,None,None,None,None,None,None,None,None,None,None,None,None,None,None,None,None,None,None,None,None,None,None,None,None,None,None,6.0,5.5,None,None,None,None,None,None,None,None,None,https://www.westminster.ac.uk/languages-courses/2025-26/september/full-time/french-and-linguistics-ba-honours,westminister.xlsx
University of Westminster,"Marylebone, Central London",https://www.westminster.ac.uk/courses/sports-management-ba-hons,sports-management-ba-hons,Bachelor's,112 UCAS Tariff points,//www.ucas.com,"A levels, T levels, International Baccalaureate, BTEC Extended Diploma, BTEC Diploma, Access to Higher Education Diploma",BBC,None,None,None,None,None,DMM,None,None,None,None,None,None,None,None,None,"GCSE English Language grade 4/C, GCSE Maths grade 4/C","English Language, Maths",4/C,112 UCAS Tariff points,None,None,None,None,None,None,None,None,None,None,None,None,None,None,None,None,None,None,None,None,None,None,None,None,None,None,6.0,5.5,None,None,None,None,None,None,None,None,None,https://www.westminster.ac.uk/business-and-management-tourism-and-events-management-courses/2025-26/september/full-time/sports-management-ba-honours,westminister.xlsx
University of Westminster,Central London,https://www.westminster.ac.uk/courses/chinese-and-linguistics-ba,chinese-and-linguistics-ba,Bachelor's,104 UCAS Tariff points,//www.ucas.com,"A Levels, T Levels, International Baccalaureate, BTEC Extended Diploma, BTEC Diploma, Access to Higher Education Diploma",BCC,None,None,None,None,None,DMM,None,None,None,None,None,None,None,None,None,"GCSE English Language grade 4/C, GCSE Maths grade 4/C","English Language, Maths",4,None,None,None,None,None,None,None,None,None,None,None,None,None,None,None,None,None,None,None,None,None,None,None,None,None,None,None,6.0,5.5,None,None,None,None,None,None,None,None,None,https://www.westminster.ac.uk/languages-courses/2025-26/september/part-time-day/chinese-and-linguistics-ba-honours,westminister.xlsx
University of Westminster,Central London,https://www.westminster.ac.uk/courses/data-science-and-analytics-msc,data-science-and-analytics,Master's,None,None,"UCAS Relevant Qualification: ""A minimum of a lower second class honours degree (2:2) in a scientific or engineering discipline with some exposure to the use of IT, or in an area of computer science or IT with a strong interest in quantitative analysis.""",None,None,None,None,None,None,None,None,None,None,None,None,None,None,None,None,None,None,None,None,None,None,None,Second Lower,None,None,None,None,None,None,None,None,None,None,None,None,None,None,None,None,None,None,None,None,None,None,6.5,6.0,None,None,None,None,None,None,None,None,Additional Requirements: None,https://www.westminster.ac.uk/computer-science-and-engineering-data-science-and-informatics-courses/2025-26/january/part-time-day/data-science-and-analytics-msc,westminister.xlsx
University of Westminster,"Harrow, North-West London",https://www.westminster.ac.uk/courses/communication-ma,communication-ma,Master's,None,None,UCAS Relevant Qualification: A minimum of an upper second class honours degree (2:1) or a lower second class honours degree (2:2) in a humanities or social sciences discipline and/or have relevant professional experience.,None,None,None,None,None,None,None,None,None,None,None,None,None,None,None,None,None,None,None,None,None,None,None,Second Lower,Accepted,None,None,None,None,None,None,None,None,None,None,None,None,None,None,None,None,None,None,None,None,None,6.5,5.5,None,None,None,None,Accepted,Accepted,None,None,Additional Requirements: None,https://www.westminster.ac.uk/media-and-communication-courses/2025-26/september/part-time-day/communication-ma,westminister.xlsx
University of Westminster,"Harrow, North-West London",https://www.westminster.ac.uk/courses/graphic-design-ba-honours,graphic-design-ba-honours,Bachelor's,48 UCAS Tariff points,//www.ucas.com,"A levels – DD, T levels – 48 UCAS Tariff points, International Baccalaureate – 48 UCAS Tariff points from all components of the Diploma Programme, BTEC Extended Diploma – PPP, BTEC Diploma – MP, Access – 48 UCAS Tariff points from the Access course",DD,None,None,None,None,None,None,None,None,None,None,None,None,None,None,Required,GCSE English Language grade 4/C – IB grade 4 Higher level; GCSE Maths Pass - IB Pass,"English Language, Maths",4/C,None,None,None,None,None,None,None,None,None,None,None,None,None,None,None,None,None,None,None,None,None,None,None,None,None,None,None,6.0,5.5,None,None,None,None,None,None,None,None,None,https://www.westminster.ac.uk/art-design-and-visual-culture-media-and-communication-courses/2025-26/september/full-time/graphic-design-with-foundation-ba-honours,westminister.xlsx
University of Westminster,Central London,https://www.westminster.ac.uk/courses/psychology-and-counselling-bsc-hons,psychology-and-counselling-bsc-hons,Bachelor's,104 UCAS Tariff points,//www.ucas.com,"A Levels, T Levels, International Baccalaureate, BTEC Extended Diploma, BTEC Diploma, Access to Higher Education Diploma",BCC,None,None,None,None,None,DMM,None,DMM,None,None,None,None,None,None,None,"GCSE English Language grade 4/C, GCSE Maths grade 4/C","English Language, Maths",4/C,None,None,None,None,None,None,None,None,None,None,None,None,None,None,None,None,None,None,None,None,None,None,None,None,None,None,None,6.0,5.5,None,None,None,None,None,None,None,None,None,https://www.westminster.ac.uk/psychology-courses/2025-26/september/full-time/psychology-and-counselling-bsc-honours,westminister.xlsx
University of Westminster,"Marylebone, Central London",https://www.westminster.ac.uk/courses/digital-marketing-ba-hons,digital-marketing,Bachelor's,112 UCAS Tariff points,//www.ucas.com,"A Levels, T Levels, International Baccalaureate, BTEC Extended Diploma, BTEC Diploma, Access",BBC,None,None,None,None,None,DMM,None,DMM,None,None,None,None,None,None,None,"GCSE English Language grade 4/C, GCSE Maths grade 4/C","English Language, Maths",4/C,None,None,None,None,None,None,None,None,None,None,None,None,None,None,None,None,None,None,None,None,None,None,None,None,None,None,None,6.0,5.5,None,None,None,None,None,None,None,None,None,https://www.westminster.ac.uk/marketing-courses/2025-26/september/full-time/digital-marketing-ba-honours,westminister.xlsx
University of Westminster,Central London,https://www.westminster.ac.uk/courses/professional-writing-with-extended-work-placement-ma,professional-writing-with-extended-work-placement,Master's,None,None,A minimum of a lower second class honours degree (2:2).,None,None,None,None,None,None,None,None,None,None,None,None,None,None,None,None,None,None,None,None,None,None,None,Second Lower,Accepted,None,None,None,None,None,None,None,None,None,None,None,None,None,None,None,None,None,None,None,None,None,6.5,6.0,None,None,None,None,Accepted,Accepted,None,None,None,https://www.westminster.ac.uk/english-and-creative-writing-courses/2025-26/september/full-time/professional-writing-with-extended-work-placement-ma,westminister.xlsx
University of Westminster,Central London,https://www.westminster.ac.uk,international-and-commercial-dispute-resolution-law-llm,Master's,None,None,UCAS Relevant Qualification: A minimum of a lower second class honours degree (2:2).,None,None,None,None,None,None,None,None,None,None,None,None,None,None,None,None,None,None,None,None,None,None,None,Minimum of a lower second class honours degree (2:2),Accepted,None,None,None,None,None,None,None,None,None,None,None,None,None,None,None,None,None,None,None,None,None,6.5,6.0,None,None,None,None,None,None,None,None,Additional Requirements: None,https://www.westminster.ac.uk/law-courses/2025-26/september/part-time-day-evening/international-and-commercial-dispute-resolution-law-llm,westminister.xlsx
University of Westminster,Central London,https://www.westminster.ac.uk/courses/spanish-and-international-communication-ba,spanish-and-international-communication,Bachelor's,104 UCAS Tariff points,//www.ucas.com,"A levels, T levels, International Baccalaureate, BTEC Extended Diploma, BTEC Diploma, Access to Higher Education Diploma",BCC,None,None,None,None,None,DMM,None,DMM,None,None,None,None,None,None,None,"GCSE English Language grade 4/C, GCSE Maths grade 4/C","English Language, Maths",4,None,None,None,None,None,None,None,None,None,None,None,None,None,None,None,None,None,None,None,None,None,None,None,None,None,None,None,6.0,5.5,None,None,None,None,None,None,None,None,None,https://www.westminster.ac.uk/languages-courses/2025-26/september/full-time/spanish-and-international-communication-ba-honours,westminister.xlsx
University of Westminster,Central London,https://www.westminster.ac.uk/courses/arabi-and-international-relations-ba-hons,arabic-and-international-relations,Bachelor's,104 UCAS Tariff points,//www.ucas.com,"A levels, T levels, International Baccalaureate, BTEC Extended Diploma, BTEC Diploma, Access to Higher Education Diploma",BCC,None,None,None,None,None,DMM,None,DMM,None,None,None,None,None,None,None,"GCSE English Language grade 4/C, GCSE Maths grade 4/C","English Language, Maths",4/C,None,None,None,None,None,None,None,None,None,None,None,None,None,None,None,None,None,None,None,None,None,None,None,None,None,None,None,6.0,5.5,None,None,None,None,None,None,None,None,None,https://www.westminster.ac.uk/languages-politics-and-international-relations-courses/2025-26/september/part-time-day/arabic-and-international-relations-ba-honours,westminister.xlsx
University of Westminster,Central London,https://www.westminster.ac.uk,english-language-and-linguistics-ma,Master's,None,None,"A minimum of a lower second class honours degree (2:2) in a relevant discipline including English language, linguistics or TESOL.",None,None,None,None,None,None,None,None,None,None,None,None,None,None,None,None,None,None,None,None,None,None,None,Second Lower,None,None,None,None,None,None,None,None,None,None,None,None,None,None,None,None,None,None,None,None,None,None,6.5,6.0,None,None,None,None,Accepted,Accepted,None,None,None,https://www.westminster.ac.uk/english-and-creative-writing-courses/2025-26/january/full-time/english-language-and-linguistics-ma,westminister.xlsx
University of Westminster,London,https://www.westminster.ac.uk/courses/music-business-management-ma,music-business-management,Master's,None,None,"UCAS Relevant Qualification: ""A minimum of an upper second class honours degree (2:1) or a lower second class honours degree (2:2) in a relevant degree. We will consider non-graduates if they have extensive industry experience.""",None,None,None,None,None,None,None,None,None,None,None,None,None,None,None,None,None,None,None,None,None,None,None,Second Lower,Accepted,None,None,None,None,None,None,None,None,None,None,None,None,None,None,None,None,None,None,None,None,None,6.5,6.0,None,None,None,None,None,None,None,None,Additional Requirements: None,https://www.westminster.ac.uk/music-courses/2025-26/september/full-time/music-business-management-ma,westminister.xlsx
University of Westminster,Central London,https://www.westminster.ac.uk/courses/entertainment-law-llm,entertainment-law-llm,Master's,None,None,A minimum of a lower second class honours degree (2:2) in Law or a degree with a skills profile which shows an aptitude for legal study.,None,None,None,None,None,None,None,None,None,None,None,None,None,None,None,None,None,None,None,None,None,None,None,Lower second class honours degree (2:2),Accepted,None,None,None,None,None,None,None,None,None,None,None,None,None,None,None,Accepted,None,None,None,None,None,6.5,6.0,None,None,None,None,Accepted,Accepted,None,None,Applicants are required to submit one academic reference or one professional reference if employed.,https://www.westminster.ac.uk/law-courses/2025-26/january/part-time-day-evening/entertainment-law-llm,westminister.xlsx
University of Westminster,"Marylebone, Central London",https://www.westminster.ac.uk/courses/interior-architecture-ma,interior-architecture-ma,Master's,None,None,"A minimum of a lower second class honours degree (2:2) in Architecture, Interior Architecture, Interior Design or a related design discipline. We also consider applicants from recognised international pre-Master's programmes which include a portfolio element. We may also consider qualifications in other related subject areas, as well as demonstrable practical experience or knowledge of interior architecture, at the appropriate level.",None,None,None,None,None,None,None,None,None,None,None,None,None,None,None,Required,None,None,None,None,None,None,None,None,None,None,None,None,None,None,None,None,None,None,None,None,None,None,None,None,None,None,None,None,None,None,6.5,6.0,None,None,None,None,None,None,None,None,None,https://www.westminster.ac.uk/architecture-interiors-and-urban-design-courses/2025-26/september/part-time-day/interior-architecture-ma,westminister.xlsx
University of Westminster,Central London,https://www.westminster.ac.uk/courses/data-science-and-analytics-bsc-hons,data-science-and-analytics-bsc-hons,Bachelor's,64 UCAS Tariff points,//www.ucas.com,"A Levels, T Levels, International Baccalaureate, BTEC Extended Diploma, BTEC Diploma, Access to Higher Education Diploma",DDE,None,None,None,None,None,MPP,None,None,None,None,None,None,None,None,None,"GCSE English Language grade 4/C, GCSE Maths grade 4/C","English, Maths",4,None,None,None,None,None,None,None,None,None,None,None,None,None,None,None,None,None,None,None,None,None,None,None,None,None,None,None,6.0,5.5,None,None,None,None,None,None,None,None,None,https://www.westminster.ac.uk/computer-science-and-engineering-data-science-and-informatics-courses/2025-26/september/full-time/data-science-and-analytics-with-foundation-bsc-honours,westminister.xlsx
University of Westminster,Central London,https://www.westminster.ac.uk,legal-practice-course,Master's,None,None,"UCAS Relevant Qualification: ""Qualifying Law degree or non-law degree followed by Graduate Diploma in Law (GDL) or Chartered Institute of Legal Executives (CILEx) Level 6 qualification.""",None,None,None,None,None,None,None,None,None,None,None,None,None,None,None,None,None,None,None,None,None,None,None,Second Lower,None,Accepted,None,None,None,None,None,None,None,None,None,None,None,None,None,None,None,None,None,None,None,None,6.5,6.0,None,None,None,None,None,None,None,None,Additional Requirements: None,https://www.westminster.ac.uk/law-courses/2025-26/september/part-time-evening-only/legal-practice-postgraduate-diploma,westminister.xlsx
University of Westminster,"Marylebone, Central London",https://www.westminster.ac.uk/courses/international-human-resource-management-ma,international-human-resource-management,Master's,None,None,"UCAS Relevant Qualification: A minimum of a lower second class honours degree (2:2). Relevant degree disciplines include: business studies, economics, geography, management, and operations research. However, students with qualifications in other disciplines such as engineering, environmental sciences, the humanities and languages are also encouraged to apply.",None,None,None,None,None,None,None,None,None,None,None,None,None,None,None,None,None,None,None,None,None,None,None,Second Lower,None,None,None,None,None,None,None,None,None,None,None,None,None,None,None,None,None,None,None,None,None,None,6.5,6.0,None,Accepted with a grade of C,None,None,None,Accepted,None,None,Additional Requirements: None,https://www.westminster.ac.uk/business-and-management-courses/2025-26/january/full-time/international-human-resource-management-ma,westminister.xlsx
University of Westminster,"London, UK",https://www.westminster.ac.uk,bachelor-degree,Bachelor's,None,None,None,None,None,None,None,None,None,None,None,None,None,None,None,None,None,None,None,None,None,None,None,None,None,None,None,None,None,None,None,None,None,None,None,None,None,None,None,None,None,None,None,None,None,None,None,None,None,None,None,None,None,None,None,None,None,None,None,None,https://www.westminster.ac.uk/music-courses/2025-26/september/full-time/music-production-performance-and-business-with-foundation-ba-honours,westminister.xlsx
University of Westminster,"Marylebone, Central London",https://www.westminster.ac.uk/courses/investment-and-risk-finance-msc,investment-and-risk-finance,Master's,None,None,"UCAS Relevant Qualification: ""A minimum of a lower second class honours degree (2:2) in relevant degree disciplines including business studies, economics, geography, management, and operations research. Alternative professional qualifications with at least three years of relevant professional experience will also be considered.""",None,None,None,None,None,None,None,None,None,None,None,None,None,None,None,None,None,None,None,None,None,None,None,Second Lower,Alternative professional qualifications with at least three years of relevant professional experience will also be considered.,None,None,None,None,None,None,None,None,None,None,None,None,None,None,None,None,None,None,None,None,None,6.5,6.0,None,None,None,None,None,None,None,None,Additional Requirements: None,https://www.westminster.ac.uk/accounting-and-finance-courses/2025-26/january/full-time/investment-and-risk-finance-msc,westminister.xlsx
University of Westminster,Central London,https://www.westminster.ac.uk,psychology-and-criminology,Bachelor's,104 UCAS Tariff points,//www.ucas.com,"A Levels, T Levels, International Baccalaureate, BTEC Extended Diploma, BTEC Diploma, Access to Higher Education Diploma",BCC,None,None,None,None,None,DMM,None,DMM,None,None,None,None,None,None,None,"GCSE English Language grade 4/C, GCSE Maths grade 4/C","English Language, Maths",4/C,None,None,None,None,None,None,None,None,None,None,None,None,None,None,None,None,None,None,None,None,None,None,None,None,None,None,None,6.0,5.5,None,None,None,None,None,None,None,None,None,https://www.westminster.ac.uk/criminology-and-sociology-psychology-courses/2025-26/september/full-time/psychology-and-criminology-bsc-honours,westminister.xlsx
University of Westminster,"Harrow, North-West London",https://www.westminster.ac.uk/courses/expanded-photography-ma,expanded-photography-ma,Master's,None,None,UCAS Relevant Qualification: A minimum of an upper second class honours degree (2:1) or a lower second class honours degree (2:2) with relevant experience in related subject areas.,Required,None,None,None,None,None,None,None,None,None,None,None,None,None,None,None,None,None,None,None,None,None,None,Second Lower,None,None,None,None,None,None,None,None,None,None,None,None,None,None,None,None,None,None,None,None,None,None,6.5,6.0,None,None,None,None,None,None,None,None,Additional Requirements: None,https://www.westminster.ac.uk/art-design-and-visual-culture-courses/2025-26/september/full-time/expanded-photography-ma,westminister.xlsx
University of Westminster,Central London,https://www.westminster.ac.uk/courses/data-science-and-analytics-msc,data-science-and-analytics,Master's,None,None,"UCAS Relevant Qualification: ""A minimum of a lower second class honours degree (2:2) in a scientific or engineering discipline with some exposure to the use of IT, or in an area of computer science or IT with a strong interest in quantitative analysis.""",None,None,None,None,None,None,None,None,None,None,None,None,None,None,None,None,None,None,None,None,None,None,None,Second Lower,None,None,None,None,None,None,None,None,None,None,None,None,None,None,None,None,None,None,None,None,None,None,6.5,6.0,None,None,None,None,None,None,None,None,Additional Requirements: None,https://www.westminster.ac.uk/computer-science-and-engineering-data-science-and-informatics-courses/2025-26/january/full-time/data-science-and-analytics-msc,westminister.xlsx
University of Westminster,Central London,https://www.westminster.ac.uk/courses/arabic-and-english-ba-hons,arabic-and-english-ba-hons,Bachelor's,104 UCAS Tariff points,None,"A levels, T levels, International Baccalaureate, BTEC Extended Diploma, BTEC Diploma, Access to Higher Education Diploma",BCC,None,None,None,None,None,DMM,None,DMM,None,None,None,None,None,None,None,"GCSE English Language grade 4/C, GCSE Maths grade 4/C","English Language, Maths",4/C,None,None,None,None,None,None,None,None,None,None,None,None,None,None,None,None,None,None,None,None,None,None,None,None,None,None,None,6.0,5.5,None,None,None,None,None,None,None,None,None,https://www.westminster.ac.uk/languages-courses/2025-26/september/part-time-day/arabic-and-english-ba-honours,westminister.xlsx
University of Westminster,Central London,https://www.westminster.ac.uk/courses/business-of-film-ma,business-of-film,Master's,None,None,UCAS Relevant Qualification: A minimum of an upper second class honours degree (2:1) or a lower second class honours degree (2:2) and substantial relevant work experience.,2:1 or 2:2,None,None,None,None,None,None,None,None,None,None,None,None,None,None,None,None,None,None,None,None,None,None,Second Lower,Accepted,None,None,None,None,None,None,None,None,None,None,None,None,None,None,None,None,None,None,None,None,None,6.5,5.5,None,None,None,None,None,None,None,None,Additional Requirements: None,https://www.westminster.ac.uk/business-and-management-film-and-television-courses/2025-26/september/part-time-day-evening/business-of-film-ma,westminister.xlsx
University of Westminster,Central London,https://www.westminster.ac.uk/courses/french-and-international-communication-ba,french-and-international-communication,Bachelor's,104 UCAS Tariff points,//www.ucas.com,"A levels, T levels, International Baccalaureate, BTEC Extended Diploma, BTEC Diploma, Access to Higher Education Diploma",BCC,None,None,None,None,None,DMM,None,DMM,None,None,None,None,None,None,None,"GCSE English Language grade 4/C, GCSE Maths grade 4/C","English Language, Maths",4/C,None,None,None,None,None,None,None,None,None,None,None,None,None,None,None,None,None,None,None,None,None,None,None,None,None,None,None,6.0,5.5,None,None,None,None,None,None,None,None,None,https://www.westminster.ac.uk/languages-courses/2025-26/september/full-time/french-and-international-communication-ba-honours,westminister.xlsx
University of Westminster,"Marylebone, Central London",https://www.westminster.ac.uk/courses/human-resource-management-ma,human-resource-management,Master's,None,None,"UCAS Relevant Qualification: ""A minimum of a lower second class honours degree (2:2) in relevant degree disciplines such as business studies, economics, geography, management, and operations research. Alternative professional qualifications with at least three years of relevant professional experience will also be considered.""",None,None,None,None,None,None,None,None,None,None,None,None,None,None,None,None,None,None,None,None,None,None,None,Second Lower,None,None,None,None,None,None,None,None,None,None,None,None,None,None,None,None,None,None,None,None,None,None,6.5,6.0,None,None,None,None,None,None,None,None,Additional Requirements: None,https://www.westminster.ac.uk/business-and-management-courses/2025-26/september/part-time-day-evening/human-resource-management-ma,westminister.xlsx
University of Westminster,"Harrow, North-West London",https://www.westminster.ac.uk/courses/fashion-photography-ba,fashion-photography,Bachelor's,96 UCAS Tariff points,//www.ucas.com,"A Levels, T Levels, International Baccalaureate, BTEC Extended Diploma, Access to Higher Education Diploma",CCC,None,None,None,None,None,MMM to DDM,None,MMM to DDM,DD to D*D*,None,None,None,None,None,Required,"GCSE English Language grade 4/C, GCSE Maths Pass","English Language, Maths",4/C,96 UCAS Tariff points,None,None,None,None,None,None,None,None,None,None,None,None,None,None,None,None,None,None,None,None,None,None,None,None,None,None,6.0,5.5,None,None,None,None,None,None,None,None,None,https://www.westminster.ac.uk/art-design-and-visual-culture-fashion-media-and-communication-courses/2025-26/september/part-time-day/fashion-photography-ba-honours,westminister.xlsx
University of Westminster,Central London,https://www.westminster.ac.uk/courses/museums-galleries-and-contemporary-culture-ma,museums-galleries-and-contemporary-culture-ma,Master's,None,None,"UCAS Relevant Qualification: ""A minimum of a lower second class honours degree (2:2) in a relevant discipline, including culture and heritage studies, visual arts and media, languages and literature, and history.""",None,None,None,None,None,None,None,None,None,None,None,None,None,None,None,None,None,None,None,None,None,None,None,Second Lower,None,None,None,None,None,None,None,None,None,None,None,None,None,None,None,None,None,None,None,None,None,None,6.5,6.0,None,None,None,None,None,None,None,None,Additional Requirements: None,https://www.westminster.ac.uk/art-design-and-visual-culture-courses/2025-26/september/part-time-day/museums-galleries-and-contemporary-culture-ma,westminister.xlsx
University of Westminster,Central London,https://www.westminster.ac.uk/courses/arabi-and-international-communication-ba-hons,arabic-and-international-communication-ba-hons,Bachelor's,56 UCAS Tariff points,//www.ucas.com,"A levels, T levels, International Baccalaureate, BTEC Extended Diploma, BTEC Diploma, Access to Higher Education Diploma",DEE,None,None,None,None,None,MPP,None,None,None,None,None,None,None,None,None,"GCSE English Language grade 4/C, GCSE Maths grade 4/C","English, Maths",4,None,None,None,None,None,None,None,None,None,None,None,None,None,None,None,None,None,None,None,None,None,None,None,None,None,None,None,6.0,5.5,None,None,None,None,None,None,None,None,None,https://www.westminster.ac.uk/languages-courses/2025-26/september/full-time/arabic-and-international-communication-with-foundation-ba-honours,westminister.xlsx
University of Westminster,Central London,https://www.westminster.ac.uk/courses/international-relations-ma,international-relations-ma,Master's,None,None,UCAS Relevant Qualification: A minimum of a lower second class honours degree (2:2) in a related discipline in social sciences or humanities.,None,None,None,None,None,None,None,None,None,None,None,None,None,None,None,None,None,None,None,None,None,None,None,Second Lower,None,None,None,None,None,None,None,None,None,None,None,None,None,None,None,None,None,None,None,None,None,None,6.5,6.0,None,None,None,None,Accepted,Accepted,None,None,Additional Requirements: None,https://www.westminster.ac.uk/politics-and-international-relations-courses/2025-26/september/full-time/international-relations-ma,westminister.xlsx
University of Westminster,"Marylebone, Central London",https://www.westminster.ac.uk/courses/mba,mba,Master's,None,None,A minimum of a lower second class honours degree (2:2) in any discipline.,None,None,None,None,None,None,None,None,None,None,None,None,None,None,None,None,None,None,None,None,None,None,None,None,None,None,None,None,None,None,None,None,None,None,None,None,None,None,None,None,None,None,None,None,None,We may also interview applicants either in person or online.,6.5,6.0,None,None,None,None,None,None,None,None,None,https://www.westminster.ac.uk/business-and-management-courses/2025-26/september/full-time/master-of-business-administration-mba,westminister.xlsx
University of Westminster,Central London,https://www.westminster.ac.uk,english-language-and-linguistics,Bachelor's,104 UCAS Tariff points,//www.ucas.com,"A Levels, T Levels, International Baccalaureate, BTEC Extended Diploma, BTEC Diploma, Access to Higher Education Diploma",BCC,None,None,None,None,None,DMM,None,None,None,None,None,None,None,None,None,"GCSE English Language grade 4/C, GCSE Maths grade 4/C","English Language, Maths",4/C,None,None,None,None,None,None,None,None,None,None,None,None,None,None,None,None,None,None,None,None,None,None,None,None,None,None,None,6.0,5.5,None,None,None,None,None,None,None,None,None,https://www.westminster.ac.uk/english-and-creative-writing-courses/2025-26/september/part-time-day/english-language-and-linguistics-ba-honours,westminister.xlsx
University of Westminster,Central London,https://www.westminster.ac.uk/courses/arabic-and-linguistics-ba,arabic-and-linguistics-ba,Bachelor's,104,https://www.ucas.com,"UCAS Relevant Qualification: ""A levels– BCC, T levels– 104 UCAS Tariff points, International Baccalaureate– 104 UCAS Tariff points from all components of the Diploma Programme, BTEC Extended Diploma– DMM, BTEC Diploma– D*D, Access– 104 UCAS Tariff points from the Access course""",BCC,None,None,None,None,None,DMM,None,None,None,None,None,None,None,None,None,Grade 4/C in English Language and Maths,"English Language, Maths",4/C,None,None,None,None,None,None,None,None,CACHE Technical Level 3 Requirement: None,None,None,None,None,None,None,None,None,None,None,None,None,None,None,None,None,None,None,6.0,5.5,None,None,None,None,None,None,None,None,Additional Requirements: None,https://www.westminster.ac.uk/languages-courses/2025-26/september/part-time-day/arabic-and-linguistics-ba-honours,westminister.xlsx
University of Westminster,"Marylebone, Central London",https://www.westminster.ac.uk,construction-management-bsc-hons,Bachelor's,72 UCAS Tariff points,//www.ucas.com,"A levels, T levels, International Baccalaureate, BTEC Extended Diploma, BTEC Diploma, Access to Higher Education Diploma",DDD,None,None,None,None,None,MMP,None,None,None,None,None,None,None,None,None,"GCSE English Language grade 4/C, GCSE Maths grade 4/C","English Language, Maths",4/C,None,None,None,None,None,None,None,None,None,None,None,None,None,None,None,None,None,None,None,None,None,None,None,None,None,None,None,6.0,5.5,None,None,None,None,None,None,None,None,None,https://www.westminster.ac.uk/construction-surveying-and-real-estate-courses/2025-26/september/full-time/construction-management-with-foundation-bsc-honours,westminister.xlsx
University of Westminster,Central London,https://www.westminster.ac.uk,english-language-and-literature-ma,Master's,None,None,"A minimum of a lower second class honours degree (2:2) in a relevant subject (e.g. English language, English literature or TESOL).",None,None,None,None,None,None,None,None,None,None,None,None,None,None,None,None,None,None,None,None,None,None,None,Second Lower,None,None,None,None,None,None,None,None,None,None,None,None,None,None,None,None,None,None,None,None,None,None,6.5,6.0,None,None,None,None,Accepted,Accepted,None,None,None,https://www.westminster.ac.uk/english-and-creative-writing-courses/2025-26/september/part-time-day/english-language-and-literature-ma,westminister.xlsx
University of Westminster,Central London,https://www.westminster.ac.uk/courses/professional-writing-ma,professional-writing,Master's,None,None,UCAS Relevant Qualification: A minimum of a lower second class honours degree (2:2).,None,None,None,None,None,None,None,None,None,None,None,None,None,None,None,None,None,None,None,None,None,None,None,Second Lower,None,None,None,None,None,None,None,None,None,None,None,None,None,None,None,None,None,None,None,None,None,None,6.5,6.0,None,None,None,None,None,None,None,None,Additional Requirements: None,https://www.westminster.ac.uk/english-and-creative-writing-courses/2025-26/january/part-time-day/professional-writing-ma,westminister.xlsx
University of Westminster,Central London,https://www.westminster.ac.uk/courses/politics-ba-honours,politics-ba-honours,Bachelor's,56 UCAS Tariff points,//www.ucas.com,"A Levels, T Levels, International Baccalaureate, BTEC Extended Diploma, BTEC Diploma, Access to Higher Education Diploma",DEE,None,None,None,None,None,MPP,None,None,None,None,None,None,None,None,None,"GCSE English Language grade 4/C, GCSE Maths grade 4/C","English Language, Maths",4,None,None,None,None,None,None,None,None,None,None,None,None,None,None,None,None,None,None,None,None,None,None,None,Accepted,None,None,None,6.0,5.5,None,None,None,None,Accepted,Accepted,None,None,None,https://www.westminster.ac.uk/politics-and-international-relations-courses/2025-26/september/full-time/politics-with-foundation-ba-honours,westminister.xlsx
University of Westminster,"Harrow, North-West London",https://www.westminster.ac.uk/courses/multimedia-journalism-ma-print-online,multimedia-journalism,Master's,None,None,UCAS Relevant Qualification: A minimum of an upper second class honours degree (2:1).,Required,None,None,None,None,None,None,None,None,None,None,None,None,None,None,None,None,None,None,None,None,None,None,Second Upper,Accepted,None,None,None,None,None,None,None,None,None,None,None,None,None,None,None,None,None,None,None,None,None,7.0,6.0,None,None,None,None,None,None,None,None,Additional Requirements: None,https://www.westminster.ac.uk/media-and-communication-courses/2025-26/september/part-time-day-evening/multimedia-journalism-print-online-ma,westminister.xlsx
University of Westminster,"Harrow, North-West London",https://www.westminster.ac.uk/courses/multimedia-journalism-ma-print-online,multimedia-journalism,Master's,None,None,UCAS Relevant Qualification: A minimum of an upper second class honours degree (2:1).,2:1,None,None,None,None,None,None,None,None,None,None,None,None,None,None,None,None,None,None,None,None,None,None,Second Upper,Accepted,None,None,None,None,None,None,None,None,None,None,None,None,None,None,None,None,None,None,None,None,None,7.0,6.0,None,None,None,None,None,None,None,None,Additional Requirements: None,https://www.westminster.ac.uk/media-and-communication-courses/2025-26/september/full-time/multimedia-journalism-print-online-ma,westminister.xlsx
University of Westminster,Central London,https://www.westminster.ac.uk/courses/biomedical-science-bsc-hons,biomedical-science,Bachelor's,96 UCAS Tariff points,//www.ucas.com,"A levels– CCC, with two Science subjects from Biology, Chemistry, Physics or Maths; T levels– 96 UCAS Tariff points in Science; International Baccalaureate– 96 UCAS Tariff points from the IB including a minimum of 4 in two HL science subjects; BTEC Extended Diploma– MMM in Applied Science; BTEC Diploma– DD in Applied Science; Access– 96 UCAS Tariff points from the Access course in Science",CCC,"Biology,Chemistry,Physics,Maths",None,None,None,None,MMM,None,MMM,None,None,None,None,None,None,None,"GCSE English Language grade 4/C, GCSE Maths grade 4/C","English,Maths",4/C,96 UCAS Tariff points in Science,None,None,None,None,None,None,None,None,None,None,None,None,None,None,None,None,None,None,None,None,None,None,None,None,None,None,6.0,5.5,None,None,None,None,None,None,None,None,"Health and Care Professions Council (HCPC) requires that students must be capable of attaining the equivalent to IELTS 7.0, with no component part scoring below 6.5, at the point of graduation.",https://www.westminster.ac.uk/biological-and-biomedical-sciences-courses/2025-26/september/full-time/biomedical-science-bsc-honours,westminister.xlsx
University of Westminster,"Marylebone, Central London",https://www.westminster.ac.uk/courses/interior-architecture-ba-hons,interior-architecture-ba-hons,Bachelor's,96 UCAS Tariff points,//www.ucas.com,"A levels, T levels, BTEC Extended Diploma, Access to Higher Education Diploma, International Baccalaureate",CCC,"English Language, Maths","4/C in English Language, 4/C in Maths",None,None,None,MMM BTEC Extended Diploma,None,None,None,None,None,None,None,None,None,"4/C in English Language, 4/C in Maths","English Language, Maths",4/C,96 UCAS Tariff points,None,None,None,None,None,None,None,None,None,None,None,None,None,None,None,None,None,None,None,None,None,None,Accepted,None,None,None,6.0,5.5,None,None,None,None,None,None,None,None,None,https://www.westminster.ac.uk/architecture-interiors-and-urban-design-courses/2025-26/september/full-time/interior-architecture-with-foundation-ba-honours,westminister.xlsx
University of Westminster,Central London,https://www.westminster.ac.uk,counselling,Postgraduate Diploma,None,None,UCAS Relevant Qualification: A minimum of a lower second-class honours degree (2:2). Applicants will also be considered on the basis of previous work experience.,None,None,None,None,None,None,None,None,None,None,None,None,None,None,None,None,None,None,None,None,None,None,None,Lower Second-Class Honours (2:2),Accepted,None,None,None,None,None,None,None,None,None,None,None,None,None,None,None,None,None,None,None,None,None,6.5,6.0,None,None,None,None,None,None,None,None,"Recognition of prior learning and experience: ""If you have previously studied at university level, or have equivalent work experience, academic credit may be awarded towards your course at Westminster.""",https://www.westminster.ac.uk/psychology-courses/2025-26/september/part-time-day/counselling-pgdip,westminister.xlsx
University of Westminster,"Marylebone, Central London",https://www.westminster.ac.uk,business-and-organisational-psychology,Master's,None,None,"UCAS Relevant Qualification: ""A minimum of a lower second class honours degree (2:2). Relevant degree disciplines include Psychology, Business, Social Science or Science.""",None,None,None,None,None,None,None,None,None,None,None,None,None,None,None,None,None,None,None,None,None,None,None,Second Lower,Graduate-level work experience in all areas will be considered.,None,None,None,None,None,None,None,None,None,None,None,None,None,None,None,None,None,None,None,None,None,6.5,6.0,None,None,None,None,None,None,None,None,Additional Requirements: None,https://www.westminster.ac.uk/business-and-management-psychology-courses/2025-26/january/part-time-day-evening/business-and-organisational-psychology-msc,westminister.xlsx
University of Westminster,Central London,https://www.westminster.ac.uk/courses/arabic-and-linguistics-ba,arabic-and-linguistics-ba,Bachelor's,104 UCAS Tariff points,//www.ucas.com,"A levels, T levels, International Baccalaureate, BTEC Extended Diploma, BTEC Diploma, Access to Higher Education Diploma",BCC,None,None,None,None,None,DMM,None,None,None,None,None,None,None,None,None,"GCSE English Language grade 4/C, GCSE Maths grade 4/C","English, Maths",4,None,None,None,None,None,None,None,None,None,None,None,None,None,None,None,None,None,None,None,None,None,None,None,None,None,None,None,6.0,5.5,None,None,None,None,None,None,None,None,None,https://www.westminster.ac.uk/languages-courses/2025-26/september/full-time/arabic-and-linguistics-ba-honours,westminister.xlsx
University of Westminster,"Harrow, North-West London",https://www.westminster.ac.uk/courses/multimedia-journalism-ma-broadcast,multimedia-journalism-broadcast,Master's,None,None,UCAS Relevant Qualification: A minimum of an upper second class honours degree (2:1).,None,None,None,None,None,None,None,None,None,None,None,None,None,None,None,None,None,None,None,None,None,None,None,Second Upper,Accepted,None,None,None,None,None,None,None,None,None,None,None,None,None,None,None,None,None,None,None,None,None,7.0,6.0,None,None,None,None,Accepted,Accepted,None,None,Additional Requirements: None,https://www.westminster.ac.uk/media-and-communication-courses/2025-26/september/full-time/multimedia-journalism-broadcast-ma,westminister.xlsx
University of Westminster,"Harrow, North-West London",https://www.westminster.ac.uk/courses/digital-media-and-communication-ba-hons,digital-media-and-communication,Bachelor's,104 UCAS Tariff points,//www.ucas.com,"A levels, T levels, International Baccalaureate, BTEC Extended Diploma, BTEC Diploma, Access to Higher Education Diploma",BCC,None,None,None,None,None,DMM,None,DMM,None,None,None,None,None,None,None,GCSE English Language grade 4/C,"English Language, Maths",None,None,None,None,None,None,None,None,None,None,None,None,None,None,None,None,None,None,None,None,None,None,None,None,None,None,None,None,6.5,5.5,None,None,None,None,None,None,None,None,None,https://www.westminster.ac.uk/media-and-communication-courses/2025-26/september/full-time/digital-media-and-communication-ba-honours,westminister.xlsx
University of Westminster,Central London,https://www.westminster.ac.uk/courses/entertainment-law-llm,entertainment-law-llm,Master's,None,None,A minimum of a lower second class honours degree (2:2) in Law or a degree with a skills profile which shows an aptitude for legal study. This course has been very successfully completed by a wide variety of non-law graduates.,None,None,None,None,None,None,None,None,None,None,None,None,None,None,None,None,None,None,None,None,None,None,None,Lower second class honours degree (2:2),Accepted,None,None,None,None,None,None,None,None,None,None,None,None,None,None,None,None,None,None,None,None,None,6.5,6.0,None,None,None,None,Accepted,Accepted,None,None,Applicants are required to submit one academic reference or one professional reference if employed. Recognition of prior learning and experience may apply.,https://www.westminster.ac.uk/law-courses/2025-26/september/part-time-day-evening/entertainment-law-llm,westminister.xlsx
University of Westminster,Central London,https://www.westminster.ac.uk/courses/international-communication-liaison-and-advocacy-ma,international-communication-liaison-and-advocacy-ma,Master's,None,None,UCAS Relevant Qualification: A minimum of a lower second class honours degree (2:2).,None,None,None,None,None,None,None,None,None,None,None,None,None,None,None,None,None,None,None,None,None,None,None,Second Lower,None,None,None,None,None,None,None,None,None,None,None,None,None,None,None,None,None,None,None,None,None,None,6.5,6.0,None,None,None,None,None,None,None,None,Additional Requirements: None,https://www.westminster.ac.uk/languages-courses/2025-26/september/part-time-day/international-communication-liaison-and-advocacy-ma,westminister.xlsx
University of Westminster,"Harrow, North-West London",https://www.westminster.ac.uk/courses/photography-ba,photography,Bachelor's,96 UCAS Tariff points,//www.ucas.com,"A Levels, T Levels, BTEC Extended Diploma, International Baccalaureate, Access to Higher Education Diploma",CCC,None,None,None,None,None,MMM,None,None,None,None,None,None,None,None,Required,"GCSE English Language grade 4/C, GCSE Maths Pass","English Language, Maths",4/C,96 UCAS Tariff points,None,None,None,None,None,None,None,None,None,None,None,None,None,None,None,None,None,None,None,None,None,None,None,None,None,Required,6.0,5.5,None,None,None,None,None,None,None,None,None,https://www.westminster.ac.uk/art-design-and-visual-culture-courses/2025-26/september/part-time-day/photography-ba-honours,westminister.xlsx
University of Westminster,Central London,https://www.westminster.ac.uk,chinese-and-english-with-professional-experience,Bachelor's,104 UCAS Tariff points,None,"A Levels, T Levels, International Baccalaureate, BTEC Extended Diploma, BTEC Diploma, Access to Higher Education Diploma",BCC,None,None,None,None,None,DMM,None,DMM,None,None,None,None,None,None,None,"GCSE English Language grade 4/C, GCSE Maths grade 4/C","English Language, Maths",4/C,None,None,None,None,None,None,None,None,None,None,None,None,None,None,None,None,None,None,None,None,None,None,None,None,None,None,None,6.0,5.5,None,None,None,None,None,None,None,None,None,https://www.westminster.ac.uk/english-and-creative-writing-languages-courses/2025-26/september/full-time/chinese-and-english-ba-honours,westminister.xlsx
University of Westminster,Central London,https://www.westminster.ac.uk,spanish-and-english-with-professional-experience,Bachelor's,104 UCAS Tariff points,None,"A levels, T levels, International Baccalaureate, BTEC Extended Diploma, BTEC Diploma, Access to Higher Education Diploma",BCC,None,None,None,None,None,DMM,None,DMM,None,None,None,None,None,None,None,"GCSE English Language grade 4/C, GCSE Maths grade 4/C","English Language, Maths",4,None,None,None,None,None,None,None,None,None,None,None,None,None,None,None,None,None,None,None,None,None,None,None,None,None,None,None,6.0,5.5,None,None,None,None,None,None,None,None,None,https://www.westminster.ac.uk/languages-courses/2025-26/september/part-time-day/spanish-and-english-ba-honours,westminister.xlsx
University of Westminster,"Marylebone, Central London",https://www.westminster.ac.uk,economic-policy-and-analysis,Master's,None,None,"UCAS Relevant Qualification: ""A relevant degree would be a single Honours or a major in Economics, a quantitative discipline with a minor in Economics, or a more general first degree with a significant study of economics and quantitative methods.""",None,None,None,None,None,None,None,None,None,None,None,None,None,None,None,None,None,None,None,None,None,None,None,Second Lower,Accepted,None,None,None,None,None,None,None,None,None,None,None,None,None,None,None,None,None,None,None,None,None,6.5,6.0,None,None,None,None,None,None,None,None,Additional Requirements: None,https://www.westminster.ac.uk/economics-courses/2025-26/september/full-time/economic-policy-and-analysis-msc,westminister.xlsx
University of Westminster,Central London,https://www.westminster.ac.uk/courses/spanish-and-international-communication-ba-hons,spanish-and-international-communication,Bachelor's,56 UCAS Tariff points,//www.ucas.com,"A levels, T levels, International Baccalaureate, BTEC Extended Diploma, BTEC Diploma, Access to Higher Education Diploma",DEE,None,None,None,None,None,MPP,None,None,None,None,None,None,None,None,None,"GCSE English Language grade 4/C, GCSE Maths grade 4/C","English, Maths",4,None,None,None,None,None,None,None,None,None,None,None,None,None,None,None,None,None,None,None,None,None,None,None,None,None,None,None,6.0,5.5,None,None,None,None,None,None,None,None,None,https://www.westminster.ac.uk/languages-courses/2025-26/september/full-time/spanish-and-international-communication-with-foundation-ba-honours,westminister.xlsx
University of Westminster,Central London,https://www.westminster.ac.uk/courses/french-and-linguistics-ba-hons,french-and-linguistics-ba-hons,Bachelor's,104 UCAS Tariff points,//www.ucas.com,"A levels, T levels, International Baccalaureate, BTEC Extended Diploma, BTEC Diploma, Access to Higher Education Diploma",BCC,None,None,None,None,None,DMM,None,DMM,None,None,None,None,None,None,None,"GCSE English Language grade 4/C, GCSE Maths grade 4/C","English Language, Maths",4/C,None,None,None,None,None,None,None,None,None,None,None,None,None,None,None,None,None,None,None,None,None,None,None,None,None,None,None,6.0,5.5,None,None,None,None,None,None,None,None,None,https://www.westminster.ac.uk/languages-courses/2025-26/september/part-time-day/french-and-linguistics-ba-honours,westminister.xlsx
University of Westminster,Central London,https://www.westminster.ac.uk,international-commercial-and-corporate-law-llm,Master's,None,None,A minimum of a lower second class honours degree (2:2) in Law or an upper second class honours degree (2:1) in a non-related degree with a demonstrated legal interest.,None,None,None,None,None,None,None,None,None,None,None,None,None,None,None,None,None,None,None,None,None,None,None,Lower second class honours degree (2:2) or upper second class honours degree (2:1),Accepted,None,None,None,None,None,None,None,None,None,None,None,None,None,None,None,Required,Required,None,None,None,None,6.5,6.0,None,None,None,None,None,None,None,None,None,https://www.westminster.ac.uk/law-courses/2025-26/september/part-time-day-evening/international-commercial-and-corporate-law-llm,westminister.xlsx
University of Westminster,Central London,https://www.westminster.ac.uk,event-design-and-management,Master's,None,None,"UCAS Relevant Qualification: A minimum of an upper second class honours degree (2:1) or a lower second class honours degree (2:2) and an essay. Exceptionally, an applicant without these formal qualifications but with considerable work experience in the conference or events industry may be accepted at the discretion of the Course Leader.",Required,None,None,None,None,None,None,None,None,None,None,None,None,None,None,None,None,None,None,None,None,None,None,Second Lower,Accepted,None,None,None,None,None,None,None,None,None,None,None,None,None,None,None,None,None,None,None,None,None,6.5,6.0,None,None,None,None,Accepted,Accepted,None,None,Additional Requirements: None,https://www.westminster.ac.uk/tourism-and-events-management-courses/2025-26/september/part-time-day-evening/event-design-and-management-ma,westminister.xlsx
University of Westminster,Central London,https://www.westminster.ac.uk/courses/teaching-english-to-speakers-of-other-languages-ma,teaching-english-to-speakers-of-other-languages,Master's,None,None,UCAS Relevant Qualification: None,None,None,None,None,None,None,None,None,None,None,None,None,None,None,None,None,None,None,None,None,None,None,None,Second Lower,None,None,None,None,None,None,None,None,None,None,None,None,None,None,None,None,None,None,None,None,None,None,6.5,6.0,None,None,None,None,Accepted,Accepted,None,None,Additional Requirements: None,https://www.westminster.ac.uk/english-and-creative-writing-courses/2025-26/january/part-time-day/teaching-english-to-speakers-of-other-languages-tesol-ma,westminister.xlsx
University of Westminster,Central London,https://www.westminster.ac.uk/courses/english-literature-ba,english-literature-ba,Bachelor's,104 UCAS Tariff points,//www.ucas.com,"A levels, T levels, International Baccalaureate, BTEC Extended Diploma, BTEC Diploma, Access to Higher Education Diploma",BCC,None,None,None,None,None,DMM,None,None,None,None,None,None,None,None,None,"GCSE English Language grade 4/C, GCSE Maths grade 4/C","English Language, Maths",4,None,None,None,None,None,None,None,None,None,None,None,None,None,None,None,None,None,None,None,None,None,None,None,None,None,None,None,6.0,5.5,None,None,None,None,None,None,None,None,None,https://www.westminster.ac.uk/english-and-creative-writing-courses/2025-26/september/part-time-day/english-literature-ba-honours,westminister.xlsx
University of Westminster,"Marylebone, Central London",https://www.westminster.ac.uk/courses/global-trade-and-business-top-up,global-trade-and-business-top-up,Bachelor's,None,None,"UCAS Relevant Qualification: ""Completion of two years of a Bachelor's level degree taught at an HE institution in related subject area, Scottish Qualifications Authority (SQA) Advanced Diploma (AD), Pearson BTEC HND, Awards for Training and Higher Education (ATHE) Level 5 Extended Diploma, Hong Kong Associate Degree, Singapore (PEI) Advanced Diploma, Qualifi Level 5 Diploma in Business Enterprise, Qualifi Level 5 Diploma in Business Management, Qualifi Level 5 Extended Diploma in Business Management.""",None,None,None,None,None,None,None,None,None,None,None,None,None,None,None,None,None,None,None,None,None,None,None,None,None,None,None,CACHE Technical Level 3 Requirement: None,None,None,None,None,None,None,None,None,None,None,None,None,None,None,None,None,None,None,6.0,5.5,None,None,None,None,None,None,None,None,"English Language Requirements: ""If your first language is not English, you should have an IELTS score of 6.0 overall, with a score of 5.5 in each component.""",https://www.westminster.ac.uk/business-and-management-economics-courses/2025-26/september/full-time/global-trade-and-business-ba-honours,westminister.xlsx
University of Westminster,"London, UK",https://www.westminster.ac.uk/courses/global-development-ma,global-development-ma,Master's,None,None,A minimum of a lower second class honours degree (2:2).,None,None,None,None,None,None,None,None,None,None,None,None,None,None,None,None,None,None,None,None,None,None,None,None,None,None,None,None,None,None,None,None,None,None,None,None,None,None,None,None,None,None,None,None,None,None,6.5,6.0,None,None,None,None,Accepted,Accepted,None,None,"Recognition of prior learning and experience: If you have previously studied at university level, or have equivalent work experience, academic credit may be awarded towards your course at Westminster.",https://www.westminster.ac.uk/politics-and-international-relations-courses/2025-26/september/full-time/global-development-ma,westminister.xlsx
University of Westminster,Central London,https://www.westminster.ac.uk,law-and-technology-llm,Master's,None,None,"A minimum of a lower second class honours degree (2:2) in a related discipline including law, social science, international relations. Applicants without the standard qualifications but with significant professional experience in the relevant field or related professional qualifications may be considered.",None,None,None,None,None,None,None,None,None,None,None,None,None,None,None,None,None,None,None,None,None,None,None,None,None,None,None,None,None,None,None,None,None,None,None,None,None,None,None,None,None,None,None,None,None,None,6.5,6.0,None,None,None,None,None,None,None,None,"Entry Requirements: A minimum of a lower second class honours degree (2:2) in a related discipline including law, social science, international relations. Applicants without the standard qualifications but with significant professional experience in the relevant field or related professional qualifications may be considered.",https://www.westminster.ac.uk/law-courses/2025-26/september/part-time-day/law-and-technology-llm,westminister.xlsx
University of Westminster,Central London,https://www.westminster.ac.uk/courses/international-communication-liaison-and-advocacy-ma,international-communication-liaison-and-advocacy-ma,Master's,None,None,"A minimum of a lower second class honours degree (2:2). Applicants must offer two languages, including English; you must be an habitual user or fluent in one language, and be capable of listening, speaking and reading in the other language to at least Council of Europe Level B2/C1.",None,None,None,None,None,None,None,None,None,None,None,None,None,None,None,None,None,None,None,None,None,None,None,Second Lower,None,None,None,None,None,None,None,None,None,None,None,None,None,None,None,None,None,None,None,None,None,None,6.5,6.0,None,None,None,None,Accepted,Accepted,None,None,None,https://www.westminster.ac.uk/languages-courses/2025-26/september/full-time/international-communication-liaison-and-advocacy-ma,westminister.xlsx
University of Westminster,"Harrow, North-West London",https://www.westminster.ac.uk/courses/graphic-design-ba-hons,graphic-design-ba-hons,Bachelor's,96 UCAS Tariff points,//www.ucas.com,"A levels, T levels, International Baccalaureate, BTEC Extended Diploma, BTEC Diploma, Access to Higher Education Diploma",CCC,None,None,None,None,None,MMM BTEC Diploma – DD,None,None,None,None,None,None,None,None,Required,GCSE English Language grade 4/C,"English Language, Maths","4/C for English Language, Pass for Maths",96 UCAS Tariff points,None,None,None,None,None,None,None,None,None,None,None,None,None,None,None,None,None,None,None,None,None,None,None,None,None,None,6.0,5.5,None,None,None,None,None,None,None,None,Portfolio guidance: Include between 10 - 15 pieces of work. Your portfolio should include a balance of initial sketches and visual explorations as well as more resolved final work or artefacts.,https://www.westminster.ac.uk/art-design-and-visual-culture-media-and-communication-courses/2025-26/september/full-time/graphic-design-ba-honours,westminister.xlsx
University of Westminster,Central London,https://www.westminster.ac.uk/courses/specialised-translation-ma,specialised-translation-ma,Master's,None,None,A minimum of a lower second class honours degree (2:2). Linguists without a degree but with sufficient experience in a relevant area will also be considered.,None,None,None,None,None,None,None,None,None,None,None,None,None,None,None,None,None,None,None,None,None,None,None,Second Lower,None,None,None,None,None,None,None,None,None,None,None,None,None,None,None,None,None,None,None,None,None,None,6.5,7.0,None,None,None,None,Accepted,Accepted,None,None,None,https://www.westminster.ac.uk/languages-courses/2025-26/september/part-time-day/specialised-translation-ma,westminister.xlsx
University of Westminster,Central London,https://www.westminster.ac.uk/courses/teaching-english-to-speakers-of-other-languages-ma,teaching-english-to-speakers-of-other-languages-ma,Master's,None,None,UCAS Relevant Qualification: None,Required,None,None,None,None,None,None,None,None,None,None,None,None,None,None,None,None,None,None,None,None,None,None,Second Lower,None,None,None,None,None,None,None,None,None,None,None,None,None,None,None,None,None,None,None,None,None,None,6.5,6.0,None,None,None,None,None,None,None,None,Additional Requirements: None,https://www.westminster.ac.uk/english-and-creative-writing-courses/2025-26/january/open-distance-learning-part-time/teaching-english-to-speakers-of-other-languages-tesol-ma,westminister.xlsx
University of Westminster,Central London,https://www.westminster.ac.uk/courses/business-information-systems-bsc-hons,business-information-systems-bsc-hons,Bachelor's,64 UCAS Tariff points,//www.ucas.com,"A Levels, T Levels, International Baccalaureate, BTEC Extended Diploma, BTEC Diploma, Access to Higher Education Diploma",DDE,None,None,None,None,None,MPP,None,None,None,None,None,None,None,None,None,"GCSE English Language grade 4/C, GCSE Maths grade 4/C","English, Maths",4/C,None,None,None,None,None,None,None,None,None,None,None,None,None,None,None,None,None,None,None,None,None,None,None,None,None,None,None,6.0,5.5,None,None,None,None,None,None,None,None,None,https://www.westminster.ac.uk/computer-science-and-engineering-data-science-and-informatics-courses/2025-26/september/full-time/business-information-systems-with-foundation-bsc-honours,westminister.xlsx
University of Westminster,"Marylebone, Central London",https://www.westminster.ac.uk,international-event-management,Bachelor's,112 UCAS Tariff points,//www.ucas.com,"A levels, T levels, International Baccalaureate, BTEC Extended Diploma, BTEC Diploma, Access to Higher Education Diploma",BBC,None,None,None,None,None,DMM,None,DMM,None,None,None,None,None,None,None,"GCSE English Language grade 4/C, GCSE Maths grade 4/C","English Language, Maths",4/C,112 UCAS Tariff points,None,None,None,None,None,None,None,None,None,None,None,None,None,None,None,None,None,None,None,None,None,None,None,None,None,None,6.0,5.5,None,None,None,None,None,None,None,None,None,https://www.westminster.ac.uk/tourism-and-events-management-courses/2025-26/september/full-time/international-event-management-ba-honours,westminister.xlsx
University of Westminster,Central London,https://www.westminster.ac.uk,digital-health-and-cyberpsychology,Master's,None,None,A minimum of a lower second class honours degree (2:2). There is no specific subject requirement. The course is open to students from all subject domains who have an interest in digital health interventions.,None,None,None,None,None,None,None,None,None,None,None,None,None,None,None,None,None,None,None,None,None,None,None,Second Lower,None,None,None,None,None,None,None,None,None,None,None,None,None,None,None,None,None,None,None,None,None,None,6.5,6.0,None,None,None,None,Accepted,Accepted,None,None,Shortlisted applicants will be asked to attend an online interview.,https://www.westminster.ac.uk/nutrition-and-public-health-psychology-courses/2025-26/september/open-distance-learning-part-time/digital-health-and-cyberpsychology-msc,westminister.xlsx
University of Westminster,Central London,https://www.westminster.ac.uk/courses/biological-sciences-bsc-hons,biological-sciences-bsc-hons,Bachelor's,96 UCAS Tariff points,//www.ucas.com,"A levels, T levels, International Baccalaureate, BTEC Extended Diploma, BTEC Diploma, Access to Higher Education Diploma",CCC,"Two science subjects – one from Maths, Physics, Chemistry and Biology, and one from Maths, Physics, Chemistry, Biology, Psychology, Geography and Economics",None,None,None,None,MMM in Applied Science,None,MMM in Applied Science,None,None,None,None,None,Minimum of 4 in two HL science subjects,None,"GCSE English Language grade 4/C, GCSE Maths grade 4/C","English Language, Maths",4/C,96 UCAS Tariff points,None,None,None,None,None,None,None,None,None,None,None,None,None,None,None,None,None,None,None,None,None,None,None,None,None,None,6.0,5.5,None,None,None,None,None,None,None,None,None,https://www.westminster.ac.uk/biological-and-biomedical-sciences-courses/2025-26/september/full-time/biological-sciences-bsc-honours,westminister.xlsx
University of Westminster,Central London,https://www.westminster.ac.uk/courses/english-literature-modern-and-contemporary-fictions-ma,english-literature-modern-and-contemporary-fictions,Master's,None,None,A minimum of a lower second class honours degree (2:2) in a relevant discipline.,None,None,None,None,None,None,None,None,None,None,None,None,None,None,None,None,None,None,None,None,None,None,None,Second Lower,None,None,None,None,None,None,None,None,None,None,None,None,None,None,None,None,None,None,None,None,None,None,6.5,6.0,None,None,None,None,None,None,None,None,Applicants are required to submit one academic reference.,https://www.westminster.ac.uk/english-and-creative-writing-courses/2025-26/september/full-time/english-literature-modern-and-contemporary-fictions-ma,westminister.xlsx
University of Westminster,Central London,https://www.westminster.ac.uk/courses/teaching-english-to-speakers-of-other-languages-ma,teaching-english-to-speakers-of-other-languages,Master's,None,None,A minimum of a lower second class honours degree (2:2).,None,None,None,None,None,None,None,None,None,None,None,None,None,None,None,None,None,None,None,None,None,None,None,Second Lower,None,None,None,None,None,None,None,None,None,None,None,None,None,None,None,None,None,None,None,None,None,None,6.5,6.0,None,None,None,None,Accepted,Accepted,None,None,None,https://www.westminster.ac.uk/english-and-creative-writing-courses/2025-26/september/full-time/teaching-english-to-speakers-of-other-languages-tesol-ma,westminister.xlsx
University of Westminster,"Marylebone, Central London",https://www.westminster.ac.uk/courses/architecture-ma,architecture-ma,Master's,None,None,"A minimum of a lower second class honours degree (2:2) in architecture or a related art, design or built environment discipline.",None,None,None,None,None,None,None,None,None,None,None,None,None,None,None,Required,None,None,None,None,None,None,None,None,None,None,None,None,None,None,None,None,None,None,None,None,None,None,None,None,None,None,None,None,None,None,6.5,6.0,None,None,None,None,None,None,None,None,None,https://www.westminster.ac.uk/architecture-interiors-and-urban-design-courses/2025-26/september/full-time/architecture-ma,westminister.xlsx
University of Westminster,Central London,https://www.westminster.ac.uk,english-language-and-linguistics-ba-honours,Bachelor's,64 UCAS Tariff points,//www.ucas.com,"A Levels, T Levels, International Baccalaureate, BTEC Extended Diploma, BTEC Diploma, Access to Higher Education Diploma",DDE,None,None,None,None,None,MPP,None,None,None,None,None,None,None,None,None,"GCSE English Language grade 4/C, GCSE Maths grade 4/C","English Language, Maths",4/C,None,None,None,None,None,None,None,None,None,None,None,None,None,None,None,None,None,None,None,None,None,None,None,None,None,None,None,6.0,5.5,None,None,None,None,None,None,None,None,None,https://www.westminster.ac.uk/english-and-creative-writing-courses/2025-26/september/full-time/english-language-and-linguistics-with-foundation-ba-honours,westminister.xlsx
University of Westminster,Central London,https://www.westminster.ac.uk/courses/chinese-and-english-ba-hons,chinese-and-english-ba-hons,Bachelor's,104 UCAS Tariff points,None,"A Levels, T Levels, International Baccalaureate, BTEC Extended Diploma, BTEC Diploma, Access to Higher Education Diploma",BCC,None,None,None,None,None,DMM,Pass (96 UCAS points),DMM,None,None,None,None,None,None,None,"GCSE English Language grade 4/C, GCSE Maths grade 4/C","English Language, Maths",4/C,None,None,None,None,None,None,None,None,None,None,None,None,None,None,None,None,None,None,None,None,None,None,None,None,None,None,None,6.0,5.5,None,None,None,None,None,None,None,None,Successful language learning evidence in personal statement; may need to test language level.,https://www.westminster.ac.uk/languages-courses/2025-26/september/part-time-day/chinese-and-english-ba-honours,westminister.xlsx
University of Westminster,Central London,https://www.westminster.ac.uk/courses/french-and-international-relations-ba-hons,french-and-international-relations,Bachelor's,104 UCAS Tariff points,//www.ucas.com,"A levels, T levels, International Baccalaureate, BTEC Extended Diploma, BTEC Diploma, Access to Higher Education Diploma",BCC,None,None,None,None,None,DMM,None,DMM,None,None,None,None,None,None,None,"GCSE English Language grade 4/C, GCSE Maths grade 4/C","English Language, Maths",4/C,None,None,None,None,None,None,None,None,None,None,None,None,None,None,None,None,None,None,None,None,None,None,None,None,None,None,None,6.0,5.5,None,None,None,None,None,None,None,None,None,https://www.westminster.ac.uk/languages-politics-and-international-relations-courses/2025-26/september/full-time/french-and-international-relations-ba-honours,westminister.xlsx
University of Westminster,London,https://www.westminster.ac.uk/courses/ai-data-and-communication-ma,ai-data-and-communication-ma,Master's,None,None,A minimum of an upper second class honours degree (2:1) or a lower second class honours degree (2:2) and substantial relevant work experience.,None,None,None,None,None,None,None,None,None,None,None,None,None,None,None,None,None,None,None,None,None,None,None,Second Lower,Substantial relevant work experience,None,None,None,None,None,None,None,None,None,None,None,None,None,None,None,None,None,None,None,None,None,6.5,5.5,None,None,None,None,Accepted,Accepted,None,None,Applicants are required to submit one academic reference.,https://www.westminster.ac.uk/computer-science-and-engineering-data-science-and-informatics-media-and-communication-courses/2025-26/september/full-time/ai-data-and-communication-ma,westminister.xlsx
University of Westminster,Central London,https://www.westminster.ac.uk/courses/pharmaceutical-sciences-msc,pharmaceutical-sciences-msc,Master's,None,None,"UCAS Relevant Qualification: ""A minimum of a lower second class honours degree (2:2) in biological sciences or a related discipline.""",None,None,None,None,None,None,None,None,None,None,None,None,None,None,None,None,None,None,None,None,None,None,None,Second Lower,None,None,None,None,None,None,None,None,None,None,None,None,None,None,None,None,None,None,None,None,None,None,6.5,6.0,None,None,None,None,None,None,None,None,Additional Requirements: None,https://www.westminster.ac.uk/biological-and-biomedical-sciences-courses/2025-26/september/part-time-day/pharmaceutical-science-msc,westminister.xlsx
University of Westminster,"London, UK",https://www.westminster.ac.uk,masters-program,Master's,None,None,UCAS Relevant Qualification: None,None,None,None,None,None,None,None,None,None,None,None,None,None,None,None,None,None,None,None,None,None,None,None,None,None,None,None,None,None,None,None,None,None,None,None,None,None,None,None,None,None,None,None,None,None,None,None,None,None,None,None,None,None,None,None,None,Additional Requirements: None,https://www.westminster.ac.uk/transport-and-logistics-courses/2025-26/september/full-time/logistics-and-supply-chain-management-msc,westminister.xlsx
University of Westminster,Central London,https://www.westminster.ac.uk,biochemistry-bsc-hons,Bachelor's,64 UCAS Tariff points,//www.ucas.com,"A levels, T levels, International Baccalaureate, BTEC Extended Diploma, BTEC Diploma, Access to Higher Education Diploma",DDE,None,None,None,None,None,MPP,None,None,None,None,None,None,None,None,None,"GCSE English Language grade 4/C, GCSE Maths grade 4/C","English, Maths",4,None,None,None,None,None,None,None,None,None,None,None,None,None,None,None,None,None,None,None,None,None,None,None,Accepted,None,None,None,5.5,5.5,None,None,None,None,None,None,None,None,None,https://www.westminster.ac.uk/biological-and-biomedical-sciences-courses/2025-26/september/full-time/biochemistry-with-foundation-bsc-honours,westminister.xlsx
University of Westminster,Central London,https://www.westminster.ac.uk,global-public-health-with-data-science,Master's,None,None,A minimum of a lower second class honours degree (2:2) in a relevant discipline including science or social science subject.,None,None,None,None,None,None,None,None,None,None,None,None,None,None,None,None,None,None,None,None,None,None,None,None,None,None,None,None,None,None,None,None,None,None,None,None,None,None,None,None,None,None,None,None,None,None,6.5,6.5,None,None,None,None,None,None,None,None,"Recognition of prior learning and experience: ""If you have previously studied at university level, or have equivalent work experience, academic credit may be awarded towards your course at Westminster.""",https://www.westminster.ac.uk/nutrition-and-public-health-courses/2025-26/september/part-time-day/global-public-health-with-data-science-msc,westminister.xlsx
University of Westminster,"Marylebone, Central London",https://www.westminster.ac.uk,marketing-communications,Master's,None,None,"UCAS Relevant Qualification: ""A minimum of a lower second class honours degree (2:2). Alternative professional qualifications with at least three years of relevant professional experience will also be considered.""",None,None,None,None,None,None,None,None,None,None,None,None,None,None,None,None,None,None,None,None,None,None,None,Second Lower,None,None,None,None,None,None,None,None,None,None,None,None,None,None,None,None,None,None,None,None,None,None,6.5,6.0,None,None,None,None,None,None,None,None,Additional Requirements: None,https://www.westminster.ac.uk/business-and-management-marketing-courses/2025-26/january/full-time/marketing-communications-ma-msc,westminister.xlsx
University of Westminster,Central London,https://www.westminster.ac.uk,creative-writing-and-english-literature,Bachelor's,104 UCAS Tariff points,//www.ucas.com,"A Levels, T Levels, International Baccalaureate, BTEC Extended Diploma, BTEC Diploma, Access to Higher Education Diploma",BCC,None,None,None,None,None,DMM,None,DMM,None,None,None,None,None,None,A portfolio of creative writing may be required in addition to these academic qualifications.,GCSE English Language grade 4/C,"English Language, Maths",4/C,None,None,None,None,None,None,None,None,None,None,None,None,None,None,None,None,None,None,None,None,None,None,None,None,None,None,None,6.0,5.5,None,None,None,None,None,None,None,None,None,https://www.westminster.ac.uk/english-and-creative-writing-courses/2025-26/september/full-time/creative-writing-and-english-literature-ba-honours,westminister.xlsx
University of Westminster,Central London,https://www.westminster.ac.uk/courses/diplomacy-and-global-politics-ma,diplomacy-and-global-politics-ma,Master's,None,None,A minimum of a lower second class honours degree (2:2) in a related discipline in Social Sciences or Humanities.,None,None,None,None,None,None,None,None,None,None,None,None,None,None,None,None,None,None,None,None,None,None,None,None,None,None,None,None,None,None,None,None,None,None,None,None,None,None,None,None,None,None,None,None,None,None,6.5,6.0,None,None,None,None,None,None,None,None,"Recognition of prior learning and experience: ""If you have previously studied at university level, or have equivalent work experience, academic credit may be awarded towards your course at Westminster.""",https://www.westminster.ac.uk/politics-and-international-relations-courses/2025-26/september/part-time-day/diplomacy-and-global-politics-ma,westminister.xlsx
University of Westminster,Central London,https://www.westminster.ac.uk/courses/arabic-and-english-ba-hons,arabic-and-english,Bachelor's,104,None,"UCAS Relevant Qualification: ""A levels– BCC, T levels– 104 UCAS Tariff points, International Baccalaureate– 104 UCAS Tariff points from all components of the Diploma Programme, BTEC Extended Diploma– DMM, BTEC Diploma– D*D, Access– 104 UCAS Tariff points from the Access course""",BCC,None,None,None,None,None,DMM,None,DMM,None,None,None,None,None,None,None,Grade 4/C in English Language and Maths,"English Language, Maths",4/C,None,None,None,None,None,None,None,None,CACHE Technical Level 3 Requirement: None,None,None,None,None,None,None,None,None,None,None,None,None,None,None,None,None,None,None,6.0,5.5,None,None,None,None,None,None,None,None,Additional Requirements: None,https://www.westminster.ac.uk/english-and-creative-writing-languages-courses/2025-26/september/full-time/arabic-and-english-ba-honours,westminister.xlsx
University of Westminster,"Harrow, North-West London",https://www.westminster.ac.uk/courses/digital-media-storytelling-and-production-ma,digital-media-storytelling-and-production-ma,Master's,None,None,"A minimum of a lower second-class honours degree (2:2), preferably in an area of digital or visual media, journalism, or design, but students with other degrees will also be considered.",None,None,None,None,None,None,None,None,None,None,None,None,None,None,None,None,None,None,None,None,None,None,None,Second Lower,None,None,None,None,None,None,None,None,None,None,None,None,None,None,None,None,None,None,None,None,None,None,6.5,5.5,None,None,None,None,Accepted,Accepted,None,None,None,https://www.westminster.ac.uk/media-and-communication-courses/2025-26/september/full-time/digital-media-storytelling-and-production-ma,westminister.xlsx
University of Westminster,Central London,https://www.westminster.ac.uk,sociology,Bachelor's,56 UCAS Tariff points,//www.ucas.com,"A levels – DEE, T levels – 56 UCAS Tariff points, International Baccalaureate – 56 UCAS Tariff points from all components of the Diploma Programme, BTEC Extended Diploma – MPP, BTEC Diploma – MM, Access – 56 UCAS Tariff points from the Access course",DEE,None,None,None,None,None,MPP,None,None,None,None,None,None,None,None,None,"GCSE English Language grade 4/C, GCSE Maths grade 4/C","English, Maths",4/C,None,None,None,None,None,None,None,None,None,None,None,None,None,None,None,None,None,None,None,None,None,None,None,Accepted,None,None,None,6.0,5.5,None,None,None,None,None,None,None,None,None,https://www.westminster.ac.uk/criminology-and-sociology-courses/2025-26/september/full-time/sociology-with-foundation-ba-honours,westminister.xlsx
University of Westminster,"Marylebone, Central London",https://www.westminster.ac.uk/courses/finance-and-business-management-ba-hons,finance-and-business-management,Bachelor's,112 UCAS Tariff points,//www.ucas.com,"A Levels, T Levels, International Baccalaureate, BTEC Extended Diploma, BTEC Diploma, Access to Higher Education Diploma",BBC,None,None,None,None,None,DMM,None,DMM,None,None,None,None,None,None,None,"GCSE English Language grade 4/C, GCSE Maths grade 4/C","English Language, Maths",4/C,112 UCAS Tariff points,None,None,None,None,None,None,None,None,None,None,None,None,None,None,None,None,None,None,None,None,None,None,None,None,None,None,6.0,5.5,None,None,None,None,None,None,None,None,None,https://www.westminster.ac.uk/accounting-and-finance-business-and-management-courses/2025-26/september/full-time/finance-and-business-management-ba-honours,westminister.xlsx
University of Westminster,Central London,https://www.westminster.ac.uk/courses/software-engineering-with-foundation-beng-honours,software-engineering-with-foundation,Foundation,64,https://www.ucas.com,"UCAS Relevant Qualification: ""A Levels – DDE, T levels – 64 UCAS Tariff points, International Baccalaureate – 64 UCAS Tariff points from all components of the Diploma Programme, BTEC Extended Diploma – MPP, BTEC Diploma – MM, Access – 64 UCAS Tariff points from the Access course""",DDE,None,None,None,None,None,None,None,None,None,None,None,None,None,None,None,Grade 4/C in English Language and Maths,"English Language, Maths",4/C,None,None,None,None,None,None,None,None,CACHE Technical Level 3 Requirement: None,None,None,None,None,None,None,None,None,None,None,None,None,None,None,None,None,None,None,6.0,5.5,None,None,None,None,None,None,None,None,Additional Requirements: None,https://www.westminster.ac.uk/computer-science-and-engineering-courses/2025-26/september/full-time/software-engineering-with-electronics-with-foundation-beng-honours,westminister.xlsx
University of Westminster,Central London,https://www.westminster.ac.uk/courses/english-literature-and-history-ba-hons,english-literature-and-history,Bachelor's,104 UCAS Tariff points,//www.ucas.com,"A levels, T levels, International Baccalaureate, BTEC Extended Diploma, BTEC Diploma, Access to Higher Education Diploma",BCC,None,None,None,None,None,DMM,None,DMM,None,None,None,None,None,None,None,"GCSE English Language grade 4/C, GCSE Maths grade 4/C","English Language, Maths",4/C,None,None,None,None,None,None,None,None,None,None,None,None,None,None,None,None,None,None,None,None,None,None,None,None,None,None,None,6.0,5.5,None,None,None,None,None,None,None,None,None,https://www.westminster.ac.uk/english-and-creative-writing-history-courses/2025-26/september/full-time/english-literature-and-history-ba-honours,westminister.xlsx
University of Westminster,Central London,https://www.westminster.ac.uk,pharmaceutical-sciences-msc,Master's,None,None,"UCAS Relevant Qualification: ""A minimum of a lower second class honours degree (2:2) in biological sciences or a related discipline.""",None,None,None,None,None,None,None,None,None,None,None,None,None,None,None,None,None,None,None,None,None,None,None,Second Lower,None,None,None,None,None,None,None,None,None,None,None,None,None,None,None,None,None,None,None,None,None,None,6.5,6.0,None,None,None,None,None,None,None,None,Additional Requirements: None,https://www.westminster.ac.uk/biological-and-biomedical-sciences-courses/2025-26/september/full-time/pharmaceutical-science-msc,westminister.xlsx
University of Westminster,Central London,https://www.westminster.ac.uk/courses/cyber-security-and-forensics-msc,cyber-security-and-forensics,Master's,None,None,UCAS Relevant Qualification: A minimum of a lower second class honours degree (2:2) in a computing-related discipline.,Required,None,None,None,None,None,None,None,None,None,None,None,None,None,None,None,None,None,None,None,None,None,None,Second Lower,None,None,None,None,None,None,None,None,None,None,None,None,None,None,None,BCS,None,None,None,None,None,None,6.5,6.0,None,None,None,None,Accepted,Accepted,None,None,Additional Requirements: None,https://www.westminster.ac.uk/computer-science-and-engineering-courses/2025-26/september/part-time-day/cyber-security-and-forensics-msc,westminister.xlsx
University of Westminster,"Marylebone, Central London",https://www.westminster.ac.uk,fintech-and-business-analytics,Master's,None,None,UCAS Relevant Qualification: A minimum of a lower second class honours degree (2:2) or alternative professional qualifications with at least three years of relevant professional experience.,None,None,None,None,None,None,None,None,None,None,None,None,None,None,None,None,None,None,None,None,None,None,None,Second Lower,Accepted,None,None,None,None,None,None,None,None,None,None,None,None,None,None,None,None,None,None,None,None,None,6.5,6.0,None,None,None,None,Accepted,Accepted,None,None,Additional Requirements: None,https://www.westminster.ac.uk/accounting-and-finance-data-science-and-informatics-courses/2025-26/september/full-time/fintech-with-business-analytics-msc,westminister.xlsx
University of Westminster,"Marylebone, Central London",https://www.westminster.ac.uk,finance-bsc-hons,Bachelor's,112 UCAS Tariff points,//www.ucas.com,"A levels, T levels, International Baccalaureate, BTEC Extended Diploma, BTEC Diploma, Access to Higher Education Diploma",BBC,None,C,None,None,None,DMM,None,DMM,None,None,None,None,None,None,None,"GCSE English Language grade 4/C, GCSE Maths grade 4/C","English Language, Maths",4,None,None,None,None,None,None,None,None,None,None,None,None,None,None,None,None,None,None,None,None,None,None,None,None,None,None,None,6.0,5.5,None,None,None,None,None,None,None,None,None,https://www.westminster.ac.uk/accounting-and-finance-courses/2025-26/september/full-time/finance-bsc-honours,westminister.xlsx
University of Westminster,Central London,https://www.westminster.ac.uk/courses/spanish-and-linguistics-ba,spanish-and-linguistics-ba,Bachelor's,104 UCAS Tariff points,//www.ucas.com,"A levels– BCC, T levels– 104 UCAS Tariff points, International Baccalaureate– 104 UCAS Tariff points from all components of the Diploma Programme, BTEC Extended Diploma– DMM, BTEC Diploma– D*D, Access– 104 UCAS Tariff points from the Access course",BCC,None,None,None,None,None,DMM,None,None,None,None,None,None,None,None,None,"GCSE English Language grade 4/C, GCSE Maths grade 4/C","English, Maths",4,None,None,None,None,None,None,None,None,None,None,None,None,None,None,None,None,None,None,None,None,None,None,None,None,None,None,None,6.0,5.5,None,None,None,None,None,None,None,None,None,https://www.westminster.ac.uk/languages-courses/2025-26/september/part-time-day/spanish-and-linguistics-ba-honours,westminister.xlsx
University of Westminster,Central London,https://www.westminster.ac.uk/courses/cultural-and-critical-studies-ma,cultural-and-critical-studies,Master's,None,None,UCAS Relevant Qualification: A minimum of a lower second class honours degree (2:2) in a relevant discipline.,Required,None,None,None,None,None,None,None,None,None,None,None,None,None,None,None,None,None,None,None,None,None,None,Second Lower,None,None,None,None,None,None,None,None,None,None,None,None,None,None,None,None,None,None,None,None,None,None,6.5,6.0,None,None,None,None,None,None,None,None,Additional Requirements: Applicants are required to submit one academic reference.,https://www.westminster.ac.uk/art-design-and-visual-culture-english-and-creative-writing-courses/2025-26/september/part-time-day/cultural-and-critical-studies-ma,westminister.xlsx
University of Westminster,"Harrow, North-West London",https://www.westminster.ac.uk/courses/fashion-manufacturing-ma,fashion-manufacturing-ma,Master's,None,None,UCAS Relevant Qualification: A minimum of a lower second class honours degree (2:2) or a lower second class honours degree (2:2) and more than 2 years experience compulsory.,None,None,None,None,None,None,None,None,None,None,None,None,None,None,None,None,None,None,None,None,None,None,None,Second Lower,Accepted,None,None,None,None,None,None,None,None,None,None,None,None,None,None,None,None,None,None,None,None,None,6.5,6.0,None,None,None,None,Accepted,Accepted,None,None,Additional Requirements: None,https://www.westminster.ac.uk/fashion-courses/2025-26/september/part-time-day/fashion-manufacturing-ma,westminister.xlsx
University of Westminster,Central London,https://www.westminster.ac.uk,software-engineering-foundation-year,Foundation,64,https://www.ucas.com,"UCAS Relevant Qualification: ""A levels – DDE, T levels – 64 UCAS Tariff points, International Baccalaureate – 64 UCAS Tariff points from all components of the Diploma Programme, BTEC Extended Diploma – MPP, BTEC Diploma – MM, Access – 64 UCAS Tariff points from the Access course""",DDE,None,None,None,None,None,None,None,None,None,None,None,None,None,None,None,Grade 4/C in English Language and Maths,"English Language, Maths",4/C,None,None,None,None,None,None,None,None,CACHE Technical Level 3 Requirement: None,None,None,None,None,None,None,None,None,None,None,None,None,None,None,None,None,None,None,6.0,5.5,None,None,None,None,None,None,None,None,Additional Requirements: None,https://www.westminster.ac.uk/computer-science-and-engineering-courses/2025-26/september/full-time/software-engineering-with-foundation-beng-honours,westminister.xlsx
University of Westminster,Central London,https://www.westminster.ac.uk/courses/data-science-and-analytics-bsc-hons,data-science-and-analytics-bsc-hons,Bachelor's,96 UCAS Tariff points,//www.ucas.com,"A Levels, T Levels, International Baccalaureate, BTEC Extended Diploma, BTEC Diploma, Access to Higher Education Diploma",CCC,None,None,None,None,None,MMM,None,None,None,None,None,None,None,None,None,"GCSE English Language grade 4/C, GCSE Maths grade 4/C","English Language, Maths",4/C,96 UCAS Tariff points,None,None,None,None,None,None,None,None,None,None,None,None,None,None,None,None,None,None,None,None,None,None,None,None,None,None,6.0,5.5,None,None,None,None,None,None,None,None,None,https://www.westminster.ac.uk/computer-science-and-engineering-data-science-and-informatics-courses/2025-26/september/full-time/data-science-and-analytics-bsc-honours,westminister.xlsx
University of Westminster,"Marylebone, Central London",https://www.westminster.ac.uk/courses/business-management-digital-business-ba,business-management-digital-business,Bachelor's,112 UCAS Tariff points,//www.ucas.com,"A Levels, T Levels, International Baccalaureate, BTEC Extended Diploma, BTEC Diploma, Access to Higher Education Diploma",BBC,None,None,None,None,None,DMM,None,DMM,None,None,None,None,None,None,None,"GCSE English Language grade 4/C, GCSE Maths grade 4/C","English Language, Maths",4/C,112 UCAS Tariff points,None,None,None,None,None,None,None,None,None,None,None,None,None,None,None,None,None,None,None,None,None,None,None,None,None,None,6.0,5.5,None,None,None,None,None,None,None,None,None,https://www.westminster.ac.uk/business-and-management-courses/2025-26/september/full-time/business-management-digital-business-ba-honours,westminister.xlsx
University of Westminster,"Marylebone, Central London",https://www.westminster.ac.uk,marketing-communications,Master's,None,None,A minimum of a lower second class honours degree (2:2). Alternative professional qualifications with at least three years of relevant professional experience will also be considered.,None,None,None,None,None,None,None,None,None,None,None,None,None,None,None,None,None,None,None,None,None,None,None,Second Lower,Accepted,None,None,None,None,None,None,None,None,None,None,None,None,None,None,None,None,None,None,None,None,None,6.5,6.0,None,None,None,None,Accepted,Accepted,None,None,None,https://www.westminster.ac.uk/business-and-management-marketing-courses/2025-26/september/full-time/marketing-communications-ma-msc,westminister.xlsx
University of Westminster,"Marylebone, Central London",https://www.westminster.ac.uk/international-planning-and-sustainable-development-ma,international-planning-and-sustainable-development-ma,Master's,None,None,"UCAS Relevant Qualification: ""A minimum of a lower second class honours degree (2:2) in a relevant built environment or land planning-related discipline (such as urban or transport planning, architecture, landscape design, surveying, civil engineering, or land management).""",None,None,None,None,None,None,None,None,None,None,None,None,None,None,None,None,None,None,None,None,None,None,None,None,None,None,None,CACHE Technical Level 3 Requirement: None,None,None,None,None,None,None,None,None,None,None,None,None,None,None,None,None,None,None,6.5,6.0,None,None,None,None,None,None,None,None,"Entry Requirements: ""A minimum of a lower second class honours degree (2:2) in a relevant built environment or land planning-related discipline (such as urban or transport planning, architecture, landscape design, surveying, civil engineering, or land management). Alternatively, a lower second class honours degree (2:2) in a relevant human geography, a social or environmental science subject and relevant practical experience of working in a built environment discipline. Applicants are required to submit one academic reference.""",https://www.westminster.ac.uk/architecture-interiors-and-urban-design-courses/2025-26/september/full-time/international-planning-and-sustainable-development-ma,westminister.xlsx
University of Westminster,"Marylebone, Central London",https://www.westminster.ac.uk/courses/transport-planning-msc,transport-planning-msc,Master's,None,None,UCAS Relevant Qualification: A minimum of a lower second class honours degree (2:2) in a relevant subject area.,Required,None,None,None,None,None,None,None,None,None,None,None,None,None,None,None,None,None,None,None,None,None,None,Second Lower,Accepted,None,None,None,None,None,None,None,None,None,None,None,None,None,None,CILT,None,None,None,None,None,None,6.5,6.0,None,None,None,None,Accepted,Accepted,None,None,Additional Requirements: None,https://www.westminster.ac.uk/transport-and-logistics-courses/2025-26/january/full-time/transport-planning-msc,westminister.xlsx
University of Westminster,Central London,https://www.westminster.ac.uk,event-design-and-management,Master's,None,None,UCAS Relevant Qualification: A minimum of an upper second class honours degree (2:1) or a lower second class honours degree (2:2) and an essay.,2:1 or 2:2,None,None,None,None,None,None,None,None,None,None,None,None,None,None,None,None,None,None,None,None,None,None,Second Lower,Accepted,None,None,None,None,None,None,None,None,None,None,None,None,None,None,None,None,None,None,None,None,None,6.5,6.0,None,None,None,None,Accepted,Accepted,None,None,Additional Requirements: None,https://www.westminster.ac.uk/tourism-and-events-management-courses/2025-26/september/full-time/event-design-and-management-ma,westminister.xlsx
University of Westminster,"London, UK",https://www.westminster.ac.uk,bachelor-of-arts-in-graphic-design,Bachelor's,None,None,"A combination of acceptable Level 3 qualifications such as A-levels, T Levels, or BTEC Diplomas.",Required,None,None,None,None,None,None,None,None,None,None,None,None,None,None,None,None,None,None,None,None,None,None,None,None,None,None,None,None,None,None,None,None,None,None,None,None,None,None,None,None,None,None,None,None,None,None,None,None,None,None,None,None,None,None,None,None,https://www.westminster.ac.uk/art-design-and-visual-culture-media-and-communication-courses/2025-26/september/full-time/creative-media-arts-ba-honours,westminister.xlsx
University of Westminster,Central London,https://www.westminster.ac.uk/courses/languages-and-translation-ba-hons,languages-and-translation-ba-hons,Bachelor's,104 UCAS Tariff points,//www.ucas.com,"A levels– BCC, with a C in French or Spanish or be a proficient level speaker in French or Spanish; T levels– 104 UCAS Tariff points, with evidence of successful modern foreign language learning in French or Spanish; International Baccalaureate– 104 UCAS tariff points from the IB including a minimum of 4 in French or Spanish at HL; BTEC Extended Diploma– DMM with evidence of successful modern foreign language learning in French or Spanish; BTEC Diploma– D*D with evidence of successful modern foreign language learning in French or Spanish; Access– 104 UCAS Tariff points from the Access course with evidence of successful modern foreign language learning in French or Spanish.",BCC,"French, Spanish",C,None,None,None,DMM,None,None,None,None,None,None,None,None,None,"GCSE English Language grade 4/C, GCSE Maths grade 4/C","English Language, Maths",4/C,None,None,None,None,None,None,None,None,None,None,None,None,None,None,None,None,None,None,None,None,None,None,None,None,None,None,None,6.0,5.5,None,None,None,None,None,None,None,None,None,https://www.westminster.ac.uk/languages-courses/2025-26/september/part-time-day/languages-and-translation-ba-honours,westminister.xlsx
University of Westminster,"Harrow, North-West London",https://www.westminster.ac.uk/courses/illustration-ba-hons,illustration-ba-hons,Bachelor's,96 UCAS Tariff points,//www.ucas.com,"A levels, T levels, International Baccalaureate, BTEC Extended Diploma, Access to Higher Education Diploma",CCC,None,None,None,None,None,MMMBTEC Diploma– DD,None,MMM,None,None,None,None,None,None,Required,GCSE English Language grade 4/C,"English Language, Maths",4/C,96 UCAS Tariff points,None,None,None,None,None,None,None,None,None,None,None,None,None,None,None,None,None,None,None,None,None,None,None,None,None,None,6.0,5.5,None,None,None,None,None,None,None,None,None,https://www.westminster.ac.uk/art-design-and-visual-culture-media-and-communication-courses/2025-26/september/full-time/illustration-ba-honours,westminister.xlsx
University of Westminster,"Harrow, North-West London",https://www.westminster.ac.uk/courses/television-production-ba-hons,television-production-ba-hons,Bachelor's,96 UCAS Tariff points,//www.ucas.com,"A levels, T levels, BTEC Extended Diploma, International Baccalaureate, Access to Higher Education Diploma",CCC,None,None,None,None,None,MMMBTEC Diploma– DD,None,MMM,None,None,None,None,None,None,None,"GCSE English Language grade 4/C – IB grade 4 Higher level, GCSE Maths Pass – IB Pass","English Language, Maths",4/C,None,None,None,None,None,None,None,None,None,None,None,None,None,None,None,None,None,None,None,None,None,None,None,None,None,None,None,6.0,5.5,None,None,None,None,None,None,None,None,None,https://www.westminster.ac.uk/film-and-television-media-and-communication-courses/2025-26/september/full-time/television-production-ba-honours,westminister.xlsx
University of Westminster,"Harrow, North-West London",https://www.westminster.ac.uk/courses/film-ba-hons,film,Bachelor's,120 UCAS Tariff points,//www.ucas.com,"A levels – BBB, T levels – 120 UCAS Tariff points, International Baccalaureate – 120 UCAS Tariff points from all components of the Diploma Programme, BTEC Extended Diploma – DDM, Access – 120 UCAS Tariff points from the Access course",BBB,None,None,None,None,None,DDM,Not accepted on its own,DDM,Not accepted on its own,None,None,None,None,None,Required,"GCSE English Language grade 4/C – IB grade 4 Higher level, GCSE Maths Pass - IB Pass","English Language, Maths",4/C,None,None,None,None,None,None,None,None,None,None,None,None,None,None,None,None,None,None,None,None,None,None,None,None,None,None,None,6.0,5.5,None,None,None,None,None,None,None,None,"We do not accept applications for deferred entry. You are considered for the course on your grades (predicted or achieved), and, if qualified, a portfolio of relevant work.",https://www.westminster.ac.uk/film-and-television-media-and-communication-courses/2025-26/september/full-time/film-ba-honours,westminister.xlsx
University of Westminster,"Marylebone, Central London",https://www.westminster.ac.uk,international-business,Bachelor's,112 UCAS Tariff points,//www.ucas.com,"A Levels, T Levels, International Baccalaureate, BTEC Extended Diploma, BTEC Diploma, Access to Higher Education Diploma",BBC,None,None,None,None,None,DMM,None,DMM,None,None,None,None,None,None,None,"GCSE English Language grade 4/C, GCSE Maths grade 4/C","English Language, Maths",4/C,112 UCAS Tariff points,None,None,None,None,None,None,None,None,None,None,None,None,None,None,None,None,None,None,None,None,None,None,None,None,None,None,6.0,5.5,None,None,None,None,None,None,None,None,None,https://www.westminster.ac.uk/business-and-management-courses/2025-26/september/full-time/international-business-ba-honours,westminister.xlsx
University of Westminster,Central London,https://www.westminster.ac.uk,health-and-wellbeing,Master's,None,None,"UCAS Relevant Qualification: A minimum of a lower second class honours degree (2:2) in a relevant discipline including health or allied health related subject, or in social care related subjects.",None,None,None,None,None,None,None,None,None,None,None,None,None,None,None,None,None,None,None,None,None,None,None,Second Lower,None,None,None,None,None,None,None,None,None,None,None,None,None,None,None,None,None,None,None,None,None,None,6.5,6.0,None,None,None,None,None,None,None,None,Additional Requirements: None,https://www.westminster.ac.uk/nutrition-and-public-health-courses/2025-26/september/full-time/health-and-wellbeing-msc,westminister.xlsx
University of Westminster,"London, UK",https://www.westminster.ac.uk,None,Master's,None,None,UCAS Relevant Qualification: None,None,None,None,None,None,None,None,None,None,None,None,None,None,None,None,None,None,None,None,None,None,None,None,None,None,None,None,None,None,None,None,None,None,None,None,None,None,None,None,None,None,None,None,None,None,None,None,None,None,None,None,None,None,None,None,None,Additional Requirements: None,https://www.westminster.ac.uk/art-design-and-visual-culture-courses/2025-26/september/full-time/museums-galleries-and-contemporary-culture-with-professional-experience-ma,westminister.xlsx
University of Westminster,Central London,https://www.westminster.ac.uk/courses/cyber-security-and-forensics-msc,cyber-security-and-forensics,Master's,None,None,UCAS Relevant Qualification: A minimum of a lower second class honours degree (2:2) in a computing-related discipline.,None,None,None,None,None,None,None,None,None,None,None,None,None,None,None,None,None,None,None,None,None,None,None,Second Lower,None,None,None,None,None,None,None,None,None,None,None,None,None,None,None,None,None,None,None,None,None,None,6.5,6.0,None,None,None,None,None,None,None,None,Additional Requirements: None,https://www.westminster.ac.uk/computer-science-and-engineering-courses/2025-26/september/full-time/cyber-security-and-forensics-msc,westminister.xlsx
University of Westminster,Central London,https://www.westminster.ac.uk/courses/languages-and-translation-ba-hons,languages-and-translation,Bachelor's,56,https://www.ucas.com,"UCAS Relevant Qualification: ""A levels– DEE (56 UCAS Tariff points), with a C in French or Spanish or be an advanced/proficient/native level speaker in French or Spanish; T levels– 56 UCAS Tariff points with evidence of successful modern foreign language learning in French or Spanish; International Baccalaureate– 56 UCAS Tariff points from all components of the Diploma Programme; BTEC Extended Diploma– MPP with evidence of successful modern foreign language learning in French or Spanish; BTEC Diploma– MM with evidence of successful modern foreign language learning in French or Spanish; Access– 56 UCAS Tariff points from the Access course with evidence of successful modern foreign language learning in French or Spanish.""",DEE,"French, Spanish",C,None,None,None,MPP,None,None,None,None,None,None,None,56,None,4/C,"English Language, Maths",4/C,None,None,None,None,None,None,None,None,CACHE Technical Level 3 Requirement: None,None,None,None,None,None,None,None,None,None,None,None,None,None,None,None,None,None,None,6.0,5.5,None,None,None,None,None,None,None,None,Additional Requirements: None,https://www.westminster.ac.uk/languages-courses/2025-26/september/full-time/languages-and-translation-with-foundation-ba-honours,westminister.xlsx
University of Westminster,Central London,https://www.westminster.ac.uk/courses/sociology-ba-hons,sociology,Bachelor's,104 UCAS Tariff points,//www.ucas.com,"A levels – BCC, T levels – 104 UCAS Tariff points, International Baccalaureate – 104 UCAS Tariff points from all components of the Diploma Programme, BTEC Extended Diploma – DMM, BTEC Diploma – D*D, Access – 104 UCAS Tariff points from the Access course",BCC,None,None,None,None,None,DMM,Pass (96 UCAS points),DMM,None,None,None,None,None,None,None,"GCSE English Language grade 4/C, GCSE Maths grade 4/C","English Language, Maths",4/C,None,None,None,None,None,None,None,None,None,None,None,None,None,None,None,None,None,None,None,None,None,None,None,None,None,None,None,6.0,5.5,Accepted with a grade of C,Accepted with a grade of A,None,None,None,None,None,None,International Baccalaureate Career-related Programme will be considered on a case-by-case basis.,https://www.westminster.ac.uk/criminology-and-sociology-courses/2025-26/september/full-time/sociology-ba-honours,westminister.xlsx
University of Westminster,"Marylebone, Central London",https://www.westminster.ac.uk/courses/architectural-technology-bsc-hons,architectural-technology-bsc-hons,Bachelor's,112 UCAS Tariff points,//www.ucas.com,"A levels, T levels, International Baccalaureate, BTEC Extended Diploma, BTEC Diploma, Access to Higher Education Diploma",BBC,None,None,None,None,None,DMM,None,DMM,None,None,None,None,None,None,None,"GCSE English Language grade 4/C, GCSE Maths grade 4/C","English Language, Maths",4/C,112 UCAS Tariff points,None,None,None,None,None,None,None,None,None,None,None,None,None,None,None,None,None,None,None,None,None,None,None,None,None,None,6.0,5.5,None,None,None,None,None,None,None,None,None,https://www.westminster.ac.uk/architecture-interiors-and-urban-design-courses/2025-26/september/full-time/architectural-technology-bsc-honours,westminister.xlsx
University of Westminster,Central London,https://www.westminster.ac.uk,big-data-technologies,Master's,None,None,"UCAS Relevant Qualification: ""A minimum of a lower second class honours degree (2:2) in IT or computing discipline, or in another discipline that either provides important underpinning for or insight into IT and computing, or it is closely related to it (e.g. sciences or engineering, business studies).""",None,None,None,None,None,None,None,None,None,None,None,None,None,None,None,None,None,None,None,None,None,None,None,Second Lower,None,None,None,None,None,None,None,None,None,None,None,None,None,None,None,None,None,None,None,None,None,None,6.5,6.0,None,None,None,None,None,None,None,None,Additional Requirements: None,https://www.westminster.ac.uk/computer-science-and-engineering-data-science-and-informatics-courses/2025-26/september/part-time-day/big-data-technologies-msc,westminister.xlsx
University of Westminster,"Marylebone, Central London",https://www.westminster.ac.uk,financial-economics,Bachelor's,112 UCAS Tariff points,//www.ucas.com,"A levels, T levels, International Baccalaureate, BTEC Extended Diploma, BTEC Diploma, Access to Higher Education Diploma",BBC,None,None,None,None,None,DMM,None,DMM,None,None,None,None,None,None,None,"GCSE English Language grade 4/C, GCSE Maths grade 4/C","English Language, Maths",4/C,112 UCAS Tariff points,None,None,None,None,None,None,None,None,None,None,None,None,None,None,None,None,None,None,None,None,None,None,None,None,None,None,6.0,5.5,None,None,None,None,None,None,None,None,None,https://www.westminster.ac.uk/economics-courses/2025-26/september/full-time/financial-economics-bsc-honours,westminister.xlsx
University of Westminster,"Marylebone, Central London",https://www.westminster.ac.uk/courses/logistics-and-supply-chain-management-msc,logistics-and-supply-chain-management,Master's,None,None,"A minimum of a lower second class honours degree (2:2) in relevant degree disciplines including economics, business studies, management, geography and operations research. Alternative qualifications with relevant professional experience will also be considered.",None,None,None,None,None,None,None,None,None,None,None,None,None,None,None,None,None,None,None,None,None,None,None,Second Lower,None,None,None,None,None,None,None,None,None,None,None,None,None,None,None,CILT,None,None,None,None,None,None,6.5,6.0,None,None,None,None,Accepted,Accepted,None,None,"Personal Statement: ""Applicants are required to submit a Personal Statement (maximum 750 words), which should include a clear explanation of their motivations for studying logistics and supply chain management, and identify the key challenges which, in their view, are facing supply chains in the next 10 years.""
Academic Reference: ""Applicants are required to submit one academic reference.""",https://www.westminster.ac.uk/transport-and-logistics-courses/2025-26/september/part-time-day/logistics-and-supply-chain-management-msc,westminister.xlsx
University of Westminster,Central London,https://www.westminster.ac.uk/courses/pharmacology-and-physiology-bsc-hons,pharmacology-and-physiology-bsc-hons,Bachelor's,96 UCAS Tariff points,//www.ucas.com,"A Levels– CCC, with two science subjects from Biology, Chemistry, Physics and Maths; T levels– 96 UCAS Tariff points; International Baccalaureate– 96 UCAS Tariff points from the IB including a minimum of 4 in two HL science subjects; BTEC Extended Diploma– MMM in Applied Science; BTEC Diploma– DD in Applied Science; Access– 96 UCAS Tariff points from the Access course in Science.",CCC,"Biology,Chemistry,Physics,Maths",None,None,None,None,MMM in Applied Science,None,MMM in Applied Science,None,None,None,None,None,4 in two HL science subjects,None,GCSE English Language grade 4/C,"English,Maths",4/C,96 UCAS Tariff points,None,None,None,None,None,None,None,None,None,None,None,None,None,None,None,None,None,None,None,None,None,None,None,None,None,None,6.0,5.5,None,None,None,None,None,None,None,None,None,https://www.westminster.ac.uk/biological-and-biomedical-sciences-courses/2025-26/september/full-time/pharmacology-physiology-bsc-honours,westminister.xlsx
University of Westminster,"Marylebone, Central London",https://www.westminster.ac.uk/courses/transport-planning-msc,transport-planning-msc,Master's,None,None,"UCAS Relevant Qualification: ""A minimum of a lower second class honours degree (2:2) in a relevant subject area. Any relevant transport experience would further enhance your application.""",None,None,None,None,None,None,None,None,None,None,None,None,None,None,None,None,None,None,None,None,None,None,None,Second Lower,Accepted,None,None,None,None,None,None,None,None,None,None,None,None,None,None,CILT,None,None,None,None,None,None,6.5,6.0,None,None,None,None,None,None,None,None,Additional Requirements: None,https://www.westminster.ac.uk/transport-and-logistics-courses/2025-26/january/part-time-day/transport-planning-msc,westminister.xlsx
University of Westminster,Central London,https://www.westminster.ac.uk,european-legal-studies-llb,Bachelor's,112,https://www.ucas.com,"UCAS Relevant Qualification: ""A levels– BBC, T levels– Acceptable, International Baccalaureate– Acceptable, BTEC Extended Diploma– DMM, BTEC Diploma– D*D*, Access– Acceptable""",BBC,None,None,None,None,None,None,None,None,None,None,None,None,None,None,None,grade 4/C,"English Language, Maths",4,None,None,None,None,None,None,None,None,None,None,None,None,None,None,None,None,None,None,None,None,None,None,None,None,None,None,None,6.0,5.5,None,None,None,None,None,None,None,None,Additional Requirements: None,https://www.westminster.ac.uk/law-courses/2025-26/september/full-time/european-legal-studies-llb-honours,westminister.xlsx
University of Westminster,Central London,https://www.westminster.ac.uk/courses/digital-health-and-cyberpsychology-msc,digital-health-and-cyberpsychology,Master's,None,None,UCAS Relevant Qualification: None,None,None,None,None,None,None,None,None,None,None,None,None,None,None,None,None,None,None,None,None,None,None,None,Second Lower,None,None,None,None,None,None,None,None,None,None,None,None,None,None,None,None,None,None,None,None,None,None,6.5,6.0,None,None,None,None,Accepted,Accepted,None,None,Shortlisted applicants will be asked to attend an online interview.,https://www.westminster.ac.uk/nutrition-and-public-health-psychology-courses/2025-26/january/open-distance-learning-part-time/digital-health-and-cyberpsychology-msc,westminister.xlsx
University of Westminster,"Harrow, North-West London",https://www.westminster.ac.uk/courses/social-media-and-digital-communication-ma,social-media-and-digital-communication-ma,Master's,None,None,UCAS Relevant Qualification: A minimum of a lower second class honours degree (2:2).,None,None,None,None,None,None,None,None,None,None,None,None,None,None,None,None,None,None,None,None,None,None,None,Second Lower,None,None,None,None,None,None,None,None,None,None,None,None,None,None,None,None,None,None,None,None,None,None,6.5,5.5,None,None,None,None,Accepted,Accepted,None,None,"Additional Requirements: Personal Statement must reflect your understanding of the course and how you will contribute to the group. If the Personal Statement is not relevant, applicants will be required to complete a short assignment. Applicants are required to submit one academic reference.",https://www.westminster.ac.uk/media-and-communication-courses/2025-26/september/full-time/social-media-and-digital-communication-ma,westminister.xlsx
University of Westminster,Central London,https://www.westminster.ac.uk/courses/chinese-and-international-relations-ba-hons,chinese-and-international-relations,Bachelor's,104 UCAS Tariff points,//www.ucas.com,"A Levels, T Levels, International Baccalaureate, BTEC Extended Diploma, BTEC Diploma, Access to Higher Education Diploma",BCC,None,None,None,None,None,DMM,None,DMM,None,None,None,None,None,None,None,"GCSE English Language grade 4/C, GCSE Maths grade 4/C","English Language, Maths",4/C,None,None,None,None,None,None,None,None,None,None,None,None,None,None,None,None,None,None,None,None,None,None,None,None,None,None,None,6.0,5.5,None,None,None,None,None,None,None,None,None,https://www.westminster.ac.uk/languages-politics-and-international-relations-courses/2025-26/september/full-time/chinese-and-international-relations-ba-honours,westminister.xlsx
University of Westminster,"Marylebone, Central London",https://www.westminster.ac.uk/courses/tourism-management-ba,tourism-management-ba,Bachelor's,112 UCAS Tariff points,//www.ucas.com,"A levels, T levels, International Baccalaureate, BTEC Extended Diploma, BTEC Diploma, Access to Higher Education Diploma",BBC,None,None,None,None,None,DMM,None,DMM,None,None,None,None,None,None,None,"GCSE English Language grade 4/C, GCSE Maths grade 4/C","English Language, Maths",4/C,112 UCAS Tariff points,None,None,None,None,None,None,None,None,None,None,None,None,None,None,None,None,None,None,None,None,None,None,None,None,None,None,6.0,5.5,None,None,None,None,None,None,None,None,None,https://www.westminster.ac.uk/tourism-and-events-management-courses/2025-26/september/full-time/tourism-management-ba-honours,westminister.xlsx
University of Westminster,"Marylebone, Central London",https://www.westminster.ac.uk/courses/international-human-resource-management-ma,international-human-resource-management,Master's,None,None,"UCAS Relevant Qualification: ""A minimum of a lower second class honours degree (2:2). Relevant degree disciplines include: business studies, economics, geography, management, and operations research. However, students with qualifications in other disciplines such as engineering, environmental sciences, the humanities and languages are also encouraged to apply.""",None,None,None,None,None,None,None,None,None,None,None,None,None,None,None,None,None,None,None,None,None,None,None,Second Lower,None,None,None,None,None,None,None,None,None,None,None,None,None,None,None,None,None,None,None,None,None,None,6.5,6.0,None,None,None,None,None,None,None,None,Additional Requirements: None,https://www.westminster.ac.uk/business-and-management-courses/2025-26/september/full-time/international-human-resource-management-ma,westminister.xlsx
University of Westminster,"Harrow, North-West London",https://www.westminster.ac.uk/courses/photography-ba-hons,photography-ba-hons,Bachelor's,48 UCAS Tariff points,//www.ucas.com,"A Levels, T Levels, International Baccalaureate, BTEC Extended Diploma, BTEC Diploma, Access to Higher Education Diploma",DD,None,None,None,None,None,PPP,None,PPP,None,None,None,None,None,48,Required,"GCSE English Language grade 4/C, GCSE Maths Pass","English Language, Maths",4/C,48 UCAS Tariff points,None,None,None,None,None,None,None,None,None,None,None,None,None,None,None,None,None,None,None,None,None,None,None,None,None,None,6.0,5.5,None,None,None,None,None,None,None,None,None,https://www.westminster.ac.uk/art-design-and-visual-culture-courses/2025-26/september/full-time/photography-with-foundation-ba-honours,westminister.xlsx
University of Westminster,Central London,https://www.westminster.ac.uk/courses/legal-practice-course-lpc,legal-practice-course-lpc,Master's,None,None,"UCAS Relevant Qualification: ""A minimum of a lower second class honours degree (2:2). Qualifying Law degree or non-law degree followed by Graduate Diploma in Law (GDL) or Chartered Institute of Legal Executives (CILEx) Level 6 qualification.""",None,None,None,None,None,None,None,None,None,None,None,None,None,None,None,None,None,None,None,None,None,None,None,Second Lower,None,Accepted,None,None,None,None,None,None,None,None,None,None,None,None,None,None,None,None,None,None,None,None,6.5,6.0,None,None,None,None,None,None,None,None,Additional Requirements: None,https://www.westminster.ac.uk/law-courses/2025-26/september/full-time/legal-practice-postgraduate-diploma,westminister.xlsx
University of Westminster,Central London,https://www.westminster.ac.uk,sociology-and-criminology,Bachelor's,104 UCAS Tariff points,//www.ucas.com,"A levels, T levels, International Baccalaureate, BTEC Extended Diploma, BTEC Diploma, Access to Higher Education Diploma",BCC,"English Language, Mathematics",4/C,None,None,None,DMM,Pass (96 UCAS points),DMM,None,None,None,None,None,104,None,4/C,"English Language, Mathematics",4/C,None,None,None,None,None,None,None,None,None,None,None,None,None,None,None,None,None,None,None,None,None,None,None,None,None,None,None,6.0,5.5,None,None,None,None,None,None,None,None,None,https://www.westminster.ac.uk/criminology-and-sociology-courses/2025-26/september/part-time-day/sociology-and-criminology-ba-honours,westminister.xlsx
University of Westminster,"Marylebone, Central London",https://www.westminster.ac.uk,business-and-organisational-psychology,Master's,None,None,"UCAS Relevant Qualification: ""A minimum of a lower second class honours degree (2:2). Relevant degree disciplines include Psychology, Business, Social Science or Science.""",None,None,None,None,None,None,None,None,None,None,None,None,None,None,None,None,None,None,None,None,None,None,None,Second Lower,Accepted,None,None,None,None,None,None,None,None,None,None,None,None,None,None,None,None,None,None,None,None,None,6.5,6.0,None,None,None,None,Accepted,None,None,None,Additional Requirements: None,https://www.westminster.ac.uk/business-and-management-psychology-courses/2025-26/september/part-time-day-evening/business-and-organisational-psychology-msc,westminister.xlsx
University of Westminster,"Harrow, North-West London",https://www.westminster.ac.uk/courses/film-television-and-moving-image-ma,film-television-and-moving-image-ma,Master's,None,None,UCAS Relevant Qualification: A minimum of an upper second class honours degree (2:1) or a lower second class honours degree (2:2) in a relevant degree or with relevant experience.,Required,None,None,None,None,None,None,None,None,None,None,None,None,None,None,None,None,None,None,None,None,None,None,Second Lower,Accepted,None,None,None,None,None,None,None,None,None,None,None,None,None,None,None,None,None,None,None,None,None,6.5,5.5,None,None,None,None,Accepted,Accepted,None,None,Additional Requirements: None,https://www.westminster.ac.uk/film-and-television-courses/2025-26/september/part-time-day-evening/film-television-and-moving-image-ma,westminister.xlsx
University of Westminster,Central London,https://www.westminster.ac.uk/courses/health-psychology-msc,health-psychology,Master's,None,None,An upper second class honours degree (2:1) in a psychology degree that grants eligibility for the Graduate Basis for Chartered Membership (GBC) of the BPS. Candidates with a lower second class honours degree (2:2) or without GBC will be considered.,None,None,None,None,None,None,None,None,None,None,None,None,None,None,None,None,None,None,None,None,None,None,None,Second Upper,Accepted,None,None,None,None,None,None,None,None,None,None,None,None,None,None,HCPC,None,None,None,None,None,None,7.0,6.5,None,None,None,None,Accepted,Accepted,None,None,None,https://www.westminster.ac.uk/psychology-courses/2025-26/september/part-time-day/health-psychology-msc,westminister.xlsx
University of Westminster,Central London,https://www.westminster.ac.uk/courses/arabic-and-international-communication-ba,arabic-and-international-communication-ba,Bachelor's,104 UCAS Tariff points,//www.ucas.com,"A levels, T levels, International Baccalaureate, BTEC Extended Diploma, BTEC Diploma, Access to Higher Education Diploma",BCC,None,None,None,None,None,DMM,None,None,None,None,None,None,None,None,None,"GCSE English Language grade 4/C, GCSE Maths grade 4/C","English Language, Maths",4/C,None,None,None,None,None,None,None,None,None,None,None,None,None,None,None,None,None,None,None,None,None,None,None,None,None,None,None,6.0,5.5,None,None,None,None,None,None,None,None,None,https://www.westminster.ac.uk/languages-courses/2025-26/september/full-time/arabic-and-international-communication-ba-honours,westminister.xlsx
University of Westminster,"Marylebone, Central London",https://www.westminster.ac.uk/courses/air-transport-planning-and-management-msc,air-transport-planning-and-management,Master's,None,None,UCAS Relevant Qualification: A minimum of a lower second class honours degree (2:2) or substantial relevant work experience.,None,None,None,None,None,None,None,None,None,None,None,None,None,None,None,None,None,None,None,None,None,None,None,Second Lower,Accepted,None,None,None,None,None,None,None,None,None,None,None,None,None,None,None,None,None,None,None,None,None,6.5,6.0,None,None,None,None,Accepted,Accepted,None,None,Additional Requirements: None,https://www.westminster.ac.uk/transport-and-logistics-courses/2025-26/september/block-release/air-transport-planning-and-management-msc,westminister.xlsx
University of Westminster,"Marylebone, Central London",https://www.westminster.ac.uk,business-management-ba-honours,Bachelor's,88 UCAS Tariff points,//www.ucas.com,"A levels – CCD, T levels – 88 UCAS Tariff points, International Baccalaureate – 88 UCAS Tariff points from all components of the Diploma Programme, BTEC Extended Diploma – MMM, BTEC Diploma – DD, Access – 88 UCAS Tariff points from the Access course",CCD,None,None,None,None,None,None,None,None,None,None,None,None,None,None,None,"GCSE English Language grade 4/C, GCSE Maths grade 4/C","English, Maths",4/C,None,None,None,None,None,None,None,None,None,None,None,None,None,None,None,None,None,None,None,None,None,None,None,None,None,None,None,6.0,5.5,None,None,None,None,None,None,None,None,None,https://www.westminster.ac.uk/business-and-management-courses/2025-26/september/full-time/business-management-with-foundation-ba-honours,westminister.xlsx
University of Westminster,"Marylebone, Central London",https://www.westminster.ac.uk/courses/human-resource-management-ma,human-resource-management,Master's,None,None,"UCAS Relevant Qualification: ""A minimum of a lower second class honours degree (2:2) in relevant degree disciplines such as business studies, economics, geography, management, and operations research. Alternative professional qualifications with at least three years of relevant professional experience will also be considered.""",None,None,None,None,None,None,None,None,None,None,None,None,None,None,None,None,None,None,None,None,None,None,None,Second Lower,None,None,None,None,None,None,None,None,None,None,None,None,None,None,None,None,None,None,None,None,None,None,6.5,6.0,None,None,None,None,None,None,None,None,Additional Requirements: None,https://www.westminster.ac.uk/business-and-management-courses/2025-26/january/full-time/human-resource-management-ma,westminister.xlsx
University of Westminster,"Marylebone, Central London",https://www.westminster.ac.uk/courses/human-resource-management-ma,human-resource-management,Master's,None,None,"UCAS Relevant Qualification: ""A minimum of a lower second class honours degree (2:2). Relevant degree disciplines include business studies, economics, geography, management, and operations research. However, students with qualifications in other disciplines, such as engineering, environmental sciences, the humanities and languages, are also encouraged to apply. Alternative professional qualifications with at least three years of relevant professional experience will also be considered.""",None,None,None,None,None,None,None,None,None,None,None,None,None,None,None,None,None,None,None,None,None,None,None,Second Lower,None,None,None,None,None,None,None,None,None,None,None,None,None,None,None,None,None,None,None,None,None,None,6.5,6.0,None,None,None,None,None,None,None,None,Additional Requirements: None,https://www.westminster.ac.uk/business-and-management-courses/2025-26/january/part-time-day-evening/human-resource-management-ma,westminister.xlsx
University of Westminster,"Marylebone, Central London",https://www.westminster.ac.uk,business-management-human-resource-management,Bachelor's,112 UCAS Tariff points,//www.ucas.com,"A Levels, T Levels, International Baccalaureate, BTEC Extended Diploma, BTEC Diploma, Access to Higher Education Diploma",BBC,None,None,None,None,None,DMM,None,DMM,None,None,None,None,None,None,None,"GCSE English Language grade 4/C, GCSE Maths grade 4/C","English Language, Maths",4/C,112 UCAS Tariff points,None,None,None,None,None,None,None,None,None,None,None,None,None,None,None,None,None,None,None,None,None,None,None,None,None,None,6.0,5.5,None,None,None,None,None,None,None,None,None,https://www.westminster.ac.uk/business-and-management-courses/2025-26/september/full-time/business-management-human-resource-management-ba-honours,westminister.xlsx
University of Westminster,Central London,https://www.westminster.ac.uk,sport-and-exercise-nutrition,Master's,None,None,"A minimum of a lower second class honours degree (2:2) in a life sciences subject with a strong element of nutrition and/or physiology, or successful completion of the Essentials of Nutrition course for graduates in another discipline.",None,None,None,None,None,None,None,None,None,None,None,None,None,None,None,None,None,None,None,None,None,None,None,Second Lower,None,None,None,None,None,None,None,None,None,None,None,None,None,None,None,UK Sport and Exercise Nutrition Register (SENr),None,None,None,None,None,None,6.5,6.0,None,None,None,None,Accepted,Accepted,None,None,None,https://www.westminster.ac.uk/nutrition-and-public-health-courses/2025-26/september/full-time/sport-and-exercise-nutrition-msc,westminister.xlsx
University of Westminster,"Marylebone, Central London",https://www.westminster.ac.uk/courses/interior-architecture-ma,interior-architecture-ma,Master's,None,None,"A minimum of a lower second class honours degree (2:2) in Architecture, Interior Architecture, Interior Design or a related design discipline. We also consider applicants from recognised international pre-Master's programmes which include a portfolio element. We may also consider qualifications in other related subject areas, as well as demonstrable practical experience or knowledge of interior architecture, at the appropriate level.",None,None,None,None,None,None,None,None,None,None,None,None,None,None,None,Required,None,None,None,None,None,None,None,None,Accepted,None,None,None,None,None,None,None,None,None,Accepted,None,None,None,None,None,None,None,None,None,None,None,6.5,6.5,None,None,None,None,Accepted,Accepted,None,None,"Portfolio guidance: The admissions process includes the submission of a design portfolio which demonstrates an applicant's track record in the following: design process, research and critical thinking skills, technical proficiency, working at a wide range of scales, architectural representation, people-centred design, and a genuine engagement with context and place. Recognition of prior learning and experience: If you have previously studied at university level, or have equivalent work experience, academic credit may be awarded towards your course at Westminster.",https://www.westminster.ac.uk/architecture-interiors-and-urban-design-courses/2025-26/september/full-time/interior-architecture-ma,westminister.xlsx
University of Westminster,Central London,https://www.westminster.ac.uk,international-marketing-ba-honours,Bachelor's,112 UCAS Tariff points,//www.ucas.com,"A Levels, T Levels, International Baccalaureate, BTEC Extended Diploma, BTEC Diploma, Access to Higher Education Diploma",BBC,None,None,None,None,None,DMM,None,DMM,None,None,None,None,None,None,None,"GCSE English Language grade 4/C, GCSE Maths grade 4/C","English Language, Maths",4/C,112 UCAS Tariff points,None,None,None,None,None,None,None,None,None,None,None,None,None,None,None,None,None,None,None,None,None,None,None,None,None,None,6.0,5.5,None,None,None,None,None,None,None,None,None,https://www.westminster.ac.uk/business-and-management-marketing-courses/2025-26/september/full-time/international-marketing-ba-honours,westminister.xlsx
University of Westminster,"Marylebone, Central London",https://www.westminster.ac.uk,management-ma,Master's,None,None,UCAS Relevant Qualification: A minimum of a lower second class honours degree (2:2).,None,None,None,None,None,None,None,None,None,None,None,None,None,None,None,None,None,None,None,None,None,None,None,Second Lower,Accepted,None,None,None,None,None,None,None,None,None,None,None,None,None,None,None,None,None,None,None,None,None,6.5,6.0,None,None,None,None,None,None,None,None,Additional Requirements: None,https://www.westminster.ac.uk/business-and-management-courses/2025-26/january/full-time/management-ma,westminister.xlsx
University of Westminster,Central London,https://www.westminster.ac.uk/courses/professional-writing-ma,professional-writing,Master's,None,None,UCAS Relevant Qualification: A minimum of a lower second class honours degree (2:2).,None,None,None,None,None,None,None,None,None,None,None,None,None,None,None,None,None,None,None,None,None,None,None,Second Lower,None,None,None,None,None,None,None,None,None,None,None,None,None,None,None,None,None,None,None,None,None,None,6.5,6.0,None,None,None,None,Accepted,Accepted,None,None,Additional Requirements: None,https://www.westminster.ac.uk/english-and-creative-writing-courses/2025-26/january/full-time/professional-writing-ma,westminister.xlsx
University of Westminster,"Harrow, North-West London",https://www.westminster.ac.uk/courses/animation-ba-hons,animation-ba-hons,Bachelor's,96 UCAS Tariff points,//www.ucas.com,"A levels, T levels, BTEC Extended Diploma, BTEC Diploma, Access to Higher Education Diploma, International Baccalaureate",CCC,None,None,None,None,None,"MMM BTEC Extended Diploma, DD BTEC Diploma",None,MMM,None,None,None,None,None,None,Required,GCSE English Language grade 4/C,English Language,4/C,96 UCAS Tariff points,None,None,None,None,None,None,None,None,None,None,None,None,None,None,None,None,None,None,None,None,None,None,None,None,None,None,6.0,5.5,None,None,None,None,None,None,None,None,None,https://www.westminster.ac.uk/art-design-and-visual-culture-film-and-television-media-and-communication-courses/2025-26/september/full-time/animation-ba-honours,westminister.xlsx
University of Westminster,London,https://www.westminster.ac.uk/courses/creative-writing-writing-the-city,creative-writing-writing-the-city,Master's,None,None,UCAS Relevant Qualification: A minimum of a lower second class honours degree (2:2) in a humanities-based discipline.,None,None,None,None,None,None,None,None,None,None,None,None,None,None,None,None,None,None,None,None,None,None,None,Second Lower,Accepted,None,None,None,None,None,None,None,None,None,None,None,None,None,None,None,None,None,None,None,None,None,6.5,6.0,None,None,None,None,Accepted,Accepted,None,None,"Portfolio Submission: ""Applicants are required to submit a portfolio of creative writing (maximum of 10,000 words), which should not exclusively include poetry.""",https://www.westminster.ac.uk/english-and-creative-writing-courses/2025-26/january/full-time/creative-writing-writing-the-city-ma,westminister.xlsx
University of Westminster,Central London,https://www.westminster.ac.uk/courses/biochemistry-bsc-hons,biochemistry,Bachelor's,96 UCAS Tariff points,//www.ucas.com,"A levels, T levels, International Baccalaureate, BTEC Extended Diploma, BTEC Diploma, Access to Higher Education Diploma",CCC,"Biology,Chemistry,Maths,Physics",None,None,None,None,MMM in Applied Science,None,MMM in Applied Science,DD in Applied Science,None,None,None,None,4 in two HL science subjects,None,"GCSE English Language grade 4/C, GCSE Maths grade 4/C","English, Maths",4/C,96 UCAS Tariff points in Science,None,None,None,None,None,None,None,None,None,None,None,None,None,None,None,None,None,None,None,None,None,None,Accepted,None,None,None,6.0,5.5,None,None,None,None,None,None,None,None,None,https://www.westminster.ac.uk/biological-and-biomedical-sciences-courses/2025-26/september/full-time/biochemistry-bsc-honours,westminister.xlsx
University of Westminster,"Marylebone, Central London",https://www.westminster.ac.uk,fintech-and-business-analytics,Master's,None,None,UCAS Relevant Qualification: A minimum of a lower second class honours degree (2:2) or alternative professional qualifications with at least three years of relevant professional experience.,None,None,None,None,None,None,None,None,None,None,None,None,None,None,None,None,None,None,None,None,None,None,None,Second Lower,Accepted,None,None,None,None,None,None,None,None,None,None,None,None,None,None,None,None,None,None,None,None,None,6.5,6.0,None,None,None,None,Accepted,Accepted,None,None,Additional Requirements: None,https://www.westminster.ac.uk/accounting-and-finance-data-science-and-informatics-courses/2025-26/january/full-time/fintech-with-business-analytics-msc,westminister.xlsx
University of Westminster,Central London,https://www.westminster.ac.uk,english-language-and-linguistics-ma,Master's,None,None,"A minimum of a lower second class honours degree (2:2) in a relevant discipline including English language, linguistics or TESOL.",None,None,None,None,None,None,None,None,None,None,None,None,None,None,None,None,None,None,None,None,None,None,None,Second Lower,None,None,None,None,None,None,None,None,None,None,None,None,None,None,None,None,None,None,None,None,None,None,6.5,6.0,None,None,None,None,None,None,None,None,None,https://www.westminster.ac.uk/english-and-creative-writing-courses/2025-26/september/full-time/english-language-and-linguistics-ma,westminister.xlsx
University of Westminster,"Harrow, North-West London",https://www.westminster.ac.uk/courses/music-production-performance-and-business-ba,music-production-performance-and-business,Bachelor's,96 UCAS Tariff points,//www.ucas.com,"A Levels– CCC, T levels– 96 UCAS Tariff points, International Baccalaureate– 96 UCAS Tariff points from all components of the Diploma Programme, BTEC Extended Diploma– MMM, BTEC Diploma– DD, Access– 96 UCAS Tariff points from the Access course",CCC,None,None,None,None,None,MM,Pass (96 UCAS points),None,None,None,None,None,None,None,Required,GCSE English Language grade 4/C,English Language,4/C,None,None,None,None,None,None,None,None,None,None,None,None,None,None,None,None,None,None,None,None,None,None,None,None,None,Required,None,6.0,5.5,None,None,None,None,None,None,None,None,"Portfolio guidance: Number of recommended portfolio pieces. A maximum of two portfolio pieces. What should I include in my portfolio submission? Depending on your area of specialism(s), please choose 2-3 of the following: Tracks: Provide a link to 2 tracks you have either written or produced. This should demonstrate your skills in song writing, composition, or production, highlighting your technical proficiency and creativity. Performance: Provide a link to 2 recordings or videos of yourself performing an original or cover song. This should demonstrate your specific instrumental abilities and skills across either vocals, guitar, keys, bass, drums, etc., showcasing your technique and performance quality. Analysis: Submit a short report (500 words) or a 5-minute video on a modern artist, producer, or entrepreneur/business. Detail their sound, creative identity, and marketing efforts. You can also include considerations on how they challenge traditional music industry practices or incorporate ethical considerations and sustainability into their work. Business Pitch: Present a brief video pitch (2 minutes) for a new business venture or project. This should demonstrate your music industry knowledge, business acumen, and entrepreneurial spirit. Highlight how you would address ethical considerations or sustainability in your venture. Professional Presence: Provide links to your professional social media platforms that showcase content related to your specialism. This can demonstrate your engagement with an audience and/or your ability to maintain a professional online presence.",https://www.westminster.ac.uk/music-courses/2025-26/september/full-time/music-production-performance-and-business-ba-honours,westminister.xlsx
University of Westminster,Central London,https://www.westminster.ac.uk/courses/diplomacy-and-global-politics-ma,diplomacy-and-global-politics-ma,Master's,None,None,"UCAS Relevant Qualification: ""A minimum of a lower second class honours degree (2:2) in a related discipline in Social Sciences or Humanities.""",None,None,None,None,None,None,None,None,None,None,None,None,None,None,None,None,None,None,None,None,None,None,None,None,None,None,None,CACHE Technical Level 3 Requirement: None,None,None,None,None,None,None,None,None,None,None,None,None,None,None,None,None,None,None,6.5,6.0,None,None,None,None,None,None,None,None,"Entry Requirements: ""A minimum of a lower second class honours degree (2:2) in a related discipline in Social Sciences or Humanities. If your first language is not English you should have an IELTS 6.5 with at least 6.5 in writing and no element below 6.0.""",https://www.westminster.ac.uk/politics-and-international-relations-courses/2025-26/january/part-time-day/diplomacy-and-global-politics-ma,westminister.xlsx
University of Westminster,Central London,https://www.westminster.ac.uk/courses/cyber-security-and-forensics-bsc-hons,cyber-security-and-forensics-bsc-hons,Bachelor's,64 UCAS Tariff points,//www.ucas.com,"A Levels, T Levels, International Baccalaureate, BTEC Extended Diploma, BTEC Diploma, Access to Higher Education Diploma",DDE,None,None,None,None,None,MPP,None,None,None,None,None,None,None,None,None,"GCSE English Language grade 4/C, GCSE Maths grade 4/C","English Language, Maths",4/C,None,None,None,None,None,None,None,None,None,None,None,None,None,None,None,None,None,None,None,None,None,None,None,None,None,None,None,6.0,5.5,None,None,None,None,None,None,None,None,None,https://www.westminster.ac.uk/computer-science-and-engineering-courses/2025-26/september/full-time/cyber-security-and-forensics-with-foundation-bsc-honours,westminister.xlsx
University of Westminster,"Marylebone, Central London",https://www.westminster.ac.uk/courses/business-management-ba-hons,business-management,Bachelor's,112 UCAS Tariff points,//www.ucas.com,"A levels, T levels, International Baccalaureate, BTEC Extended Diploma, Access to Higher Education Diploma",BBC,None,None,None,None,None,DMM,None,DMM,None,None,None,None,None,None,None,"GCSE English Language grade 4/C, GCSE Maths grade 4/C","English Language, Maths",4/C,112 UCAS Tariff points,None,None,None,None,None,None,None,None,None,None,None,None,None,None,None,None,None,None,None,None,None,None,None,None,None,None,6.0,5.5,None,None,None,None,None,None,None,None,None,https://www.westminster.ac.uk/business-and-management-courses/2025-26/september/full-time/business-management-ba-honours,westminister.xlsx
University of Westminster,Central London,https://www.westminster.ac.uk,creative-writing-and-english-language,Bachelor's,104 UCAS Tariff points,//www.ucas.com,"A Levels, T Levels, International Baccalaureate, BTEC Extended Diploma, Access to Higher Education Diploma",BCC,None,None,None,None,None,DMM,None,DMM,None,None,None,None,None,None,A portfolio of creative writing may be required in addition to these academic qualifications.,"GCSE English Language grade 4/C, GCSE Maths grade 4/C","English Language, Maths",4/C,None,None,None,None,None,None,None,None,None,None,None,None,None,None,None,None,None,None,None,None,None,None,None,None,None,None,None,6.0,5.5,None,None,None,None,None,None,None,None,None,https://www.westminster.ac.uk/english-and-creative-writing-courses/2025-26/september/part-time-day/creative-writing-and-english-language-ba-honours,westminister.xlsx
University of Westminster,Central London,https://www.westminster.ac.uk/courses/forensic-psychology-msc,forensic-psychology-msc,Master's,None,None,"UCAS Relevant Qualification: ""A 2:1 or above in a BPS-accredited psychology undergraduate degree (or equivalent through a psychology conversion course) conferring Graduate Basis for Chartered Membership (GBC) is typically required.""",None,None,None,None,None,None,None,None,None,None,None,None,None,None,None,None,None,None,None,None,None,None,None,Second Upper,None,None,None,None,None,None,None,None,None,None,None,None,None,None,None,None,None,None,None,None,None,None,6.5,6.0,None,None,None,None,None,None,None,None,Additional Requirements: None,https://www.westminster.ac.uk/psychology-courses/2025-26/september/full-time/forensic-psychology-msc,westminister.xlsx
University of Westminster,"Marylebone, Central London",https://www.westminster.ac.uk,fintech-and-data-analytics,Bachelor's,120 UCAS Tariff points,//www.ucas.com,"A levels – BBB, T levels – 120 UCAS Tariff points, International Baccalaureate – 120 UCAS Tariff points from all components of the Diploma Programme, BTEC Extended Diploma – DDM, Access – 120 UCAS Tariff points from the Access course",BBB,None,None,None,None,None,DDM,Pass (120 UCAS points),DDM,None,None,None,None,None,None,None,"GCSE English Language grade 4/C, GCSE Maths grade 4/C","English Language, Maths",4/C,None,None,None,None,None,None,None,None,None,None,None,None,None,None,None,None,None,None,None,None,None,None,None,None,None,None,None,6.0,5.5,None,None,None,None,None,None,None,None,International Baccalaureate Career-related Programme will be considered on a case-by-case basis.,https://www.westminster.ac.uk/accounting-and-finance-data-science-and-informatics-courses/2025-26/september/full-time/fintech-with-data-analytics-bsc-honours,westminister.xlsx
University of Westminster,Central London,https://www.westminster.ac.uk/courses/languages-and-translation-ba-hons,languages-and-translation-ba-hons,Bachelor's,104 UCAS Tariff points,//www.ucas.com,"A levels, T levels, International Baccalaureate, BTEC Extended Diploma, BTEC Diploma, Access to Higher Education Diploma",BCC,"French, Spanish",C,None,None,None,DMM,None,DMM,None,None,None,None,None,None,None,"GCSE English Language grade 4/C, GCSE Maths grade 4/C","English Language, Maths",4,None,None,None,None,None,None,None,None,None,None,None,None,None,None,None,None,None,None,None,None,None,None,None,None,None,None,None,6.0,5.5,None,Accepted with a grade of C,None,None,None,None,None,None,We may need to test you to ascertain your language level if you are not doing an A Level in French or Spanish.,https://www.westminster.ac.uk/languages-courses/2025-26/september/full-time/languages-and-translation-ba-honours,westminister.xlsx
University of Westminster,Central London,https://www.westminster.ac.uk,international-commercial-and-corporate-law,Master's,None,None,A minimum of a lower second class honours degree (2:2) or an upper second class honours degree (2:1) in Law or a non-related degree with a demonstrated legal interest.,None,None,None,None,None,None,None,None,None,None,None,None,None,None,None,None,None,None,None,None,None,None,None,A minimum of a lower second class honours degree (2:2) or an upper second class honours degree (2:1),Accepted,None,None,None,None,None,None,None,None,None,None,None,None,None,None,None,Accepted,Required,None,None,None,None,6.5,6.0,None,None,None,None,Accepted,Accepted,None,None,None,https://www.westminster.ac.uk/law-courses/2025-26/january/part-time-day-evening/international-commercial-and-corporate-law-llm,westminister.xlsx
University of Westminster,Central London,https://www.westminster.ac.uk,digital-health-and-cyberpsychology,Master's,None,None,UCAS Relevant Qualification: None,None,None,None,None,None,None,None,None,None,None,None,None,None,None,None,None,None,None,None,None,None,None,None,Second Lower,None,None,None,None,None,None,None,None,None,None,None,None,None,None,None,None,None,None,None,None,None,None,6.5,6.0,None,None,None,None,None,None,None,None,Shortlisted applicants will be asked to attend an online interview.,https://www.westminster.ac.uk/nutrition-and-public-health-psychology-courses/2025-26/january/open-distance-learning-full-time/digital-health-and-cyberpsychology-msc,westminister.xlsx
University of Westminster,Central London,https://www.westminster.ac.uk/courses/msc-in-artificial-intelligence-and-digital-health,artificial-intelligence-and-digital-health,Master's,None,None,"UCAS Relevant Qualification: ""A minimum of a lower second class honours degree (2:2) in a relevant discipline including health or allied health related subject, or in social care related subjects.""",None,None,None,None,None,None,None,None,None,None,None,None,None,None,None,None,None,None,None,None,None,None,None,Second Lower,Accepted,None,None,None,None,None,None,None,None,None,None,None,None,None,None,None,None,None,None,None,None,None,6.5,6.0,None,None,None,None,None,None,None,None,Additional Requirements: None,https://www.westminster.ac.uk/biological-and-biomedical-sciences-data-science-and-informatics-courses/2025-26/september/full-time/artificial-intelligence-and-digital-health-msc,westminister.xlsx
University of Westminster,"Marylebone, Central London",https://www.westminster.ac.uk,international-development-management,Master's,None,None,"UCAS Relevant Qualification: ""A minimum of a lower second class honours degree (2:2). Relevant degree disciplines include business studies, economics, geography, management, and operations research. However, students with qualifications in other disciplines, such as engineering, environmental sciences, the humanities and languages, are also encouraged to apply. Alternative professional qualifications with at least three years of relevant professional experience will also be considered.""",None,None,None,None,None,None,None,None,None,None,None,None,None,None,None,None,None,None,None,None,None,None,None,Second Lower,None,None,None,None,None,None,None,None,None,None,None,None,None,None,None,None,None,None,None,None,None,None,6.5,6.0,None,None,None,None,None,None,None,None,Additional Requirements: None,https://www.westminster.ac.uk/business-and-management-courses/2025-26/january/full-time/international-development-management-msc,westminister.xlsx
University of Westminster,"Marylebone, Central London",https://www.westminster.ac.uk/courses/marketing-and-data-analytics-bsc,marketing-and-data-analytics-bsc,Bachelor's,112 UCAS Tariff points,//www.ucas.com,"A levels, T levels, International Baccalaureate, BTEC Extended Diploma, BTEC Diploma, Access to Higher Education Diploma",BBC,None,None,None,None,None,DMM,None,DMM,None,None,None,None,None,None,None,"GCSE English Language grade 4/C, GCSE Maths grade 4/C","English Language, Maths",4/C,112 UCAS Tariff points,None,None,None,None,None,None,None,None,None,None,None,None,None,None,None,None,None,None,None,None,None,None,None,None,None,None,6.0,5.5,None,None,None,None,None,None,None,None,None,https://www.westminster.ac.uk/marketing-courses/2025-26/september/full-time/marketing-and-data-analytics-bsc-honours,westminister.xlsx
University of Westminster,Central London,https://www.westminster.ac.uk/courses/business-of-film-ma,business-of-film,Master's,None,None,UCAS Relevant Qualification: A minimum of an upper second class honours degree (2:1) or a lower second class honours degree (2:2) and substantial relevant work experience.,None,None,None,None,None,None,None,None,None,None,None,None,None,None,None,None,None,None,None,None,None,None,None,Second Lower,Accepted,None,None,None,None,None,None,None,None,None,None,None,None,None,None,None,None,None,None,None,None,None,6.5,5.5,None,None,None,None,Accepted,Accepted,None,None,Additional Requirements: None,https://www.westminster.ac.uk/business-and-management-film-and-television-courses/2025-26/september/full-time/business-of-film-ma,westminister.xlsx
University of Westminster,"London, UK",https://www.westminster.ac.uk/courses/public-relations-ma,public-relations-ma,Master's,None,None,"UCAS Relevant Qualification: ""A minimum of an upper second class honours degree (2:1) or a lower second class honours degree (2:2) and substantial relevant work experience. Professional qualifications or substantial appropriate work experience may be acceptable.""",None,None,None,None,None,None,None,None,None,None,None,None,None,None,None,None,None,None,None,None,None,None,None,Second Lower,Accepted,None,None,None,None,None,None,None,None,None,None,None,None,None,None,None,None,None,None,None,None,None,7.0,5.5,None,None,None,None,None,None,None,None,"Additional Requirements: Essay: ""Applicants must submit a 300-word essay analysing the external communication challenges of a known organisation and proposing improvements.""",https://www.westminster.ac.uk/media-and-communication-courses/2025-26/september/full-time/public-relations-ma,westminister.xlsx
University of Westminster,Central London,https://www.westminster.ac.uk/courses/english-literature-ba-hons,english-literature,Bachelor's,104 UCAS Tariff points,//www.ucas.com,"A levels, T levels, International Baccalaureate, BTEC Extended Diploma, BTEC Diploma, Access to Higher Education Diploma",BCC,None,None,None,None,None,DMM,None,None,None,None,None,None,None,None,None,"GCSE English Language grade 4/C, GCSE Maths grade 4/C","English Language, Maths",4,None,None,None,None,None,None,None,None,None,None,None,None,None,None,None,None,None,None,None,None,None,None,None,None,None,None,None,6.0,5.5,None,None,None,None,None,None,None,None,None,https://www.westminster.ac.uk/english-and-creative-writing-courses/2025-26/september/full-time/english-literature-ba-honours,westminister.xlsx
University of Westminster,"Marylebone, Central London",https://www.westminster.ac.uk/courses/urban-and-regional-planning-ma,urban-and-regional-planning-ma,Master's,None,None,A minimum of a lower second class honours degree (2:2). Applicants without the standard entry requirements will be considered if they have membership of an appropriate professional body.,None,None,None,None,None,None,None,None,None,None,None,None,None,None,None,None,None,None,None,None,None,None,None,None,None,None,None,None,None,None,None,None,None,None,None,None,None,None,None,None,None,None,None,None,None,Applicants may be required to attend an interview.,6.5,6.0,None,None,None,None,None,None,None,None,None,https://www.westminster.ac.uk/architecture-interiors-and-urban-design-courses/2025-26/september/full-time/urban-and-regional-planning-ma,westminister.xlsx
University of Westminster,"Marylebone, Central London",https://www.westminster.ac.uk,construction-project-management,Master's,None,None,"UCAS Relevant Qualification: ""A minimum of a lower second class honours degree (2:2) in a related subject area and be in, or have been in, relevant employment in a professional or managerial capacity. Relevant degree disciplines include construction, architecture or civil engineering.""",None,None,None,None,None,None,None,None,None,None,None,None,None,None,None,None,None,None,None,None,None,None,None,Second Lower,Accepted,None,None,None,None,None,None,None,None,None,None,None,None,None,None,None,None,None,None,None,None,None,6.5,6.0,None,None,None,None,None,None,None,None,Additional Requirements: None,https://www.westminster.ac.uk/construction-surveying-and-real-estate-courses/2025-26/september/full-time/construction-project-management-msc,westminister.xlsx
University of Westminster,London,https://www.westminster.ac.uk/courses/creative-writing-writing-the-city-ma,creative-writing-writing-the-city-ma,Master's,None,None,UCAS Relevant Qualification: A minimum of a lower second class honours degree (2:2) in a humanities-based discipline. Candidates with different or no qualifications will also be considered based on proven experience in the writing or creative industry (generally three years or more) and/or outstanding talent demonstrated in the portfolio.,None,None,None,None,None,None,None,None,None,None,None,None,None,None,None,None,None,None,None,None,None,None,None,Second Lower,Accepted,None,None,None,None,None,None,None,None,None,None,None,None,None,None,None,None,None,None,None,None,None,6.5,6.0,None,None,None,None,Accepted,Accepted,None,None,Additional Requirements: None,https://www.westminster.ac.uk/english-and-creative-writing-courses/2025-26/september/full-time/creative-writing-writing-the-city-ma,westminister.xlsx
University of Westminster,Central London,https://www.westminster.ac.uk/courses/specialised-translation-with-professional-experience-ma,specialised-translation-with-professional-experience,Master's,None,None,"UCAS Relevant Qualification: A minimum of a lower second class honours degree (2:2). Linguists without a degree, but with sufficient experience in a relevant area, will also be considered.",None,None,None,None,None,None,None,None,None,None,None,None,None,None,None,None,None,None,None,None,None,None,None,Second Lower,Accepted,None,None,None,None,None,None,None,None,None,None,None,None,None,None,None,None,None,None,None,None,None,6.5,7.0,None,None,None,None,Accepted,Accepted,None,None,Additional Requirements: None,https://www.westminster.ac.uk/languages-courses/2025-26/september/full-time/specialised-translation-with-professional-experience-ma,westminister.xlsx
University of Westminster,London,https://www.westminster.ac.uk/media-campaigning-and-social-change-ma,media-campaigning-and-social-change-ma,Master's,None,None,A minimum of an upper second class honours degree (2:1) or a lower second class honours degree (2:2) and substantial relevant work experience.,None,None,None,None,None,None,None,None,None,None,None,None,None,None,None,None,None,None,None,None,None,None,None,Second Upper,Substantial relevant work experience required.,None,None,None,None,None,None,None,None,None,None,None,None,None,None,None,None,None,None,None,None,None,6.5,5.5,None,None,None,None,Accepted,Accepted,None,None,Applicants are required to submit one academic reference.,https://www.westminster.ac.uk/media-and-communication-courses/2025-26/september/part-time-day-evening/media-campaigning-and-social-change-ma,westminister.xlsx
University of Westminster,"Marylebone, Central London",https://www.westminster.ac.uk/courses/architecture-and-sustainable-heritage-ma,architecture-and-sustainable-heritage-ma,Master's,None,None,"A minimum of a lower second class honours degree (2:2) in architecture or a related art, design or built environment discipline such as planning, urban design, heritage & conservation, tourism planning.",None,None,None,None,None,None,None,None,None,None,None,None,None,None,None,None,None,None,None,None,None,None,None,None,None,None,None,None,None,None,None,None,None,None,None,None,None,None,None,None,None,None,None,None,None,None,6.5,6.5,None,None,None,None,Accepted,Accepted,None,None,"Recognition of prior learning and experience: If you have previously studied at university level, or have equivalent work experience, academic credit may be awarded towards your course at Westminster.",https://www.westminster.ac.uk/architecture-interiors-and-urban-design-courses/2025-26/september/part-time-day/architecture-sustainable-heritage-ma,westminister.xlsx
University of Westminster,Central London,https://www.westminster.ac.uk/courses/teaching-english-to-speakers-of-other-languages-ma,teaching-english-to-speakers-of-other-languages,Master's,None,None,A minimum of a lower second class honours degree (2:2).,None,None,None,None,None,None,None,None,None,None,None,None,None,None,None,None,None,None,None,None,None,None,None,Second Lower,None,None,None,None,None,None,None,None,None,None,None,None,None,None,None,None,None,None,None,None,None,None,6.5,6.0,None,None,None,None,Accepted,Accepted,None,None,None,https://www.westminster.ac.uk/english-and-creative-writing-courses/2025-26/september/part-time-day/teaching-english-to-speakers-of-other-languages-tesol-ma,westminister.xlsx
University of Westminster,Central London,https://www.westminster.ac.uk/courses/urban-design,urban-design,Bachelor's,None,None,"UCAS Relevant Qualification: ""A minimum of a lower second class honours degree (2:2) in architecture, landscape architecture, town planning or another related discipline, together with practical or professional experience in their own field or in urban design.""",None,None,None,None,None,None,None,None,None,None,None,None,None,None,None,Required,None,None,None,None,None,None,None,None,Accepted,None,None,CACHE Technical Level 3 Requirement: None,None,None,None,None,None,None,None,None,None,None,None,None,None,None,None,None,None,None,6.5,6.0,None,None,None,None,None,None,None,None,"Recognition of prior learning and experience: ""If you have previously studied at university level, or have equivalent work experience, academic credit may be awarded towards your course at Westminster.""",https://www.westminster.ac.uk/architecture-interiors-and-urban-design-courses/2025-26/september/full-time/urban-design-postgraduate-diploma,westminister.xlsx
University of Westminster,London,https://www.westminster.ac.uk/courses/creative-writing-writing-the-city-ma,creative-writing-writing-the-city-ma,Master's,None,None,"A minimum of a lower second class honours degree (2:2) in a humanities-based discipline. Candidates with different or no qualifications will also be considered, and decisions will be made on the basis of their proven experience in the writing or creative industry (generally three years or more) and/or outstanding talent demonstrated in the portfolio.",None,None,None,None,None,None,None,None,None,None,None,None,None,None,None,None,None,None,None,None,None,None,None,Second Lower,Accepted,None,None,None,None,None,None,None,None,None,None,None,None,None,None,None,None,None,None,None,None,None,6.5,6.0,None,None,None,None,Accepted,Accepted,None,None,None,https://www.westminster.ac.uk/english-and-creative-writing-courses/2025-26/september/part-time-day/creative-writing-writing-the-city-ma,westminister.xlsx
University of Westminster,Central London,https://www.westminster.ac.uk/courses/english-literature-modern-and-contemporary-fictions-ma,english-literature-modern-and-contemporary-fictions,Master's,None,None,A minimum of a lower second class honours degree (2:2) in a relevant discipline.,None,None,None,None,None,None,None,None,None,None,None,None,None,None,None,None,None,None,None,None,None,None,None,Second Lower,None,None,None,None,None,None,None,None,None,None,None,None,None,None,None,None,None,None,None,None,None,None,6.5,6.0,None,None,None,None,Accepted,Accepted,None,None,None,https://www.westminster.ac.uk/english-and-creative-writing-courses/2025-26/january/full-time/english-literature-modern-and-contemporary-fictions-ma,westminister.xlsx
University of Westminster,Central London,https://www.westminster.ac.uk,english-language-and-linguistics-ma,Master's,None,None,"A minimum of a lower second class honours degree (2:2) in a relevant discipline including English language, linguistics or TESOL.",None,None,None,None,None,None,None,None,None,None,None,None,None,None,None,None,None,None,None,None,None,None,None,Second Lower,None,None,None,None,None,None,None,None,None,None,None,None,None,None,None,None,None,None,None,None,None,None,6.5,6.0,None,None,None,None,Accepted,Accepted,None,None,None,https://www.westminster.ac.uk/english-and-creative-writing-courses/2025-26/january/part-time-day/english-language-and-linguistics-ma,westminister.xlsx
University of Westminster,Central London,https://www.westminster.ac.uk/courses/real-estate-bsc-hons,real-estate-bsc-hons,Bachelor's,104 UCAS Tariff points,//www.ucas.com,"A levels, T levels, International Baccalaureate, BTEC Extended Diploma, BTEC Diploma, Access to Higher Education Diploma",BCC,None,None,None,None,None,DMM,None,DMM,None,None,None,None,None,None,None,"GCSE English Language grade 4/C, GCSE Maths grade 4/C","English Language, Maths",4/C,104 UCAS Tariff points,None,None,None,None,None,None,None,None,None,None,None,None,None,None,None,None,None,None,None,None,None,None,None,None,None,None,6.0,5.5,None,None,None,None,None,None,None,None,None,https://www.westminster.ac.uk/construction-surveying-and-real-estate-courses/2025-26/september/full-time/real-estate-bsc-honours,westminister.xlsx
University of Westminster,London,https://www.westminster.ac.uk/courses/ai-data-and-communication-ma,ai-data-and-communication-ma,Master's,None,None,A minimum of an upper second class honours degree (2:1) or a lower second class honours degree (2:2) and substantial relevant work experience.,None,None,None,None,None,None,None,None,None,None,None,None,None,None,None,None,None,None,None,None,None,None,None,Second Lower,Substantial relevant work experience,None,None,None,None,None,None,None,None,None,None,None,None,None,None,None,None,None,None,None,None,None,6.5,5.5,None,None,None,None,Accepted,Accepted,None,None,Applicants are required to submit one academic reference.,https://www.westminster.ac.uk/computer-science-and-engineering-data-science-and-informatics-media-and-communication-courses/2025-26/september/part-time-day-evening/ai-data-and-communication-ma,westminister.xlsx
University of Westminster,Central London,https://www.westminster.ac.uk/courses/computer-science-bsc,computer-science-bsc,Bachelor's,96 UCAS Tariff points,//www.ucas.com,"A Levels, T Levels, International Baccalaureate, BTEC Extended Diploma, BTEC Diploma, Access to Higher Education Diploma",CCC,None,None,None,None,None,MMM,None,None,None,None,None,None,None,None,None,"GCSE English Language grade 4/C, GCSE Maths grade 4/C","English Language, Maths",4/C,None,None,None,None,None,None,None,None,None,None,None,None,None,None,None,None,None,None,None,None,None,None,None,None,None,None,None,6.0,5.5,None,None,None,None,None,None,None,None,None,https://www.westminster.ac.uk/computer-science-and-engineering-courses/2025-26/september/full-time/computer-science-bsc-honours,westminister.xlsx
University of Westminster,"Marylebone, Central London",https://www.westminster.ac.uk,entrepreneurship-innovation-and-enterprise-development,Master's,None,None,UCAS Relevant Qualification: A minimum of a lower second class honours degree (2:2). Non-graduates with extensive work experience and/or significant involvement in entrepreneurial activities will also be considered.,None,None,None,None,None,None,None,None,None,None,None,None,None,None,None,None,None,None,None,None,None,None,None,Second Lower,Accepted,None,None,None,None,None,None,None,None,None,None,None,None,None,None,None,None,None,None,None,None,None,6.5,6.0,None,None,None,None,Accepted,Accepted,None,None,Additional Requirements: None,https://www.westminster.ac.uk/business-and-management-courses/2025-26/january/full-time/entrepreneurship-innovation-and-enterprise-development-msc,westminister.xlsx
University of Westminster,"Marylebone, Central London",https://www.westminster.ac.uk/courses/international-business-and-management-msc,international-business-and-management,Master's,None,None,"UCAS Relevant Qualification: ""A minimum of a lower second class honours degree (2:2). Relevant degree disciplines include business studies, economics, geography, management, and operations research. However, students with qualifications in other disciplines, such as engineering, environmental sciences, the humanities and languages, are also encouraged to apply.""",None,None,None,None,None,None,None,None,None,None,None,None,None,None,None,None,None,None,None,None,None,None,None,Second Lower,None,None,None,None,None,None,None,None,None,None,None,None,None,None,None,None,None,None,None,None,None,None,6.5,6.0,None,None,None,None,None,None,None,None,Additional Requirements: None,https://www.westminster.ac.uk/business-and-management-courses/2025-26/january/full-time/international-business-and-management-msc,westminister.xlsx
University of Westminster,Central London,https://www.westminster.ac.uk/courses/creative-and-professional-writing,creative-and-professional-writing,Bachelor's,104 UCAS Tariff points,//www.ucas.com,"A Levels, T Levels, International Baccalaureate, BTEC Extended Diploma, Access to Higher Education Diploma",BCC,None,None,None,None,None,DMM,None,None,None,None,None,None,None,None,None,"GCSE English Language grade 4/C, GCSE Maths grade 4/C","English Language, Maths",4/C,None,None,None,None,None,None,None,None,None,None,None,None,None,None,None,None,None,None,None,None,None,None,None,None,None,None,None,6.0,5.5,None,None,None,None,None,None,None,None,None,https://www.westminster.ac.uk/english-and-creative-writing-courses/2025-26/september/full-time/creative-and-professional-writing-ba-honours,westminister.xlsx
University of Westminster,"Marylebone, Central London",https://www.westminster.ac.uk/courses/urban-and-regional-planning-ma,urban-and-regional-planning-ma,Master's,None,None,A minimum of a lower second class honours degree (2:2). Applicants without the standard entry requirements will be considered if they have membership of an appropriate professional body.,None,None,None,None,None,None,None,None,None,None,None,None,None,None,None,None,None,None,None,None,None,None,None,None,None,None,None,None,None,None,None,None,None,None,None,None,None,None,None,None,None,None,None,None,None,Applicants may be required to attend an interview.,6.5,6.5,None,None,None,None,Accepted,Accepted,None,None,Applicants are required to submit one academic reference.,https://www.westminster.ac.uk/architecture-interiors-and-urban-design-courses/2025-26/september/part-time-day-release/urban-and-regional-planning-ma,westminister.xlsx
University of Westminster,Central London,https://www.westminster.ac.uk/courses/professional-legal-practice-llm,professional-legal-practice-llm,Master's,None,None,"A minimum of a lower second class honours degree (2:2) in related disciplines, including law and social science. Applicants without the standard qualifications who have significant professional experience in the relevant field or related professional qualifications may be considered.",None,None,None,None,None,None,None,None,None,None,None,None,None,None,None,None,None,None,None,None,None,None,None,None,None,None,None,None,None,None,None,None,None,None,None,None,None,None,None,None,None,None,None,None,None,None,6.5,6.0,None,None,None,None,None,None,None,None,"Recognition of prior learning and experience: If you have previously studied at university level, or have equivalent work experience, academic credit may be awarded towards your course at Westminster.",https://www.westminster.ac.uk/law-courses/2025-26/september/part-time-day/professional-legal-practice-llm,westminister.xlsx
University of Westminster,Central London,https://www.westminster.ac.uk/courses/cultural-and-critical-studies-ma,cultural-and-critical-studies-ma,Master's,None,None,A minimum of a lower second class honours degree (2:2) in a relevant discipline.,None,None,None,None,None,None,None,None,None,None,None,None,None,None,None,None,None,None,None,None,None,None,None,Second Lower,None,None,None,None,None,None,None,None,None,None,None,None,None,None,None,None,None,None,None,None,None,None,6.5,6.0,None,None,None,None,Accepted,Accepted,None,None,"Recognition of prior learning and experience: ""If you have previously studied at university level, or have equivalent work experience, academic credit may be awarded towards your course at Westminster.""",https://www.westminster.ac.uk/art-design-and-visual-culture-english-and-creative-writing-courses/2025-26/january/part-time-day/cultural-and-critical-studies-ma,westminister.xlsx
University of Westminster,Central London,https://www.westminster.ac.uk/courses/spanish-and-international-business-ba,spanish-and-international-business,Bachelor's,104 UCAS Tariff points,//www.ucas.com,"A levels, T levels, International Baccalaureate, BTEC Extended Diploma, BTEC Diploma, Access to Higher Education Diploma",BCC,None,None,None,None,None,DMM,None,DMM,None,None,None,None,None,None,None,"GCSE English Language grade 4/C, GCSE Maths grade 4/C","English Language, Maths",4/C,None,None,None,None,None,None,None,None,None,None,None,None,None,None,None,None,None,None,None,None,None,None,None,None,None,None,None,6.0,5.5,None,None,None,None,None,None,None,None,None,https://www.westminster.ac.uk/business-and-management-languages-courses/2025-26/september/full-time/spanish-and-international-business-ba-honours,westminister.xlsx
University of Westminster,Central London,https://www.westminster.ac.uk/courses/history-and-politics-ba-hons,history-and-politics,Bachelor's,104 UCAS Tariff points,//www.ucas.com,"A levels, T levels, International Baccalaureate, BTEC Extended Diploma, BTEC Diploma, Access to Higher Education Diploma",BCC,None,None,None,None,None,DMM,None,None,None,None,None,None,None,None,None,"GCSE English Language grade 4/C, GCSE Maths grade 4/C","English Language, Maths",4/C,None,None,None,None,None,None,None,None,None,None,None,None,None,None,None,None,None,None,None,None,None,None,None,None,None,None,None,6.0,5.5,None,None,None,None,None,None,None,None,None,https://www.westminster.ac.uk/history-politics-and-international-relations-courses/2025-26/september/full-time/history-and-politics-ba-honours,westminister.xlsx
University of Westminster,Central London,https://www.westminster.ac.uk/courses/culture-environment-and-social-change-ba-hons,culture-environment-and-social-change,Bachelor's,104 UCAS Tariff points,//www.ucas.com,"A levels, T levels, International Baccalaureate, BTEC Extended Diploma, BTEC Diploma, Access to Higher Education Diploma",BCC,None,None,None,None,None,DMM,None,DMM,None,None,None,None,None,None,None,"GCSE English Language grade 4/C, GCSE Maths grade 4/C","English Language, Maths",4/C,None,None,None,None,None,None,None,None,None,None,None,None,None,None,None,None,None,None,None,None,None,None,None,None,None,None,None,6.0,5.5,None,None,None,None,None,None,None,None,None,https://www.westminster.ac.uk/criminology-and-sociology-english-and-creative-writing-politics-and-international-relations-courses/2025-26/september/full-time/culture-environment-and-social-change-ba-honours,westminister.xlsx
University of Westminster,Central London,https://www.westminster.ac.uk/courses/global-criminology-ma,global-criminology-ma,Master's,None,None,UCAS Relevant Qualification: None,None,None,None,None,None,None,None,None,None,None,None,None,None,None,None,None,None,None,None,None,None,None,None,None,Accepted,None,None,CACHE Technical Level 3 Requirement: None,None,None,None,None,None,None,None,None,None,None,None,None,None,None,None,None,None,None,6.5,6.0,None,Accepted with a grade of C,None,None,Accepted,Accepted,None,None,"Entry Requirements: A minimum of a lower second class honours degree (2:2). Recognition of prior learning and experience: If you have previously studied at university level, or have equivalent work experience, academic credit may be awarded towards your course at Westminster.",https://www.westminster.ac.uk/criminology-and-sociology-courses/2025-26/september/part-time-day/global-criminology-ma,westminister.xlsx
University of Westminster,Central London,https://www.westminster.ac.uk/courses/psychology-and-counselling-bsc-hons,psychology-and-counselling-bsc-hons,Bachelor's,64 UCAS Tariff points,//www.ucas.com,"A Levels, T Levels, International Baccalaureate, BTEC Extended Diploma, BTEC Diploma, Access to Higher Education Diploma",DDE,None,None,None,None,None,MPP,None,None,None,None,None,None,None,64,None,"GCSE English Language grade 4/C, GCSE Maths grade 4/C","English, Maths",4,None,None,None,None,None,None,None,None,None,None,None,None,None,None,None,None,None,None,None,None,None,None,None,Accepted,None,None,None,6.0,5.5,None,None,None,None,None,None,None,None,None,https://www.westminster.ac.uk/psychology-courses/2025-26/september/full-time/psychology-and-counselling-with-foundation-bsc-honours,westminister.xlsx
University of Westminster,Central London,https://www.westminster.ac.uk,corporate-finance-law-llm,Master's,None,None,A minimum of a lower second class honours degree (2:2) in Law or a related discipline. Applicants without the standard qualifications but with significant professional or managerial experience in a relevant field will be considered.,None,None,None,None,None,None,None,None,None,None,None,None,None,None,None,None,None,None,None,None,None,None,None,"Second Lower (Honours, 2:2)",Accepted,None,None,None,None,None,None,None,None,None,None,None,None,None,None,None,Accepted,Required,None,None,None,None,6.5,6.0,None,None,None,None,Accepted,Accepted,None,None,None,https://www.westminster.ac.uk/law-courses/2025-26/september/full-time/corporate-finance-law-llm,westminister.xlsx
University of Westminster,"Marylebone, Central London",https://www.westminster.ac.uk/courses/quantity-surveying-and-commercial-management,quantity-surveying-and-commercial-management,Bachelor's,104,https://www.ucas.com,"UCAS Relevant Qualification: ""A Levels – BCC, T levels – 104 UCAS Tariff points, International Baccalaureate – 104 UCAS Tariff points from all components of the Diploma Programme, BTEC Extended Diploma – DMM, BTEC Diploma – D*D, Access – 104 UCAS Tariff points from the Access course""",BCC,None,None,None,None,None,DMM,None,None,None,None,None,None,None,None,None,Grade 4/C in English Language and Maths,"English Language, Maths",4/C,None,None,None,None,None,None,None,None,CACHE Technical Level 3 Requirement: None,None,None,None,None,None,None,None,None,None,None,None,None,None,None,None,None,None,None,6.0,5.5,None,None,None,None,None,None,None,None,Additional Requirements: None,https://www.westminster.ac.uk/construction-surveying-and-real-estate-courses/2025-26/september/full-time/quantity-surveying-and-commercial-management-bsc-honours,westminister.xlsx
University of Westminster,Central London,https://www.westminster.ac.uk/courses/diplomacy-and-global-politics-ma,diplomacy-and-global-politics-ma,Master's,None,None,"UCAS Relevant Qualification: ""A minimum of a lower second class honours degree (2:2) in a related discipline in Social Sciences or Humanities.""",None,None,None,None,None,None,None,None,None,None,None,None,None,None,None,None,None,None,None,None,None,None,None,None,None,None,None,CACHE Technical Level 3 Requirement: None,None,None,None,None,None,None,None,None,None,None,None,None,None,None,None,None,None,None,6.5,6.0,None,None,None,None,None,None,None,None,Additional Requirements: None,https://www.westminster.ac.uk/politics-and-international-relations-courses/2025-26/january/full-time/diplomacy-and-global-politics-ma,westminister.xlsx
University of Westminster,Central London,https://www.westminster.ac.uk,professional-legal-practice,Master's,None,None,"UCAS Relevant Qualification: A minimum of a lower second class honours degree (2:2) in a related discipline including Law, Social Science.",None,None,None,None,None,None,None,None,None,None,None,None,None,None,None,None,None,None,None,None,None,None,None,Second Lower,Accepted,Accepted,None,None,None,None,None,None,None,None,None,None,None,None,None,None,None,None,None,None,None,None,6.5,6.0,None,None,None,None,Accepted,Accepted,None,None,Additional Requirements: None,https://www.westminster.ac.uk/law-courses/2025-26/september/full-time/professional-legal-practice-postgraduate-diploma,westminister.xlsx
University of Westminster,"Marylebone, Central London",https://www.westminster.ac.uk,economics,Bachelor's,112 UCAS Tariff points,//www.ucas.com,"A levels, T levels, International Baccalaureate, BTEC Extended Diploma, BTEC Diploma, Access to Higher Education Diploma",BBC,None,None,None,None,None,DMM,None,DMM,None,None,None,None,None,None,None,"GCSE English Language grade 4/C, GCSE Maths grade 4/C","English Language, Maths",4/C,None,None,None,None,None,None,None,None,None,None,None,None,None,None,None,None,None,None,None,None,None,None,None,None,None,None,None,6.0,5.5,None,None,None,None,None,None,None,None,None,https://www.westminster.ac.uk/economics-courses/2025-26/september/full-time/economics-bsc-honours,westminister.xlsx
University of Westminster,"Marylebone, Central London",https://www.westminster.ac.uk,business-and-organisational-psychology,Master's,None,None,"UCAS Relevant Qualification: ""A minimum of a lower second class honours degree (2:2). Relevant degree disciplines include Psychology, Business, Social Science or Science.""",None,None,None,None,None,None,None,None,None,None,None,None,None,None,None,None,None,None,None,None,None,None,None,Second Lower,Accepted,None,None,None,None,None,None,None,None,None,None,None,None,None,None,None,None,None,None,None,None,None,6.5,6.0,None,None,None,None,None,None,None,None,Additional Requirements: None,https://www.westminster.ac.uk/business-and-management-psychology-courses/2025-26/january/full-time/business-and-organisational-psychology-msc,westminister.xlsx
University of Westminster,Central London,https://www.westminster.ac.uk/courses/french-and-english-ba-hons,french-and-english,Bachelor's,104 UCAS Tariff points,None,"UCAS Relevant Qualification: ""A levels– BCC, T levels– 104 UCAS Tariff points, International Baccalaureate– 104 UCAS Tariff points from all components of the Diploma Programme, BTEC Extended Diploma– DMM, BTEC Diploma– D*D, Access– 104 UCAS Tariff points from the Access course""",BCC,None,None,None,None,None,DMM,None,None,None,None,None,None,None,None,None,grade 4/C,"English Language, Maths",4/C,None,None,None,None,None,None,None,None,CACHE Technical Level 3 Requirement: None,None,None,None,None,None,None,None,None,None,None,None,None,None,None,None,None,None,None,6.0,5.5,None,None,None,None,None,None,None,None,Additional Requirements: None,https://www.westminster.ac.uk/english-and-creative-writing-languages-courses/2025-26/september/full-time/french-and-english-ba-honours,westminister.xlsx
University of Westminster,Central London,https://www.westminster.ac.uk/courses/translation-and-interpreting-with-professional-experience-ma,translation-and-interpreting-with-professional-experience,Master's,None,None,A minimum of a lower second class honours degree (2:2). Linguists without a degree but with sufficient experience in translation and/or interpreting will also be considered.,None,None,None,None,None,None,None,None,None,None,None,None,None,None,None,None,None,None,None,None,None,None,None,Second Lower,Accepted,None,None,None,None,None,None,None,None,None,None,None,None,None,None,None,None,None,None,None,None,None,6.5,7.0,None,None,None,None,Accepted,Accepted,None,None,Entry test consisting of written and oral components. Applicants are required to submit one academic or professional reference.,https://www.westminster.ac.uk/languages-courses/2025-26/september/full-time/translation-and-interpreting-with-professional-experience-ma,westminister.xlsx
University of Westminster,Central London,https://www.westminster.ac.uk,english-literature-modern-and-contemporary-fictions,Master's,None,None,UCAS Relevant Qualification: A minimum of a lower second class honours degree (2:2) in a relevant discipline.,Required,None,None,None,None,None,None,None,None,None,None,None,None,None,None,None,None,None,None,None,None,None,None,Second Lower,None,None,None,None,None,None,None,None,None,None,None,None,None,None,None,None,None,None,None,None,None,None,6.5,6.0,None,None,None,None,Accepted,Accepted,None,None,Additional Requirements: None,https://www.westminster.ac.uk/english-and-creative-writing-courses/2025-26/september/part-time-day/english-literature-modern-and-contemporary-fictions-ma,westminister.xlsx
University of Westminster,Central London,https://www.westminster.ac.uk/courses/creative-and-professional-writing-ba-hons,creative-and-professional-writing,Bachelor's,104 UCAS Tariff points,//www.ucas.com,"A Levels– BCC, T levels– 104 UCAS Tariff points, International Baccalaureate– 104 UCAS Tariff points from all components of the Diploma Programme, BTEC Extended Diploma– DMM, BTEC Diploma– D*D, Access– 104 UCAS Tariff points from the Access course",BCC,None,None,None,None,None,DMM,Pass (96 UCAS points),DMM,None,None,None,None,None,None,None,"GCSE English Language grade 4/C, GCSE Maths grade 4/C","English Language, Maths",4/C,None,None,None,None,None,None,None,None,None,None,None,None,None,None,None,None,None,None,None,None,None,None,None,None,None,None,None,6.0,5.5,Accepted with a grade of C,Accepted with a grade of A,None,None,None,None,None,None,International Baccalaureate Career-related programme will be considered on a case-by-case basis.,https://www.westminster.ac.uk/english-and-creative-writing-courses/2025-26/september/part-time-day/creative-and-professional-writing-ba-honours,westminister.xlsx
University of Westminster,Central London,https://www.westminster.ac.uk/international-and-commercial-dispute-resolution-law-llm,international-and-commercial-dispute-resolution-law-llm,Master's,None,None,UCAS Relevant Qualification: A minimum of a lower second class honours degree (2:2) or significant professional experience.,None,None,None,None,None,None,None,None,None,None,None,None,None,None,None,None,None,None,None,None,None,None,None,A minimum of a lower second class honours degree (2:2),Applicants without the standard qualifications but with significant professional experience in the relevant field or related professional qualifications may be considered.,None,None,None,None,None,None,None,None,None,None,None,None,None,None,None,None,None,None,None,None,None,6.5,6.0,None,None,None,None,None,None,None,None,Additional Requirements: None,https://www.westminster.ac.uk/law-courses/2025-26/january/full-time/international-and-commercial-dispute-resolution-law-llm,westminister.xlsx
University of Westminster,"Harrow, North-West London",https://www.westminster.ac.uk/courses/fine-art-mixed-media-ba,fine-art-mixed-media,Bachelor's,96 UCAS Tariff points,//www.ucas.com,"A levels– CCC, T levels– 96 UCAS Tariff points, International Baccalaureate– 96 UCAS Tariff points from all components of the Diploma Programme, BTEC Extended Diploma– MMM in a creative subject, BTEC Diploma– DD in a creative subject, Access– 96 UCAS Tariff points from the Access course",CCC,None,None,None,None,None,BTEC Extended Diploma– MMM in a creative subject,None,BTEC Extended Diploma– MMM in a creative subject,None,None,None,None,None,None,Required,"GCSE English Language grade 4/C – IB grade 4 Higher level, GCSE Maths Pass – IB Pass","English Language, Maths",4/C,None,None,None,None,None,None,None,None,None,None,None,None,None,None,None,None,None,None,None,None,None,None,None,None,None,None,Required,6.0,5.5,None,None,None,None,None,None,None,None,None,https://www.westminster.ac.uk/art-design-and-visual-culture-courses/2025-26/september/part-time-day/fine-art-mixed-media-ba-honours,westminister.xlsx
University of Westminster,Central London,https://www.westminster.ac.uk/courses/museums-galleries-and-contemporary-culture-ma,museums-galleries-and-contemporary-culture-ma,Master's,None,None,"A minimum of a lower second class honours degree (2:2) in a relevant discipline, including culture and heritage studies, visual arts and media, languages and literature, and history.",None,None,None,None,None,None,None,None,None,None,None,None,None,None,None,None,None,None,None,None,None,None,None,Second Lower,None,None,None,None,None,None,None,None,None,None,None,None,None,None,None,None,None,None,None,None,None,None,6.5,6.0,None,None,None,None,Accepted,Accepted,None,None,None,https://www.westminster.ac.uk/art-design-and-visual-culture-courses/2025-26/september/full-time/museums-galleries-and-contemporary-culture-ma,westminister.xlsx
University of Westminster,Central London,https://www.westminster.ac.uk/courses/data-science-and-analytics-msc,data-science-and-analytics,Master's,None,None,"UCAS Relevant Qualification: A minimum of a lower second class honours degree (2:2) in a scientific or engineering discipline with some exposure to the use of IT, or in an area of computer science or IT with a strong interest in quantitative analysis.",None,None,None,None,None,None,None,None,None,None,None,None,None,None,None,None,None,None,None,None,None,None,None,Second Lower,None,None,None,None,None,None,None,None,None,None,None,None,None,None,None,None,None,None,None,None,None,None,6.5,6.0,None,None,None,None,Accepted,Accepted,None,None,Additional Requirements: None,https://www.westminster.ac.uk/computer-science-and-engineering-data-science-and-informatics-courses/2025-26/september/full-time/data-science-and-analytics-msc,westminister.xlsx
University of Westminster,Central London,https://www.westminster.ac.uk,spanish-and-english,Bachelor's,104 UCAS Tariff points,None,"A levels, T levels, International Baccalaureate, BTEC Extended Diploma, BTEC Diploma, Access to Higher Education Diploma",BCC,None,None,None,None,None,DMM,None,DMM,None,None,None,None,None,None,None,"GCSE English Language grade 4/C, GCSE Maths grade 4/C","English Language, Maths",4/C,None,None,None,None,None,None,None,None,None,None,None,None,None,None,None,None,None,None,None,None,None,None,None,None,None,None,None,6.0,5.5,None,None,None,None,None,None,None,None,None,https://www.westminster.ac.uk/english-and-creative-writing-languages-courses/2025-26/september/full-time/spanish-and-english-ba-honours,westminister.xlsx
University of Westminster,"Marylebone, Central London",https://www.westminster.ac.uk/courses/air-transport-planning-and-management-msc,air-transport-planning-and-management,Master's,None,None,UCAS Relevant Qualification: A minimum of a lower second class honours degree (2:2).,None,None,None,None,None,None,None,None,None,None,None,None,None,None,None,None,None,None,None,None,None,None,None,Second Lower,Accepted,None,None,None,None,None,None,None,None,None,None,None,None,None,None,None,None,None,None,None,None,None,6.5,6.0,None,None,None,None,Accepted,Accepted,None,None,Additional Requirements: None,https://www.westminster.ac.uk/transport-and-logistics-courses/2025-26/january/block-release/air-transport-planning-and-management-msc,westminister.xlsx
University of Westminster,Central London,https://www.westminster.ac.uk,english-language-and-literature-ma,Master's,None,None,"A minimum of a lower second class honours degree (2:2) in a relevant subject (eg English language, English literature or TESOL).",None,None,None,None,None,None,None,None,None,None,None,None,None,None,None,None,None,None,None,None,None,None,None,Second Lower,None,None,None,None,None,None,None,None,None,None,None,None,None,None,None,None,None,None,None,None,None,None,6.5,6.0,None,None,None,None,Accepted,Accepted,None,None,None,https://www.westminster.ac.uk/english-and-creative-writing-courses/2025-26/january/full-time/english-language-and-literature-ma,westminister.xlsx
University of Westminster,Central London,https://www.westminster.ac.uk,entertainment-law-llm,Master's,None,None,"A minimum of a lower second class honours degree (2:2) in Law or a degree with a skills profile which shows an aptitude for legal study. This course has been very successfully completed by a wide variety of non-law graduates. If Law is not the subject of your first degree, evidence of Law-based modules or relevant experience should be supplied.",None,None,None,None,None,None,None,None,None,None,None,None,None,None,None,None,None,None,None,None,None,None,None,Lower second class honours degree (2:2),Applicants without standard qualifications who have two years of professional experience in the relevant field will be considered.,None,None,None,None,None,None,None,None,None,None,None,None,None,None,None,Accepted,Required,None,None,None,None,6.5,6.0,None,None,None,None,Accepted,Accepted,None,None,"Recognition of prior learning and experience: If you have previously studied at university level, or have equivalent work experience, academic credit may be awarded towards your course at Westminster.",https://www.westminster.ac.uk/law-courses/2025-26/september/full-time/entertainment-law-llm,westminister.xlsx
University of Westminster,Central London,https://www.westminster.ac.uk/courses/french-and-international-relations-ba-hons,french-and-international-relations,Bachelor's,104 UCAS Tariff points,//www.ucas.com,"A levels, T levels, International Baccalaureate, BTEC Extended Diploma, BTEC Diploma, Access to Higher Education Diploma",BCC,None,None,None,None,None,DMM,None,None,None,None,None,None,None,None,None,"GCSE English Language grade 4/C, GCSE Maths grade 4/C","English Language, Maths",4,None,None,None,None,None,None,None,None,None,None,None,None,None,None,None,None,None,None,None,None,None,None,None,None,None,None,None,6.0,5.5,None,None,None,None,None,None,None,None,None,https://www.westminster.ac.uk/languages-politics-and-international-relations-courses/2025-26/september/part-time-day/french-and-international-relations-ba-honours,westminister.xlsx
University of Westminster,"Marylebone, Central London",https://www.westminster.ac.uk/courses/business-management-entrepreneurship-ba-hons,business-management-entrepreneurship,Bachelor's,112 UCAS Tariff points,//www.ucas.com,"A Levels, T Levels, International Baccalaureate, BTEC Extended Diploma, BTEC Diploma, Access to HE Diploma",BBC,None,None,None,None,None,DMM,None,DMM,None,None,None,None,None,None,None,"GCSE English Language grade 4/C, GCSE Maths grade 4/C","English Language, Maths",4/C,None,None,None,None,None,None,None,None,None,None,None,None,None,None,None,None,None,None,None,None,None,None,None,None,None,None,None,6.0,5.5,None,None,None,None,None,None,None,None,None,https://www.westminster.ac.uk/business-and-management-courses/2025-26/september/full-time/business-management-entrepreneurship-ba-honours,westminister.xlsx
University of Westminster,Central London,https://www.westminster.ac.uk/courses/teaching-english-to-speakers-of-other-languages-ma-online,teaching-english-to-speakers-of-other-languages-ma-online,Master's,None,None,UCAS Relevant Qualification: None,None,None,None,None,None,None,None,None,None,None,None,None,None,None,None,None,None,None,None,None,None,None,None,Second Lower,None,None,None,None,None,None,None,None,None,None,None,None,None,None,None,None,None,None,None,None,None,None,6.5,6.0,None,None,None,None,Accepted,Accepted,None,None,Additional Requirements: None,https://www.westminster.ac.uk/english-and-creative-writing-courses/2025-26/january/open-distance-learning-full-time/teaching-english-to-speakers-of-other-languages-tesol-ma,westminister.xlsx
University of Westminster,Central London,https://www.westminster.ac.uk/courses/translation-and-interpreting-ma,translation-and-interpreting,Master's,None,None,UCAS Relevant Qualification: A minimum of a lower second class honours degree (2:2). Linguists without a degree but with sufficient experience in translation and/or interpreting will also be considered.,None,None,None,None,None,None,None,None,None,None,None,None,None,None,None,None,None,None,None,None,None,None,None,Second Lower,None,None,None,None,None,None,None,None,None,None,None,None,None,None,None,None,None,None,None,None,None,None,6.5,7.0,None,None,None,None,Accepted,Accepted,None,None,"Entry Test: ""All applicants must take an entry test consisting of written and oral components. If you are successful in the entry tests, we will interview you in person or on the telephone to determine if the Translation and Interpreting MA is right for you.""",https://www.westminster.ac.uk/languages-courses/2025-26/september/part-time-day/translation-and-interpreting-ma,westminister.xlsx
University of Westminster,"Marylebone, Central London",https://www.westminster.ac.uk/courses/master-of-architecture-march-riba-pt-ii,master-of-architecture-march-riba-pt-ii,Master's,None,None,"A minimum of an upper second class honours degree (2:1) or a lower second class honours degree (2:2) in architecture or a similar subject area, which will normally be validated by the RIBA for Part 1/ prescribed by the ARB for Part 1.",None,None,None,None,None,None,None,None,None,None,None,None,None,None,None,Required,None,None,None,None,None,None,None,None,Accepted,None,None,None,None,None,None,None,None,None,Accepted,None,None,None,None,None,None,None,None,None,None,Required,7.0,6.5,None,None,None,None,None,None,None,None,Academic portfolio required at interview; one academic reference required.,https://www.westminster.ac.uk/architecture-interiors-and-urban-design-courses/2025-26/september/full-time/master-of-architecture-march-riba-pt-ii,westminister.xlsx
University of Westminster,"Marylebone, Central London",https://www.westminster.ac.uk,project-management,Master's,None,None,"UCAS Relevant Qualification: ""A minimum of a lower second class honours degree (2:2). Relevant degree disciplines include business studies, economics, events management, and operations research. However, students with qualifications in other disciplines such as engineering, IT, environmental sciences, the humanities and languages are also encouraged to apply. Alternative professional qualifications with at least three years' relevant professional experience will also be considered.""",None,None,None,None,None,None,None,None,None,None,None,None,None,None,None,None,None,None,None,None,None,None,None,Second Lower,Alternative professional qualifications with at least three years' relevant professional experience will also be considered.,None,None,None,None,None,None,None,None,None,None,None,None,None,None,None,None,None,None,None,None,None,6.5,6.0,None,None,None,None,None,None,None,None,Additional Requirements: None,https://www.westminster.ac.uk/business-and-management-courses/2025-26/january/full-time/project-management-msc,westminister.xlsx
University of Westminster,"Marylebone, Central London",https://www.westminster.ac.uk,air-transport-planning-and-management,Master's,None,None,UCAS Relevant Qualification: A minimum of a lower second class honours degree (2:2) or relevant work experience.,None,None,None,None,None,None,None,None,None,None,None,None,None,None,None,None,None,None,None,None,None,None,None,Second Lower,Accepted,None,None,None,None,None,None,None,None,None,None,None,None,None,None,None,None,None,None,None,None,None,6.5,6.0,None,None,None,None,Accepted,Accepted,None,None,Additional Requirements: None,https://www.westminster.ac.uk/transport-and-logistics-courses/2025-26/january/full-time/air-transport-planning-and-management-msc,westminister.xlsx
University of Westminster,Central London,https://www.westminster.ac.uk/courses/human-nutrition-bsc-hons,human-nutrition,Bachelor's,64 UCAS Tariff points,//www.ucas.com,"A levels– DDE, T levels– 64 UCAS Tariff points, International Baccalaureate– 64 UCAS Tariff points from all components of the Diploma Programme, BTEC Extended Diploma– MPP, BTEC Diploma– MM, Access– 64 UCAS Tariff points from the Access course",DDE,None,None,None,None,None,MPP,None,None,None,None,None,None,None,None,None,"GCSE English Language grade 4/C, GCSE Maths grade 4/C","English Language, Maths",4/C,None,None,None,None,None,None,None,None,None,None,None,None,None,None,None,None,None,None,None,None,None,None,None,Accepted,None,None,None,6.5,6.0,None,None,None,None,None,None,None,None,None,https://www.westminster.ac.uk/nutrition-and-public-health-courses/2025-26/september/full-time/human-nutrition-with-foundation-bsc-honours,westminister.xlsx
University of Westminster,Central London,https://www.westminster.ac.uk,international-relations-and-democratic-politics-ma,Master's,None,None,A minimum of a lower second class honours degree (2:2) in a related discipline in social sciences or humanities.,None,None,None,None,None,None,None,None,None,None,None,None,None,None,None,None,None,None,None,None,None,None,None,Second Lower,None,None,None,None,None,None,None,None,None,None,None,None,None,None,None,None,None,None,None,None,None,None,6.5,6.0,None,None,None,None,Accepted,Accepted,None,None,None,https://www.westminster.ac.uk/politics-and-international-relations-courses/2025-26/january/full-time/international-relations-and-democratic-politics-ma,westminister.xlsx
University of Westminster,"Marylebone, Central London",https://www.westminster.ac.uk/courses/architecture-ba-hons,architecture,Bachelor's,120,https://www.ucas.com,"UCAS Relevant Qualification: ""A levels– BBB, T levels– 120 UCAS Tariff points, International Baccalaureate– 120 UCAS Tariff points from all components of the Diploma Programme, BTEC Extended Diploma– DDM in Art and Design, Access– 120 UCAS Tariff points from the Access course""",BBB,None,None,None,None,None,DDM,None,DDM,None,None,None,None,None,None,Required,5 GCSEs including English Language and Maths grade 4/C,"English Language, Maths, Double Science or two single sciences",4/C,None,None,None,None,None,None,None,None,CACHE Technical Level 3 Requirement: None,None,None,None,None,None,None,None,None,None,None,None,None,None,None,None,None,Required,Required,6.0,5.5,None,None,None,None,None,None,None,None,"Personal Statement: ""Outline your interest in the subject, your reasons for wanting to pursue a career in architecture, and give an overview of your current creative studies.""",https://www.westminster.ac.uk/architecture-interiors-and-urban-design-courses/2025-26/september/full-time/architecture-ba-honours,westminister.xlsx
University of Westminster,Central London,https://www.westminster.ac.uk,entertainment-law-llm,Master's,None,None,"A minimum of a lower second class honours degree (2:2) in Law or a degree with a skills profile which shows an aptitude for legal study. This course has been very successfully completed by a wide variety of non-law graduates. If Law is not the subject of your first degree, evidence of Law-based modules or relevant experience should be supplied.",None,None,None,None,None,None,None,None,None,None,None,None,None,None,None,None,None,None,None,None,None,None,None,Lower second class honours degree (2:2),Applicants without standard qualifications who have two years of professional experience in the relevant field will be considered.,None,None,None,None,None,None,None,None,None,None,None,None,None,None,None,Accepted,Required,None,None,None,None,6.5,6.0,None,None,None,None,Accepted,Accepted,None,None,None,https://www.westminster.ac.uk/law-courses/2025-26/january/full-time/entertainment-law-llm,westminister.xlsx
University of Westminster,"Marylebone, Central London",https://www.westminster.ac.uk/courses/transport-planning-msc,transport-planning-msc,Master's,None,None,"UCAS Relevant Qualification: ""A minimum of a lower second class honours degree (2:2) in a relevant subject area. Any relevant transport experience would further enhance your application.""",None,None,None,None,None,None,None,None,None,None,None,None,None,None,None,None,None,None,None,None,None,None,None,Second Lower,Accepted,None,None,None,None,None,None,None,None,None,None,None,None,None,None,CILT,None,None,None,None,None,None,6.5,6.0,None,None,None,None,None,None,None,None,Additional Requirements: None,https://www.westminster.ac.uk/transport-and-logistics-courses/2025-26/september/part-time-day-release/transport-planning-msc,westminister.xlsx
University of Westminster,Central London,https://www.westminster.ac.uk/courses/human-nutrition-bsc-hons,human-nutrition,Bachelor's,96 UCAS Tariff points,//www.ucas.com,"A levels– CCC, with two Science subjects, including one from Chemistry and Biology, and one from Chemistry, Biology, Maths, Physics and Psychology; T levels– 96 UCAS Tariff points; International Baccalaureate– 96 UCAS Tariff points from the IB including a minimum of 4 in two HL science subjects; BTEC Extended Diploma– MMM in Applied Science; BTEC Diploma– DD in Applied Science; Access– 96 UCAS Tariff points from the Access course in Science",CCC,"Chemistry,Biology",None,None,None,None,MMM in Applied Science,None,MMM in Applied Science,None,None,None,None,None,4 in two HL science subjects,None,"GCSE English Language grade 4/C, GCSE Maths grade 4/C","English, Maths",4/C,None,None,None,None,None,None,None,None,None,None,None,None,None,None,None,None,None,None,None,None,None,None,None,None,None,None,None,6.5,6.0,None,None,None,None,None,None,None,None,None,https://www.westminster.ac.uk/nutrition-and-public-health-courses/2025-26/september/full-time/human-nutrition-bsc-honours,westminister.xlsx
University of Westminster,Central London,https://www.westminster.ac.uk,english-literature-and-language-ba-honours,Bachelor's,64 UCAS Tariff points,//www.ucas.com,"A levels, T levels, International Baccalaureate, BTEC Extended Diploma, BTEC Diploma, Access to Higher Education Diploma",DDE,"English Language, Mathematics",4/C,None,None,None,MPP,None,None,None,None,None,None,None,None,None,4/C,"English Language, Mathematics",4/C,None,None,None,None,None,None,None,None,None,None,None,None,None,None,None,None,None,None,None,None,None,None,None,Accepted,None,None,None,6.0,5.5,None,None,None,None,Accepted,Accepted,None,None,None,https://www.westminster.ac.uk/english-and-creative-writing-courses/2025-26/september/full-time/english-literature-and-language-with-foundation-ba-honours,westminister.xlsx
University of Westminster,"Marylebone, Central London",https://www.westminster.ac.uk,marketing-communications,Bachelor's,112 UCAS Tariff points,//www.ucas.com,"A Levels, T Levels, International Baccalaureate, BTEC Extended Diploma, BTEC Diploma, Access to Higher Education Diploma",BBC,None,None,None,None,None,DMM,None,DMM,None,None,None,None,None,None,None,"GCSE English Language grade 4/C, GCSE Maths grade 4/C","English Language, Maths",4/C,112 UCAS Tariff points,None,None,None,None,None,None,None,None,None,None,None,None,None,None,None,None,None,None,None,None,None,None,None,None,None,None,6.0,5.5,None,None,None,None,None,None,None,None,None,https://www.westminster.ac.uk/business-and-management-marketing-courses/2025-26/september/full-time/marketing-communications-with-ai-integration-ba-honours,westminister.xlsx
University of Westminster,"Harrow, North-West London",https://www.westminster.ac.uk/courses/animation-ba-hons,animation-ba-hons,Bachelor's,48 UCAS Tariff points,//www.ucas.com,"A levels, T levels, International Baccalaureate, BTEC Extended Diploma, BTEC Diploma, Access to Higher Education Diploma",DD,None,None,None,None,None,PPP,None,None,None,None,None,None,None,48,Required,grade 4/C in English Language,English Language,None,None,None,None,None,None,None,None,None,None,None,None,None,None,None,None,None,None,None,None,None,None,None,None,None,None,None,None,6.0,5.5,None,None,None,None,None,None,None,None,None,https://www.westminster.ac.uk/art-design-and-visual-culture-film-and-television-media-and-communication-courses/2025-26/september/full-time/animation-with-foundation-ba-honours,westminister.xlsx
University of Westminster,Central London,https://www.westminster.ac.uk,real-estate,Master's,None,None,"A minimum of a lower second class honours degree (2:2) and GCSE Grade C Maths. Relevant degree disciplines include geography, economics, finance, a traditional science, a property-related discipline or law, or membership of a recognised professional body whose entry requirements are equivalent to graduate level and/or alternative professional qualifications with at least three years of relevant professional experience.",None,None,None,None,None,None,None,None,None,None,None,None,None,None,None,None,GCSE Grade C Maths,Mathematics,C,None,None,None,None,Second Lower,None,None,None,None,None,None,None,None,None,None,None,None,None,None,None,RICS,None,None,None,None,None,None,6.5,6.0,None,None,None,None,Accepted,Accepted,None,None,None,https://www.westminster.ac.uk/construction-surveying-and-real-estate-courses/2025-26/january/full-time/real-estate-development-msc,westminister.xlsx
University of Westminster,Central London,https://www.westminster.ac.uk/courses/cyber-security-and-forensics-msc,cyber-security-and-forensics,Master's,None,None,UCAS Relevant Qualification: A minimum of a lower second class honours degree (2:2) in a computing-related discipline.,Required,None,None,None,None,None,None,None,None,None,None,None,None,None,None,None,None,None,None,None,None,None,None,Second Lower,None,None,None,None,None,None,None,None,None,None,None,None,None,None,None,BCS,None,None,None,None,None,None,6.5,6.0,None,None,None,None,Accepted,Accepted,None,None,Additional Requirements: None,https://www.westminster.ac.uk/computer-science-and-engineering-courses/2025-26/january/full-time/cyber-security-and-forensics-msc,westminister.xlsx
University of Westminster,"Marylebone, Central London",https://www.westminster.ac.uk/courses/msc-finance-international-finance-pathway,finance-international-finance-pathway,Master's,None,None,"UCAS Relevant Qualification: ""A minimum of a lower second class honours degree (2:2). Relevant degree disciplines include finance, economics, business studies or management.""",None,None,None,None,None,None,None,None,None,None,None,None,None,None,None,None,None,None,None,None,None,None,None,Second Lower,Accepted,None,None,None,None,None,None,None,None,None,None,None,None,None,None,None,None,None,None,None,None,None,6.5,6.0,None,None,None,None,None,None,None,None,Additional Requirements: None,https://www.westminster.ac.uk/accounting-and-finance-courses/2025-26/september/full-time/finance-international-finance-msc,westminister.xlsx
University of Westminster,Central London,https://www.westminster.ac.uk/courses/applied-biomedical-science-bsc-hons,applied-biomedical-science,Bachelor's,112 UCAS Tariff points,//www.ucas.com,"A levels– BBC to include two science subjects from Biology, Chemistry, Physics or Maths; T levels– 112 UCAS Tariff points; International Baccalaureate– 112 UCAS Tariff points from the IB, to include a minimum of 4 in two higher level science subjects; BTEC Extended Diploma– DMM in Applied Science; BTEC Diploma– D*D*; Access– 112 UCAS Tariff points from the Access course.",BBC,"Biology,Chemistry,Physics,Maths",None,None,None,None,DMM,None,DMM,None,None,Required,None,None,4,None,"GCSE English Language grade 4/C, GCSE Maths grade 4/C","English,Maths",4/C,112 UCAS Tariff points,None,None,None,None,Accepted,None,None,None,None,None,None,None,None,None,None,None,None,None,None,None,None,None,None,None,None,None,6.0,5.5,None,None,None,None,None,None,None,None,Enhanced Disclosure and Barring Service check certificate required.,https://www.westminster.ac.uk/biological-and-biomedical-sciences-courses/2025-26/september/part-time-day-release/applied-biomedical-science-bsc-honours,westminister.xlsx
University of Westminster,Central London,https://www.westminster.ac.uk/courses/english-literature-and-history-ba-hons,english-literature-and-history,Bachelor's,104 UCAS Tariff points,//www.ucas.com,"A levels, T levels, International Baccalaureate, BTEC Extended Diploma, BTEC Diploma, Access to Higher Education Diploma",BCC,"English Language, Mathematics",4/C,None,None,None,DMM,None,None,None,None,None,None,None,None,None,4/C,"English Language, Mathematics",4/C,None,None,None,None,None,None,None,None,None,None,None,None,None,None,None,None,None,None,None,None,None,None,None,None,None,None,None,6.0,5.5,None,None,None,None,None,None,None,None,International Baccalaureate Career-related Programme will be considered on a case-by-case basis.,https://www.westminster.ac.uk/english-and-creative-writing-history-courses/2025-26/september/part-time-day/english-literature-and-history-ba-honours,westminister.xlsx
University of Westminster,"Marylebone, Central London",https://www.westminster.ac.uk/courses/architecture-ba-hons,architecture-ba-hons,Bachelor's,96 UCAS Tariff points,//www.ucas.com,"A levels, T levels, BTEC Extended Diploma, BTEC Diploma, Access to Higher Education Diploma, International Baccalaureate",CCC,None,None,None,None,None,MMM,None,None,None,None,None,None,None,None,None,"GCSE English Language grade 4/C, GCSE Maths grade 4/C","English Language, Maths",4/C,None,None,None,None,None,None,None,None,None,None,None,None,None,None,None,None,None,None,None,None,None,None,None,None,None,None,None,6.0,5.5,None,None,None,None,None,None,None,None,None,https://www.westminster.ac.uk/architecture-interiors-and-urban-design-courses/2025-26/september/full-time/architecture-with-foundation-ba-honours,westminister.xlsx
University of Westminster,"Marylebone, Central London",https://www.westminster.ac.uk,international-planning-and-sustainable-development-ma,Master's,None,None,"A minimum of a lower second class honours degree (2:2) in a relevant built environment or land planning-related discipline (such as urban or transport planning, architecture, landscape design, surveying, civil engineering, or land management). Alternatively, a lower second class honours degree (2:2) in a relevant human geography, a social or environmental science subject and relevant practical experience of working in a built environment discipline.",None,None,None,None,None,None,None,None,None,None,None,None,None,None,None,None,None,None,None,None,None,None,None,None,None,None,None,None,None,None,None,None,None,None,None,None,None,None,None,None,None,None,None,None,None,None,6.5,6.0,None,None,None,None,None,None,None,None,Applicants are required to submit one academic reference.,https://www.westminster.ac.uk/architecture-interiors-and-urban-design-courses/2025-26/september/part-time-day-evening/international-planning-and-sustainable-development-ma,westminister.xlsx
University of Westminster,"Marylebone, Central London",https://www.westminster.ac.uk,real-estate-bsc-hons,Bachelor's,72 UCAS Tariff points,//www.ucas.com,"A levels, T levels, International Baccalaureate, BTEC Extended Diploma, BTEC Diploma, Access to Higher Education Diploma",DDD,None,None,None,None,None,MMP,None,MMP,None,None,None,None,None,None,None,"GCSE English Language grade 4/C, GCSE Maths grade 4/C","English Language, Maths",4/C,None,None,None,None,None,None,None,None,None,None,None,None,None,None,None,None,None,None,None,None,None,None,None,Accepted,None,None,None,6.0,5.5,None,None,None,None,None,None,None,None,None,https://www.westminster.ac.uk/construction-surveying-and-real-estate-courses/2025-26/september/full-time/real-estate-with-foundation-bsc-honours,westminister.xlsx
University of Westminster,"Marylebone, Central London",https://www.westminster.ac.uk,international-development-management,Master's,None,None,"UCAS Relevant Qualification: ""A minimum of a lower second class honours degree (2:2). Relevant degree disciplines include business studies, economics, geography, management, and operations research. However, students with qualifications in other disciplines, such as engineering, environmental sciences, the humanities and languages, are also encouraged to apply. Alternative professional qualifications with at least three years of relevant professional experience will also be considered.""",None,None,None,None,None,None,None,None,None,None,None,None,None,None,None,None,None,None,None,None,None,None,None,Second Lower,None,None,None,None,None,None,None,None,None,None,None,None,None,None,None,None,None,None,None,None,None,None,6.5,6.0,None,None,None,None,None,None,None,None,Additional Requirements: None,https://www.westminster.ac.uk/business-and-management-courses/2025-26/september/full-time/international-development-management-msc,westminister.xlsx
University of Westminster,Central London,https://www.westminster.ac.uk/courses/corporate-finance-law-llm,corporate-finance-law-llm,Master's,None,None,A minimum of a lower second class honours degree (2:2) in Law or a related discipline. Applicants without the standard qualifications but with significant professional or managerial experience in a relevant field will be considered.,None,None,None,None,None,None,None,None,None,None,None,None,None,None,None,None,None,None,None,None,None,None,None,"Second Lower (Honours, 2:2)",Accepted,None,None,None,None,None,None,None,None,None,None,None,None,None,None,None,Accepted,Required,None,None,None,None,6.5,6.0,None,None,None,None,Accepted,Accepted,None,None,None,https://www.westminster.ac.uk/law-courses/2025-26/september/part-time-day-evening/corporate-finance-law-llm,westminister.xlsx
University of Westminster,Central London,https://www.westminster.ac.uk/courses/international-commercial-and-corporate-law-llm,international-commercial-and-corporate-law-llm,Master's,None,None,A minimum of a lower second class honours degree (2:2) in Law or an upper second class honours degree (2:1) in a non-related degree with a demonstrated legal interest.,None,None,None,None,None,None,None,None,None,None,None,None,None,None,None,None,None,None,None,None,None,None,None,A minimum of a lower second class honours degree (2:2),Accepted,None,None,None,None,None,None,None,None,None,None,None,None,None,None,None,None,None,None,None,None,None,6.5,6.0,None,None,None,None,None,None,None,None,"Applicants without standard qualifications will also be considered, providing they are sufficiently motivated to study effectively on a Masters programme and/or have had a significant amount of relevant experience. Applicants are required to submit one academic reference.",https://www.westminster.ac.uk/law-courses/2025-26/january/full-time/international-commercial-and-corporate-law-llm,westminister.xlsx
University of Westminster,Central London,https://www.westminster.ac.uk/courses/translation-and-interpreting-ma,translation-and-interpreting,Master's,None,None,UCAS Relevant Qualification: A minimum of a lower second class honours degree (2:2). Linguists without a degree but with sufficient experience in translation and/or interpreting will also be considered.,None,None,None,None,None,None,None,None,None,None,None,None,None,None,None,None,None,None,None,None,None,None,None,Second Lower,None,None,None,None,None,None,None,None,None,None,None,None,None,None,None,None,None,None,None,None,None,None,6.5,7.0,None,None,None,None,None,None,None,None,"Entry Test: ""All applicants must take an entry test consisting of written and oral components. If you are successful in the entry tests, we will interview you in person or on the telephone to determine if the Translation and Interpreting MA is right for you.""",https://www.westminster.ac.uk/languages-courses/2025-26/september/full-time/translation-and-interpreting-ma,westminister.xlsx
University of Westminster,"Marylebone, Central London",https://www.westminster.ac.uk,business-management-economics,Bachelor's,112 UCAS Tariff points,//www.ucas.com,"A Levels, T Levels, International Baccalaureate, BTEC Extended Diploma, BTEC Diploma, Access to Higher Education Diploma",BBC,None,None,None,None,None,DMM,None,DMM,None,None,None,None,None,None,None,"GCSE English Language grade 4/C, GCSE Maths grade 4/C","English Language, Maths",4/C,112 UCAS Tariff points,None,None,None,None,None,None,None,None,None,None,None,None,None,None,None,None,None,None,None,None,None,None,None,None,None,None,6.0,5.5,None,None,None,None,None,None,None,None,None,https://www.westminster.ac.uk/business-and-management-economics-courses/2025-26/september/full-time/economics-and-management-ba-honours,westminister.xlsx
University of Westminster,Central London,https://www.westminster.ac.uk/courses/architecture-and-environmental-design-bsc,architecture-and-environmental-design-bsc,Bachelor's,120 UCAS Tariff points,//www.ucas.com,"A levels– BBB, T levels– 120 UCAS Tariff points, International Baccalaureate– 120 UCAS Tariff points from all components of the Diploma Programme, BTEC Extended Diploma– DDM in Art and Design, Access– 120 UCAS Tariff points from the Access course",BBB,None,None,None,None,None,DDM in Art and Design,Not accepted on its own,None,None,None,None,None,None,None,Required,"GCSE English Language grade 4/C, GCSE Maths grade 4/C, GCSE Science grade 4/C","English, Maths, Science",4/C,None,None,None,None,None,None,None,None,None,None,None,None,None,None,None,None,None,None,None,None,None,None,None,None,None,Required,Required,6.0,5.5,None,None,None,None,None,None,None,None,"Personal Statement: ""Outline your interest in the subject, your reasons for wanting to pursue a career in architecture, and give an overview of your current creative studies.""
Portfolio of creative work: ""15 to 20 images of Art and Design work to reflect your course of interest.""",https://www.westminster.ac.uk/architecture-interiors-and-urban-design-courses/2025-26/september/full-time/architecture-and-environmental-design-bsc-honours,westminister.xlsx
University of Westminster,"Marylebone, Central London",https://www.westminster.ac.uk,construction-management,Bachelor's,104 UCAS Tariff points,//www.ucas.com,"A Levels, T Levels, International Baccalaureate, BTEC Extended Diploma, BTEC Diploma, Access to Higher Education Diploma",BCC,None,None,None,None,None,DMM,None,DMM,None,None,None,None,None,None,None,"GCSE English Language grade 4/C, GCSE Maths grade 4/C","English, Maths",4/C,104 UCAS Tariff points,None,None,None,None,None,None,None,None,None,None,None,None,None,None,None,None,None,None,None,None,None,None,None,None,None,None,6.0,5.5,None,None,None,None,None,None,None,None,None,https://www.westminster.ac.uk/construction-surveying-and-real-estate-courses/2025-26/september/full-time/construction-management-bsc-honours,westminister.xlsx
University of Westminster,Central London,https://www.westminster.ac.uk,international-and-commercial-dispute-resolution-law-llm,Master's,None,None,UCAS Relevant Qualification: None,None,None,None,None,None,None,None,None,None,None,None,None,None,None,None,None,None,None,None,None,None,None,None,Minimum of a lower second class honours degree (2:2),Accepted,None,None,None,None,None,None,None,None,None,None,None,None,None,None,None,None,None,None,None,None,None,6.5,6.0,None,None,None,None,Accepted,Accepted,None,None,Additional Requirements: None,https://www.westminster.ac.uk/law-courses/2025-26/september/full-time/international-and-commercial-dispute-resolution-law-llm,westminister.xlsx
University of Westminster,Central London,https://www.westminster.ac.uk/courses/international-communication-and-international-business,international-communication-and-international-business,Bachelor's,104,https://www.ucas.com,"UCAS Relevant Qualification: ""A Levels, International Baccalaureate, BTEC Extended Diploma, Access to Higher Education Diploma""",BCCT,None,None,None,None,None,DMM,None,None,None,None,None,None,None,None,None,Grade 4/C in English Language and Maths,"English Language, Maths",4/C,None,None,None,None,None,None,None,None,CACHE Technical Level 3 Requirement: None,None,None,None,None,None,None,None,None,None,None,None,None,None,None,None,None,None,None,6.0,5.5,None,None,None,None,None,None,None,None,Additional Requirements: None,https://www.westminster.ac.uk/business-and-management-politics-and-international-relations-courses/2025-26/september/part-time-day/international-communication-and-international-business-ba-honours,westminister.xlsx
University of Westminster,"Harrow, North-West London",https://www.westminster.ac.uk/courses/digital-media-pr-and-advertising-ba-hons,digital-media-pr-and-advertising,Bachelor's,104 UCAS Tariff points,//www.ucas.com,"A levels, T levels, International Baccalaureate, BTEC Extended Diploma, BTEC Diploma, Access to Higher Education Diploma",BCC,None,None,None,None,None,DMM,None,DMM,None,None,None,None,None,None,None,GCSE English Language grade 4/C,"English Language, Maths",4/C,None,None,None,None,None,None,None,None,None,None,None,None,None,None,None,None,None,None,None,None,None,None,None,None,None,None,None,6.5,5.5,None,None,None,None,None,None,None,None,None,https://www.westminster.ac.uk/media-and-communication-courses/2025-26/september/full-time/digital-media-public-relations-and-advertising-ba-honours,westminister.xlsx
University of Westminster,Central London,https://www.westminster.ac.uk,history-and-politics,Bachelor's,104 UCAS Tariff points,//www.ucas.com,"A levels, T levels, International Baccalaureate, BTEC Extended Diploma, BTEC Diploma, Access to Higher Education Diploma",BCC,None,None,None,None,None,DMM,None,None,None,None,None,None,None,None,None,"GCSE English Language grade 4/C, GCSE Maths grade 4/C","English Language, Maths",4/C,None,None,None,None,None,None,None,None,None,None,None,None,None,None,None,None,None,None,None,None,None,None,None,None,None,None,None,6.0,5.5,None,None,None,None,None,None,None,None,None,https://www.westminster.ac.uk/history-politics-and-international-relations-courses/2025-26/september/part-time-day/history-and-politics-ba-honours,westminister.xlsx
University of Westminster,"Marylebone, Central London",https://www.westminster.ac.uk/courses/human-resource-management-ma,human-resource-management,Master's,None,None,"UCAS Relevant Qualification: ""A minimum of a lower second class honours degree (2:2). Relevant degree disciplines include business studies, economics, geography, management, and operations research. However, students with qualifications in other disciplines, such as engineering, environmental sciences, the humanities and languages, are also encouraged to apply. Alternative professional qualifications with at least three years of relevant professional experience will also be considered.""",None,None,None,None,None,None,None,None,None,None,None,None,None,None,None,None,None,None,None,None,None,None,None,Second Lower,None,None,None,None,None,None,None,None,None,None,None,None,None,None,None,None,None,None,None,None,None,None,6.5,6.0,None,None,None,None,None,None,None,None,Additional Requirements: None,https://www.westminster.ac.uk/business-and-management-courses/2025-26/january/part-time-evening-only/human-resource-management-ma,westminister.xlsx
University of Westminster,Central London,https://www.westminster.ac.uk,creative-writing-and-english-literature,Bachelor's,64 UCAS Tariff points,//www.ucas.com,"A Levels, T Levels, BTEC Extended Diploma, International Baccalaureate, Access to Higher Education Diploma",DDE,"English Language, Maths",4/C,None,None,None,MPP,None,None,None,None,None,None,None,None,Required,4/C in English Language and Maths,"English Language, Maths",4/C,64 UCAS Tariff points,None,None,None,None,None,None,None,None,None,None,None,None,None,None,None,None,None,None,None,None,None,None,Accepted,None,None,None,6.0,5.5,None,None,None,None,None,None,None,None,Portfolio of creative writing may be required in addition to these academic qualifications.,https://www.westminster.ac.uk/english-and-creative-writing-courses/2025-26/september/full-time/creative-writing-and-english-literature-with-foundation-ba-honours,westminister.xlsx
University of Westminster,Central London,https://www.westminster.ac.uk/courses/professional-legal-practice-llm,professional-legal-practice-llm,Master's,None,None,"A minimum of a lower second class honours degree (2:2) in related disciplines, including law and social science. Applicants without the standard qualifications who have significant professional experience in the relevant field or related professional qualifications may be considered.",None,None,None,None,None,None,None,None,None,None,None,None,None,None,None,None,None,None,None,None,None,None,None,None,None,None,None,None,None,None,None,None,None,None,None,None,None,None,None,None,None,None,None,None,None,None,6.5,6.0,None,None,None,None,None,None,None,None,IELTS 6.5 with at least 6.5 in writing and no element below 6.0.,https://www.westminster.ac.uk/law-courses/2025-26/september/full-time/professional-legal-practice-llm,westminister.xlsx
University of Westminster,"Harrow, North-West London",https://www.westminster.ac.uk/courses/digital-media-and-journalism-ba,digital-media-and-journalism-ba,Bachelor's,104 UCAS Tariff points,//www.ucas.com,"A levels, T levels, International Baccalaureate, BTEC Extended Diploma, BTEC Diploma, Access to Higher Education Diploma",BCC,None,None,None,None,None,DMM,None,DMM,None,None,None,None,None,None,None,GCSE English Language grade 4/C,"English Language, Maths",4/C,None,None,None,None,None,None,None,None,None,None,None,None,None,None,None,None,None,None,None,None,None,None,None,None,None,None,None,6.5,5.5,None,None,None,None,None,None,None,None,None,https://www.westminster.ac.uk/media-and-communication-courses/2025-26/september/full-time/digital-media-and-journalism-ba-honours,westminister.xlsx
University of Westminster,"Harrow, North-West London",https://www.westminster.ac.uk/courses/fashion-accessories-design-ma,fashion-accessories-design-ma,Master's,None,None,UCAS Relevant Qualification: A minimum of a lower second class honours degree (2:2) or a lower second class honours degree (2:2) and more than 2 years experience compulsory.,None,None,None,None,None,None,None,None,None,None,None,None,None,None,None,None,None,None,None,None,None,None,None,Second Lower,Accepted,None,None,None,None,None,None,None,None,None,None,None,None,None,None,None,None,None,None,None,None,None,6.5,6.0,None,None,None,None,Accepted,Accepted,None,None,Additional Requirements: None,https://www.westminster.ac.uk/fashion-courses/2025-26/september/full-time/fashion-accessories-design-ma,westminister.xlsx
University of Westminster,"Harrow, North-West London",https://www.westminster.ac.uk/courses/art-and-emerging-technologies-ma,art-and-emerging-technologies-ma,Master's,None,None,UCAS Relevant Qualification: A minimum of an upper second class honours degree (2:1) or a lower second class honours degree (2:2) with relevant experience in related subject areas.,Required,None,None,None,None,None,None,None,None,None,None,None,None,None,None,None,None,None,None,None,None,None,None,Second Lower,None,None,None,None,None,None,None,None,None,None,None,None,None,None,None,None,None,None,None,None,None,None,6.5,6.0,None,None,None,None,None,None,None,None,Portfolio Submission: Required,https://www.westminster.ac.uk/art-design-and-visual-culture-courses/2025-26/september/full-time/art-and-emerging-technologies-ma,westminister.xlsx
University of Westminster,London,https://www.westminster.ac.uk/courses/urban-planning-and-design-ba,urban-planning-and-design,Bachelor's,112 UCAS Tariff points,//www.ucas.com,"A levels, T levels, International Baccalaureate, BTEC Extended Diploma, BTEC Diploma, Access to Higher Education Diploma",BBC,None,None,None,None,None,DMM,None,DMM,None,None,None,None,None,None,None,"GCSE English Language grade 4/C, GCSE Maths grade 4/C, one additional GCSE at grade 4/C","English Language, Maths",4/C,112 UCAS Tariff points,None,None,None,None,None,None,None,None,None,None,None,None,None,None,None,None,None,None,None,None,None,None,None,None,None,None,6.0,5.5,None,None,None,None,None,None,None,None,None,https://www.westminster.ac.uk/architecture-interiors-and-urban-design-courses/2025-26/september/full-time/urban-planning-and-design-ba-honours,westminister.xlsx
University of Westminster,Central London,https://www.westminster.ac.uk/courses/software-engineering-conversion-msc,software-engineering-conversion,Master's,None,None,UCAS Relevant Qualification: A minimum of a lower second class honours degree (2:2).,None,None,None,None,None,None,None,None,None,None,None,None,None,None,None,None,None,None,None,None,None,None,None,Second Lower,None,None,None,None,None,None,None,None,None,None,None,None,None,None,None,None,None,None,None,None,None,None,6.5,6.0,None,None,None,None,Accepted,Accepted,None,None,Additional Requirements: None,https://www.westminster.ac.uk/computer-science-and-engineering-courses/2025-26/january/full-time/software-engineering-conversion-msc,westminister.xlsx
University of Westminster,"Harrow, North-West London",https://www.westminster.ac.uk/courses/digital-media-production-ba-hons,digital-media-production-ba-hons,Bachelor's,104 UCAS Tariff points,//www.ucas.com,"A levels, T levels, International Baccalaureate, BTEC Extended Diploma, BTEC Diploma, Access to Higher Education Diploma",BCC,None,None,None,None,None,DMM,None,DMM,None,None,None,None,None,None,None,GCSE English Language grade 4/C,English Language,None,None,None,None,None,None,None,None,None,None,None,None,None,None,None,None,None,None,None,None,None,None,None,None,None,None,None,None,6.5,5.5,None,None,None,None,None,None,None,None,None,https://www.westminster.ac.uk/media-and-communication-courses/2025-26/september/full-time/digital-media-production-ba-honours,westminister.xlsx
University of Westminster,"London, UK",https://www.westminster.ac.uk,bachelor-of-arts,Bachelor's,None,None,None,None,None,None,None,None,None,None,None,None,None,None,None,None,None,None,None,None,None,None,None,None,None,None,None,None,None,None,None,None,None,None,None,None,None,None,None,None,None,None,None,None,None,None,None,None,None,None,None,None,None,None,None,None,None,None,None,None,https://www.westminster.ac.uk/architecture-interiors-and-urban-design-courses/2025-26/september/full-time/interior-architecture-ba-honours,westminister.xlsx
University of Westminster,Central London,https://www.westminster.ac.uk/courses/medical-sciences-bsc-hons,medical-sciences-bsc-hons,Bachelor's,128,None,"UCAS Relevant Qualification: ""A Levels– ABB (128 UCAS Tariff points) with 2 science subjects from Biology, Chemistry, Physics or Maths; T levels– 128 UCAS Tariff points; International Baccalaureate– 128 UCAS Tariff points from the IB including 6 at HL in 2 science subjects from Biology, Chemistry, Physics or Maths; BTEC Extended Diploma– D*DD in a science-related subject area; Access– 128 UCAS Tariff points from the Access course.""",ABB,"Biology,Chemistry,Physics,Maths",None,None,None,None,D*DD,None,D*DD,None,None,None,None,None,6,None,4/C,"English,Maths,Science",4/C,None,None,None,None,None,None,None,None,CACHE Technical Level 3 Requirement: None,None,None,None,None,None,None,None,None,None,None,None,None,None,None,None,None,None,Required,6.0,6.0,None,None,None,None,None,None,None,None,"Additional Requirements:
English Language Requirements: ""IELTS of 6.0 overall, with 6.0 in writing and 5.5 in the other components.""
Interview: ""Applicants may also be asked to attend an interview, either in person or via Skype.""
",https://www.westminster.ac.uk/biological-and-biomedical-sciences-courses/2025-26/september/full-time/medical-sciences-bsc-honours,westminister.xlsx
University of Westminster,Central London,https://www.westminster.ac.uk/courses/french-and-global-communication-ba-hons,french-and-global-communication,Bachelor's,56 UCAS Tariff points,//www.ucas.com,"A levels – DEE, T levels – 56 UCAS Tariff points, International Baccalaureate – 56 UCAS Tariff points from all components of the Diploma Programme, BTEC Extended Diploma – MP, BTEC Diploma – MM, Access – 56 UCAS Tariff points from the Access course",DEE,None,None,None,None,None,MPP,None,None,None,None,None,None,None,None,None,"GCSE English Language grade 4/C, GCSE Maths grade 4/C","English Language, Maths",4/C,None,None,None,None,None,None,None,None,None,None,None,None,None,None,None,None,None,None,None,None,None,None,None,Accepted,None,None,None,6.0,5.5,None,None,None,None,None,None,None,None,None,https://www.westminster.ac.uk/languages-courses/2025-26/september/full-time/french-and-international-communication-with-foundation-ba-honours,westminister.xlsx
University of Westminster,Central London,https://www.westminster.ac.uk/courses/international-law-llm,international-law-llm,Master's,None,None,"A minimum of a lower second class honours degree (2:2) in related disciplines that include law, social sciences, and international relations.",None,None,None,None,None,None,None,None,None,None,None,None,None,None,None,None,None,None,None,None,None,None,None,"Second Lower (Honours, 2:2)",Accepted,None,None,None,None,None,None,None,None,None,None,None,None,None,None,None,Required,None,None,None,None,None,6.5,6.0,None,None,None,None,None,None,None,None,"Recognition of prior learning and experience: If you have previously studied at university level, or have equivalent work experience, academic credit may be awarded towards your course at Westminster.",https://www.westminster.ac.uk/law-courses/2025-26/january/full-time/international-law-llm,westminister.xlsx
University of Westminster,"Marylebone, Central London",https://www.westminster.ac.uk,sustainability-management-and-innovation,Master's,None,None,UCAS Relevant Qualification: A minimum of a lower second class honours degree (2:2).,None,None,None,None,None,None,None,None,None,None,None,None,None,None,None,None,None,None,None,None,None,None,None,Second Lower,None,None,None,None,None,None,None,None,None,None,None,None,None,None,None,None,None,None,None,None,None,None,6.5,6.0,None,None,None,None,None,None,None,None,Additional Requirements: None,https://www.westminster.ac.uk/business-and-management-courses/2025-26/january/full-time/sustainability-management-and-innovation-msc,westminister.xlsx
University of Westminster,"Harrow, North-West London",https://www.westminster.ac.uk/courses/audio-production-ma,audio-production-ma,Master's,None,None,UCAS Relevant Qualification: A minimum of a lower second class honours degree (2:2) or lower with substantial experience. Applicants who do not meet the normal entry requirement who have a strong portfolio and professional industry experience can be considered.,None,None,None,None,None,None,None,None,None,None,None,None,None,None,None,None,None,None,None,None,None,None,None,Second Lower,Accepted,None,None,None,None,None,None,None,None,None,None,None,None,None,None,None,None,None,None,None,None,None,6.5,6.0,None,None,None,None,Accepted,Accepted,None,None,Additional Requirements: None,https://www.westminster.ac.uk/music-courses/2025-26/september/full-time/audio-production-ma,westminister.xlsx
University of Westminster,Central London,https://www.westminster.ac.uk/courses/international-and-commercial-dispute-resolution-law-llm,international-and-commercial-dispute-resolution-law-llm,Master's,None,None,A minimum of a lower second class honours degree (2:2) or an upper second class honours degree (2:1) in Law or a non-related degree with a demonstrated legal interest.,None,None,None,None,None,None,None,None,None,None,None,None,None,None,None,None,None,None,None,None,None,None,None,A minimum of a lower second class honours degree (2:2) or an upper second class honours degree (2:1),Accepted,None,None,None,None,None,None,None,None,None,None,None,None,None,None,None,None,None,None,None,None,None,6.5,6.0,None,None,None,None,None,None,None,None,None,https://www.westminster.ac.uk/law-courses/2025-26/january/part-time-day-evening/international-and-commercial-dispute-resolution-law-llm,westminister.xlsx
University of Westminster,"Harrow, North-West London",https://www.westminster.ac.uk/courses/film-television-and-moving-image-ma,film-television-and-moving-image-ma,Master's,None,None,UCAS Relevant Qualification: A minimum of an upper second class honours degree (2:1) or a lower second class honours degree (2:2) in a relevant degree or with relevant experience.,2:1 or 2:2,None,None,None,None,None,None,None,None,None,None,None,None,None,None,None,None,None,None,None,None,None,None,Second Lower,Accepted,None,None,None,None,None,None,None,None,None,None,None,None,None,None,None,None,None,None,None,None,None,6.5,5.5,None,None,None,None,None,None,None,None,Additional Requirements: None,https://www.westminster.ac.uk/film-and-television-courses/2025-26/september/full-time/film-television-and-moving-image-ma,westminister.xlsx
University of Westminster,"Harrow, North-West London",https://www.westminster.ac.uk/courses/fashion-business-management-with-professional-experience-ba,fashion-business-management-with-professional-experience,Bachelor's,104 UCAS Tariff points,//www.ucas.com,"A levels, T levels, International Baccalaureate, BTEC Extended Diploma, BTEC Diploma, Access to Higher Education Diploma",BCC,None,None,None,None,None,DMM,None,DMM,None,None,None,None,None,None,None,"GCSE English Language grade 4/C, GCSE Maths grade 4/C","English Language, Maths",4/C,None,None,None,None,None,None,None,None,None,None,None,None,None,None,None,None,None,None,None,None,None,None,None,None,None,None,None,6.0,5.5,None,None,None,None,None,None,None,None,None,https://www.westminster.ac.uk/fashion-courses/2025-26/september/full-time/fashion-business-management-with-professional-experience-ba-honours,westminister.xlsx
University of Westminster,"Marylebone, Central London",https://www.westminster.ac.uk/courses/business-management-marketing-ba-hons,business-management-marketing,Bachelor's,112 UCAS Tariff points,//www.ucas.com,"A Levels– BBC, T levels– 112 UCAS Tariff points, International Baccalaureate– 112 UCAS Tariff points from all components of the Diploma Programme, BTEC Extended Diploma– DMM, BTEC Diploma– D*D*, Access– 112 UCAS Tariff points from the Access course",BBC,None,None,None,None,None,DMM,Pass (96 UCAS points),DMM,None,None,None,None,None,None,None,"GCSE English Language grade 4/C, GCSE Maths grade 4/C","English Language, Maths",4/C,None,None,None,None,None,None,None,None,None,None,None,None,None,None,None,None,None,None,None,None,None,None,None,None,None,None,None,6.0,5.5,Accepted with a grade of C,Accepted with a grade of A,None,None,None,None,None,None,International Baccalaureate Career-related Programme will be considered on a case-by-case basis.,https://www.westminster.ac.uk/business-and-management-marketing-courses/2025-26/september/full-time/business-management-marketing-ba-honours,westminister.xlsx
University of Westminster,"Harrow, North-West London",https://www.westminster.ac.uk/courses/media-and-development-ma,media-and-development-ma,Master's,None,None,UCAS Relevant Qualification: A minimum of a lower second class honours degree (2:2).,None,None,None,None,None,None,None,None,None,None,None,None,None,None,None,None,None,None,None,None,None,None,None,Second Lower,Accepted,None,None,None,None,None,None,None,None,None,None,None,None,None,None,None,None,None,None,None,None,None,6.5,5.5,None,None,None,None,Accepted,Accepted,None,None,Additional Requirements: None,https://www.westminster.ac.uk/media-and-communication-courses/2025-26/september/part-time-day/media-and-development-ma,westminister.xlsx
University of Westminster,Central London,https://www.westminster.ac.uk/courses/sport-and-exercise-nutrition-msc,sport-and-exercise-nutrition,Master's,None,None,"UCAS Relevant Qualification: ""A minimum of a lower second class honours degree (2:2) in a life sciences subject with a strong element of nutrition and/or physiology.""",None,None,None,None,None,None,None,None,None,None,None,None,None,None,None,None,None,None,None,None,None,None,None,Second Lower,None,None,None,None,None,None,None,None,None,None,None,None,None,None,None,UK Sport and Exercise Nutrition Register (SENr),None,None,None,None,None,None,6.5,6.0,None,None,None,None,None,None,None,None,"Personal Statement: ""Outline what Sport and Exercise Nutrition means to you, why you want to study at the University of Westminster, and how this course aligns with your future goals and aspirations.""",https://www.westminster.ac.uk/nutrition-and-public-health-courses/2025-26/september/part-time-day/sport-and-exercise-nutrition-msc,westminister.xlsx
University of Westminster,"Marylebone, Central London",https://www.westminster.ac.uk/courses/human-resource-management-ma,human-resource-management,Master's,None,None,"UCAS Relevant Qualification: ""A minimum of a lower second class honours degree (2:2) in relevant degree disciplines such as business studies, economics, geography, management, and operations research. Alternative professional qualifications with at least three years of relevant professional experience will also be considered.""",None,None,None,None,None,None,None,None,None,None,None,None,None,None,None,None,None,None,None,None,None,None,None,Second Lower,None,None,None,None,None,None,None,None,None,None,None,None,None,None,None,None,None,None,None,None,None,None,6.5,6.0,None,None,None,None,None,None,None,None,Additional Requirements: None,https://www.westminster.ac.uk/business-and-management-courses/2025-26/september/full-time/human-resource-management-ma,westminister.xlsx
University of Westminster,"London, UK",https://www.westminster.ac.uk/courses/global-development-ma,global-development-ma,Master's,None,None,A minimum of a lower second class honours degree (2:2).,None,None,None,None,None,None,None,None,None,None,None,None,None,None,None,None,None,None,None,None,None,None,None,None,Accepted,None,None,None,None,None,None,None,None,None,Accepted,None,None,None,None,None,None,None,None,None,None,Required,6.5,6.0,None,None,None,None,Accepted,Accepted,None,None,"Recognition of prior learning and experience: ""If you have previously studied at university level, or have equivalent work experience, academic credit may be awarded towards your course at Westminster.""",https://www.westminster.ac.uk/politics-and-international-relations-courses/2025-26/january/part-time-day/global-development-ma,westminister.xlsx
University of Westminster,Central London,https://www.westminster.ac.uk/courses/psychology-msc,psychology-msc,Master's,None,None,"UCAS Relevant Qualification: ""A minimum of an upper second class honours degree (2:1). Applicants with a lower second class honours degree (2:2) may be considered in exceptional circumstances if their first degree is over 10 years old and they have gained significant professional experience since then. Alternatively, applicants with a postgraduate certificate (e.g. PGCE) will also be considered.""",None,None,None,None,None,None,None,None,None,None,None,None,None,None,None,None,"Competence in mathematics, for example through having obtained GCSE mathematics (or equivalent).",Mathematics,None,None,None,None,None,Second Upper,None,None,None,None,None,None,None,None,None,None,None,None,None,None,None,BPS,None,None,None,None,None,None,7.0,6.5,None,None,None,None,None,None,None,None,Additional Requirements: None,https://www.westminster.ac.uk/psychology-courses/2025-26/september/part-time-day/psychology-msc,westminister.xlsx
University of Westminster,"Marylebone, Central London",https://www.westminster.ac.uk/courses/marketing-management-ba-hons,marketing-management-ba-hons,Bachelor's,112 UCAS Tariff points,//www.ucas.com,"A Levels, T Levels, International Baccalaureate, BTEC Extended Diploma, BTEC Diploma, Access to Higher Education Diploma",BBC,None,None,None,None,None,DMM,None,DMM,None,None,None,None,None,None,None,"GCSE English Language grade 4/C, GCSE Maths grade 4/C","English Language, Maths",4/C,112 UCAS Tariff points,None,None,None,None,None,None,None,None,None,None,None,None,None,None,None,None,None,None,None,None,None,None,None,None,None,None,6.0,5.5,None,None,None,None,None,None,None,None,None,https://www.westminster.ac.uk/business-and-management-marketing-courses/2025-26/september/full-time/marketing-management-ba-honours,westminister.xlsx
University of Westminster,Central London,https://www.westminster.ac.uk,software-engineering-conversion-msc,Master's,None,None,UCAS Relevant Qualification: A minimum of a lower second class honours degree (2:2).,None,None,None,None,None,None,None,None,None,None,None,None,None,None,None,None,None,None,None,None,None,None,None,Second Lower,None,None,None,None,None,None,None,None,None,None,None,None,None,None,None,None,None,None,None,None,None,None,6.5,6.0,None,None,None,None,None,None,None,None,Additional Requirements: None,https://www.westminster.ac.uk/computer-science-and-engineering-courses/2025-26/september/part-time-day/software-engineering-conversion-msc,westminister.xlsx
University of Westminster,"Marylebone, Central London",https://www.westminster.ac.uk/courses/urban-design,urban-design,Bachelor's,None,None,"A minimum of a lower second class honours degree (2:2) in architecture, landscape architecture, town planning or another related discipline, together with practical or professional experience in their own field or in urban design.",None,None,None,None,None,None,None,None,None,None,None,None,None,None,None,Required,None,None,None,None,None,None,None,None,None,None,None,None,None,None,None,None,None,None,None,None,None,None,None,None,None,None,None,None,None,None,6.5,6.0,None,None,None,None,Accepted,Accepted,None,None,Applicants are required to submit a portfolio. Applicants are required to submit one academic reference.,https://www.westminster.ac.uk/architecture-interiors-and-urban-design-courses/2025-26/september/part-time-day/urban-design-postgraduate-diploma,westminister.xlsx
University of Westminster,Central London,https://www.westminster.ac.uk/courses/spanish-and-international-relations-ba-hons,spanish-and-international-relations,Bachelor's,104 UCAS Tariff points,https://www.ucas.com,"UCAS Relevant Qualification: ""A levels– BCC, T levels– 104 UCAS Tariff points, International Baccalaureate– 104 UCAS Tariff points from all components of the Diploma Programme, BTEC Extended Diploma– DMM, BTEC Diploma– D*D, Access– 104 UCAS Tariff points from the Access course""",BCC,None,None,None,None,None,DMM,None,None,None,None,None,None,None,None,None,Grade 4/C in English Language and Maths,"English Language, Maths",4/C,None,None,None,None,None,None,None,None,CACHE Technical Level 3 Requirement: None,None,None,None,None,None,None,None,None,None,None,None,None,None,None,None,None,None,None,6.0,5.5,None,None,None,None,None,None,None,None,Additional Requirements: None,https://www.westminster.ac.uk/languages-politics-and-international-relations-courses/2025-26/september/part-time-day/spanish-and-international-relations-ba-honours,westminister.xlsx
University of Westminster,"Harrow, North-West London",https://www.westminster.ac.uk/courses/fashion-business-management-ma,fashion-business-management,Master's,None,None,UCAS Relevant Qualification: A minimum of a lower second class honours degree (2:2) and a minimum of two years of full-time working experience in the fashion business.,None,None,None,None,None,None,None,None,None,None,None,None,None,None,None,None,None,None,None,None,None,None,None,Second Lower,Accepted,None,None,None,None,None,None,None,None,None,None,None,None,None,None,None,None,None,None,None,None,None,6.5,6.0,None,None,None,None,Accepted,Accepted,None,None,Additional Requirements: None,https://www.westminster.ac.uk/fashion-courses/2025-26/september/full-time/fashion-business-management-ma,westminister.xlsx
University of Westminster,Central London,https://www.westminster.ac.uk,software-engineering-conversion-msc,Master's,None,None,UCAS Relevant Qualification: A minimum of a lower second class honours degree (2:2).,None,None,None,None,None,None,None,None,None,None,None,None,None,None,None,None,None,None,None,None,None,None,None,Second Lower,None,None,None,None,None,None,None,None,None,None,None,None,None,None,None,None,None,None,None,None,None,None,6.5,6.0,None,None,None,None,None,None,None,None,Additional Requirements: None,https://www.westminster.ac.uk/computer-science-and-engineering-courses/2025-26/september/full-time/software-engineering-conversion-msc,westminister.xlsx
University of Westminster,"Harrow, North-West London",https://www.westminster.ac.uk/courses/global-media-ma,global-media-ma,Master's,None,None,A minimum of an upper second class honours degree (2:1) or a lower second class honours degree (2:2) in a humanities or social sciences discipline and/or have relevant professional experience.,None,None,None,None,None,None,None,None,None,None,None,None,None,None,None,None,None,None,None,None,None,None,None,None,None,None,None,None,None,None,None,None,None,None,None,None,None,None,None,None,None,None,None,None,None,None,6.5,5.5,None,None,None,None,None,None,None,None,"Applicants are required to submit one academic reference. Recognition of prior learning and experience if you have previously studied at university level, or have equivalent work experience, academic credit may be awarded towards your course at Westminster.",https://www.westminster.ac.uk/media-and-communication-courses/2025-26/september/part-time-day/global-media-ma,westminister.xlsx
University of Westminster,Central London,https://www.westminster.ac.uk/courses/english-literature-ba-hons,english-literature-ba-hons,Bachelor's,64 UCAS Tariff points,//www.ucas.com,"A levels – DDE, T levels – 64 UCAS Tariff points, International Baccalaureate – 64 UCAS Tariff points from all components of the Diploma Programme, BTEC Extended Diploma – MPP, BTEC Diploma – MM, Access – 64 UCAS Tariff points from the Access course",DDE,None,None,None,None,None,None,None,None,None,None,None,None,None,None,None,"GCSE English Language grade 4/C, GCSE Maths grade 4/C","English Language, Maths",4/C,None,None,None,None,None,None,None,None,None,None,None,None,None,None,None,None,None,None,None,None,None,None,None,None,None,None,None,6.0,5.5,None,None,None,None,None,None,None,None,International Baccalaureate Career-related Programme will be considered on a case-by-case basis.,https://www.westminster.ac.uk/english-and-creative-writing-courses/2025-26/september/full-time/english-literature-with-foundation-ba-honours,westminister.xlsx
University of Westminster,Central London,https://www.westminster.ac.uk,law-criminal-justice,Bachelor's,112 UCAS Tariff points,//www.ucas.com,"A Levels, T Levels, International Baccalaureate, BTEC Extended Diploma, Access to Higher Education Diploma",BBC,None,None,None,None,None,DMM,None,None,None,None,None,None,None,None,None,"GCSE English Language grade 4/C, GCSE Maths grade 4/C","English Language, Maths",4,None,None,None,None,None,None,None,None,None,None,None,None,None,None,None,None,None,None,None,None,None,None,None,None,None,None,None,6.0,"6.0 in writing, 5.5 in other components",None,None,None,None,None,None,None,None,None,https://www.westminster.ac.uk/criminology-and-sociology-law-courses/2025-26/september/full-time/law-and-criminal-justice-llb-honours,westminister.xlsx
University of Westminster,Central London,https://www.westminster.ac.uk/courses/art-and-visual-culture-ma,art-and-visual-culture-ma,Master's,None,None,"A minimum of a lower second class honours degree (2:2) in a relevant discipline, including arts and humanities, fine arts and performing arts, as well as some social science subjects.",None,None,None,None,None,None,None,None,None,None,None,None,None,None,None,None,None,None,None,None,None,None,None,Second Lower,"Relevant work experience might also be taken into consideration, especially in the case of applicants who don't meet the standard entry criteria.",None,None,None,None,None,None,None,None,None,None,None,None,None,None,None,None,None,None,None,None,None,6.5,6.0,None,None,None,None,Accepted,Accepted,None,None,None,https://www.westminster.ac.uk/art-design-and-visual-culture-courses/2025-26/september/full-time/art-and-visual-culture-ma,westminister.xlsx
University of Westminster,Central London,https://www.westminster.ac.uk,legal-practice-llm,Master's,None,None,A minimum of a lower second class honours degree (2:2). Qualifying law degree or non-law degree followed by Graduate Diploma in Law (GDL) or Chartered Institute of Legal Executives (CILEx) Level 6 qualification.,None,None,None,None,None,None,None,None,None,None,None,None,None,None,None,None,None,None,None,None,None,None,None,None,None,None,None,None,None,None,None,None,None,None,None,None,None,None,None,None,None,None,None,None,None,None,6.5,6.0,None,None,None,None,None,None,None,None,"Entry Requirements: A minimum of a lower second class honours degree (2:2). Qualifying law degree or non-law degree followed by Graduate Diploma in Law (GDL) or Chartered Institute of Legal Executives (CILEx) Level 6 qualification. Students must have covered the following seven law topics: Constitutional and Administrative Law, The Law Contract, Equity and Trusts, EU Law, Land Law (property Law) or Law or Torts. If you have previously studied the Bar Vocational Course (BVC) or Bar Professional Training Course (BPTC) within the last five years, you may be eligible for exemptions. Due to recent changes to Solicitor Regulation Authority (SRA) regulations, it is important that you have met SRA education and training requirements for the purpose of the LPC before you enrol on the course.",https://www.westminster.ac.uk/law-courses/2025-26/september/full-time/legal-practice-llm,westminister.xlsx
University of Westminster,Central London,https://www.westminster.ac.uk/courses/history-ba-hons,history,Bachelor's,104 UCAS Tariff points,//www.ucas.com,"A levels, T levels, International Baccalaureate, BTEC Extended Diploma, BTEC Diploma, Access to Higher Education Diploma",BCC,None,None,None,None,None,DMM,None,DMM,None,None,None,None,None,None,None,"GCSE English Language grade 4/C, GCSE Maths grade 4/C","English Language, Maths",4/C,None,None,None,None,None,None,None,None,None,None,None,None,None,None,None,None,None,None,None,None,None,None,None,None,None,None,None,6.0,5.5,None,None,None,None,None,None,None,None,None,https://www.westminster.ac.uk/history-courses/2025-26/september/part-time-day/history-ba-honours,westminister.xlsx
University of Westminster,Central London,https://www.westminster.ac.uk,biological-sciences-bsc-hons,Bachelor's,64 UCAS Tariff points,//www.ucas.com,"A levels, T levels, International Baccalaureate, BTEC Extended Diploma, BTEC Diploma, Access to Higher Education Diploma",DDE,None,None,None,None,None,MPP,None,None,None,None,None,None,None,None,None,"GCSE English Language grade 4/C, GCSE Maths grade 4/C","English, Maths",4/C,None,None,None,None,None,None,None,None,None,None,None,None,None,None,None,None,None,None,None,None,None,None,None,None,None,None,None,5.5,5.5,None,None,None,None,None,None,None,None,None,https://www.westminster.ac.uk/biological-and-biomedical-sciences-courses/2025-26/september/full-time/biological-sciences-with-foundation-bsc-honours,westminister.xlsx
University of Westminster,Central London,https://www.westminster.ac.uk/courses/museums-galleries-and-contemporary-culture-ma,museums-galleries-and-contemporary-culture-ma,Master's,None,None,"UCAS Relevant Qualification: ""A minimum of a lower second class honours degree (2:2) in a relevant discipline including culture and heritage studies, visual arts and media, languages and literature, and history.""",None,None,None,None,None,None,None,None,None,None,None,None,None,None,None,None,None,None,None,None,None,None,None,Second Lower,None,None,None,None,None,None,None,None,None,None,None,None,None,None,None,None,None,None,None,None,None,None,6.5,6.0,None,None,None,None,None,None,None,None,Additional Requirements: None,https://www.westminster.ac.uk/art-design-and-visual-culture-courses/2025-26/january/full-time/museums-galleries-and-contemporary-culture-ma,westminister.xlsx
University of Westminster,Central London,https://www.westminster.ac.uk/courses/business-information-systems-bsc-hons,business-information-systems-bsc-hons,Bachelor's,96 UCAS Tariff points,//www.ucas.com,"A levels, T levels, BTEC Extended Diploma, International Baccalaureate, Access to Higher Education Diploma",CCC,None,None,None,None,None,MMMBTEC Diploma – DD,None,None,None,None,None,None,None,None,None,"GCSE English Language grade 4/C, GCSE Maths grade 4/C","English, Maths",4,96 UCAS Tariff points,None,None,None,None,None,None,None,None,None,None,None,None,None,None,None,None,None,None,None,None,None,None,None,None,None,None,6.0,5.5,None,None,None,None,None,None,None,None,Mature entrants without formal qualifications will be considered on an individual basis.,https://www.westminster.ac.uk/computer-science-and-engineering-data-science-and-informatics-courses/2025-26/september/full-time/business-information-systems-bsc-honours,westminister.xlsx
University of Westminster,"Harrow, North-West London",https://www.westminster.ac.uk/courses/menswear-ma,menswear,Master's,None,None,"UCAS Relevant Qualification: ""A minimum of an upper second class honours degree (2:1) or a lower second class honours degree (2:2) in fashion, textiles or design-related subject areas and substantial relevant work experience.""",None,None,None,None,None,None,None,None,None,None,None,None,None,None,None,None,None,None,None,None,None,None,None,Second Lower,Accepted,None,None,None,None,None,None,None,None,None,None,None,None,None,None,None,None,None,None,None,None,None,6.5,6.0,None,None,None,None,None,None,None,None,Additional Requirements: None,https://www.westminster.ac.uk/fashion-courses/2025-26/september/full-time/menswear-ma,westminister.xlsx
University of Westminster,"Harrow, North-West London",https://www.westminster.ac.uk/courses/fashion-marketing-and-promotion-ba-hons,fashion-marketing-and-promotion,Bachelor's,96 UCAS Tariff points,//www.ucas.com,"A levels, T levels, International Baccalaureate, BTEC Extended Diploma, BTEC Diploma, Access to Higher Education Diploma",CCC,Art and Design or an arts based subject,None,None,None,None,MMM in Art & Design or an arts related subject,None,None,None,None,None,None,None,5 in a HL Visual Arts,Required,GCSE English Language grade 4/C,"English Language, Mathematics",4,96 UCAS Tariff points,None,None,None,None,None,None,None,None,None,None,None,None,None,None,None,None,None,None,None,None,None,None,None,None,Required,None,6.0,5.5,None,None,None,None,None,None,None,None,None,https://www.westminster.ac.uk/art-design-and-visual-culture-fashion-courses/2025-26/september/full-time/fashion-marketing-and-promotion-ba-honours,westminister.xlsx
University of Westminster,"Marylebone, Central London",https://www.westminster.ac.uk/courses/international-business-and-management-msc,international-business-and-management,Master's,None,None,"UCAS Relevant Qualification: ""A minimum of a lower second class honours degree (2:2). Relevant degree disciplines include business studies, economics, geography, management, and operations research. However, students with qualifications in other disciplines, such as engineering, environmental sciences, the humanities and languages, are also encouraged to apply. Alternative professional qualifications with at least three years of relevant professional experience will also be considered.""",None,None,None,None,None,None,None,None,None,None,None,None,None,None,None,None,None,None,None,None,None,None,None,Second Lower,None,None,None,None,None,None,None,None,None,None,None,None,None,None,None,None,None,None,None,None,None,None,6.5,6.0,None,None,None,None,None,None,None,None,Additional Requirements: None,https://www.westminster.ac.uk/business-and-management-courses/2025-26/september/full-time/international-business-and-management-msc,westminister.xlsx
University of Westminster,Central London,https://www.westminster.ac.uk/courses/psychology-bsc-hons,psychology-bsc-hons,Bachelor's,64 UCAS Tariff points,//www.ucas.com,"A Levels, T Levels, International Baccalaureate, BTEC Extended Diploma, BTEC Diploma, Access to Higher Education Diploma",DDE,None,None,None,None,None,MPP,None,None,None,None,None,None,None,None,None,"GCSE English Language grade 4/C, GCSE Maths grade 4/C","English Language, Maths",4/C,None,None,None,None,None,None,None,None,None,None,None,None,None,None,None,None,None,None,None,None,None,None,None,None,None,None,None,6.0,5.5,None,None,None,None,None,None,None,None,None,https://www.westminster.ac.uk/psychology-courses/2025-26/september/full-time/psychology-with-foundation-bsc-honours,westminister.xlsx
University of Westminster,Central London,https://www.westminster.ac.uk/courses/english-literature-and-language-ba-hons,english-literature-and-language-ba-hons,Bachelor's,104 UCAS Tariff points,//www.ucas.com,"A levels, T levels, International Baccalaureate, BTEC Extended Diploma, BTEC Diploma, Access to Higher Education Diploma",BCC,None,None,None,None,None,DMM,None,DMM,None,None,None,None,None,None,None,"GCSE English Language grade 4/C, GCSE Maths grade 4/C","English Language, Maths",4,None,None,None,None,None,None,None,None,None,None,None,None,None,None,None,None,None,None,None,None,None,None,None,None,None,None,None,6.0,5.5,None,None,None,None,None,None,None,None,None,https://www.westminster.ac.uk/english-and-creative-writing-courses/2025-26/september/full-time/english-literature-and-language-ba-honours,westminister.xlsx
University of Westminster,Central London,https://www.westminster.ac.uk,health-and-wellbeing,Master's,None,None,"UCAS Relevant Qualification: A minimum of a lower second class honours degree (2:2) in a relevant discipline including health or allied health related subject, or in social care related subjects.",None,None,None,None,None,None,None,None,None,None,None,None,None,None,None,None,None,None,None,None,None,None,None,Second Lower,None,None,None,None,None,None,None,None,None,None,None,None,None,None,None,None,None,None,None,None,None,None,6.5,6.0,None,None,None,None,Accepted,Accepted,None,None,Additional Requirements: None,https://www.westminster.ac.uk/nutrition-and-public-health-courses/2025-26/september/part-time-day/health-and-wellbeing-msc,westminister.xlsx
University of Westminster,Central London,https://www.westminster.ac.uk/courses/health-psychology-msc,health-psychology,Master's,None,None,"UCAS Relevant Qualification: ""An upper second class honours degree (2:1) in a psychology degree that grants eligibility for the Graduate Basis for Chartered Membership (GBC) of the BPS. Candidates with a lower second class honours degree (2:2) or without GBC will be considered.""",Required,None,None,None,None,None,None,None,None,None,None,None,None,None,None,None,None,None,None,None,None,None,None,Second Upper,None,None,None,None,None,None,None,None,None,None,None,None,None,None,None,HCPC,None,None,None,None,None,None,7.0,6.5,None,None,None,None,None,None,None,None,Additional Requirements: None,https://www.westminster.ac.uk/psychology-courses/2025-26/september/full-time/health-psychology-msc,westminister.xlsx
University of Westminster,Central London,https://www.westminster.ac.uk,international-relations-ma,Master's,None,None,A minimum of a lower second class honours degree (2:2) in a related discipline in social sciences or humanities.,None,None,None,None,None,None,None,None,None,None,None,None,None,None,None,None,None,None,None,None,None,None,None,Second Lower,None,None,None,None,None,None,None,None,None,None,None,None,None,None,None,None,None,None,None,None,None,None,6.5,6.0,None,None,None,None,Accepted,Accepted,None,None,None,https://www.westminster.ac.uk/politics-and-international-relations-courses/2025-26/january/full-time/international-relations-ma,westminister.xlsx
University of Westminster,Central London,https://www.westminster.ac.uk,criminology,Bachelor's,64 UCAS Tariff points,//www.ucas.com,"A Levels - DDE, T levels - 64 UCAS Tariff points, International Baccalaureate - 64 UCAS Tariff points from all components of the Diploma Programme, BTEC Extended Diploma - MPP, BTEC Diploma - MM, Access - 64 UCAS Tariff points from the Access course",DDE,None,None,None,None,None,None,None,MPP,None,None,None,None,None,None,None,"GCSE English Language grade 4/C, GCSE Maths grade 4/C","English Language, Maths",4/C,None,None,None,None,None,None,None,None,None,None,None,None,None,None,None,None,None,None,None,None,None,None,None,None,None,None,None,6.0,5.5,None,None,None,None,None,None,None,None,None,https://www.westminster.ac.uk/criminology-and-sociology-courses/2025-26/september/full-time/criminology-with-foundation-ba-honours,westminister.xlsx
University of Westminster,"Harrow, North-West London",https://www.westminster.ac.uk/courses/games-design-ba,games-design,Bachelor's,96 UCAS Tariff points,//www.ucas.com,"A levels, T levels, International Baccalaureate, BTEC Extended Diploma, BTEC Diploma, Access to Higher Education Diploma",CCC,None,None,None,None,None,MMMBTEC Diploma– DD,None,None,None,None,None,None,None,None,Required,"GCSE English Language grade 4/C, GCSE Maths Pass","English Language, Maths",4/C,None,None,None,None,None,None,None,None,None,None,None,None,None,None,None,None,None,None,None,None,None,None,None,None,None,None,None,6.0,5.5,None,None,None,None,None,None,None,None,Portfolio guidance: Number of recommended portfolio pieces: 10 - 15 pieces of work. Include a balance of initial sketches and visual explorations as well as more resolved final work or artefacts.,https://www.westminster.ac.uk/art-design-and-visual-culture-courses/2025-26/september/full-time/games-design-ba-honours,westminister.xlsx
University of Westminster,"Marylebone, Central London",https://www.westminster.ac.uk/courses/marketing-management-ma-msc,marketing-management,Master's,None,None,"UCAS Relevant Qualification: ""A minimum of a lower second class honours degree (2:2). Relevant degree disciplines include business studies, economics, geography, management, and operation research. However, students with qualifications in other disciplines, such as engineering, environmental sciences, the humanities and languages, are also encouraged to apply.""",None,None,None,None,None,None,None,None,None,None,None,None,None,None,None,None,None,None,None,None,None,None,None,Second Lower,None,None,None,None,None,None,None,None,None,None,None,None,None,None,None,None,None,None,None,None,None,None,6.5,6.0,None,None,None,None,None,None,None,None,Additional Requirements: None,https://www.westminster.ac.uk/business-and-management-marketing-courses/2025-26/september/full-time/marketing-management-ma-msc,westminister.xlsx
University of Westminster,Central London,https://www.westminster.ac.uk,legal-practice-llm,Master's,None,None,"UCAS Relevant Qualification: ""Qualifying law degree or non-law degree followed by Graduate Diploma in Law (GDL) or Chartered Institute of Legal Executives (CILEx) Level 6 qualification.""",None,None,None,None,None,None,None,None,None,None,None,None,None,None,None,None,None,None,None,None,None,None,None,None,None,None,None,CACHE Technical Level 3 Requirement: None,None,None,None,None,None,None,None,None,None,None,None,None,None,None,None,None,None,None,6.5,6.0,None,None,None,None,None,None,None,None,"Entry Requirements: ""A minimum of a lower second class honours degree (2:2). Qualifying law degree or non-law degree followed by Graduate Diploma in Law (GDL) or Chartered Institute of Legal Executives (CILEx) Level 6 qualification. Students must have covered the following seven law topics: Constitutional and Administrative Law, The Law Contract, Equity and Trusts, EU Law, Land Law (property Law) or Law or Torts. If you have previously studied the Bar Vocational Course (BVC) or Bar Professional Training Course (BPTC) within the last five years, you may be eligible for exemptions. Due to recent changes to Solicitor Regulation Authority (SRA) regulations, it is important that you have met SRA education and training requirements for the purpose of the LPC before you enrol on the course.""",https://www.westminster.ac.uk/law-courses/2025-26/september/part-time-evening-only/legal-practice-llm,westminister.xlsx
University of Westminster,Central London,https://www.westminster.ac.uk/courses/global-criminology-ma,global-criminology-ma,Master's,None,None,A minimum of a lower second class honours degree (2:2).,None,None,None,None,None,None,None,None,None,None,None,None,None,None,None,None,None,None,None,None,None,None,None,None,None,None,None,None,None,None,None,None,None,None,None,None,None,None,None,None,None,None,None,None,None,Required,6.5,6.0,None,None,None,None,Accepted,Accepted,None,None,"Recognition of prior learning and experience: ""If you have previously studied at university level, or have equivalent work experience, academic credit may be awarded towards your course at Westminster.""",https://www.westminster.ac.uk/criminology-and-sociology-courses/2025-26/september/full-time/global-criminology-ma,westminister.xlsx
University of Westminster,Central London,https://www.westminster.ac.uk,creative-writing-and-english-literature,Bachelor's,104 UCAS Tariff points,//www.ucas.com,"A Levels, T Levels, International Baccalaureate, BTEC Extended Diploma, BTEC Diploma, Access to Higher Education Diploma",BCC,None,None,None,None,None,DMM,Pass (96 UCAS points),DMM,None,None,None,None,None,None,Required,"GCSE English Language grade 4/C, GCSE Maths grade 4/C","English Language, Maths",4/C,None,None,None,None,None,None,None,None,None,None,None,None,None,None,None,None,None,None,None,None,None,None,None,None,None,Required,None,6.0,5.5,None,None,None,None,None,None,None,None,A portfolio of creative writing may be required in addition to these academic qualifications.,https://www.westminster.ac.uk/english-and-creative-writing-courses/2025-26/september/part-time-day/creative-writing-and-english-literature-ba-honours,westminister.xlsx
University of Westminster,Central London,https://www.westminster.ac.uk,international-communication-liaison-and-advocacy-ma,Master's,None,None,"A minimum of a lower second class honours degree (2:2). Applicants must offer two languages, including English. You must be an habitual user or fluent in one language, and be capable of listening, speaking and reading in the other language to at least Council of Europe Level B2/C1.",None,None,None,None,None,None,None,None,None,None,None,None,None,None,None,None,None,None,None,None,None,None,None,Second Lower,None,None,None,None,None,None,None,None,None,None,None,None,None,None,None,None,None,None,None,None,None,None,6.5,6.0,None,None,None,None,Accepted,Accepted,None,None,"Recognition of prior learning and experience: ""If you have previously studied at university level, or have equivalent work experience, academic credit may be awarded towards your course at Westminster.""",https://www.westminster.ac.uk/languages-courses/2025-26/january/part-time-day/international-communication-liaison-and-advocacy-ma,westminister.xlsx
University of Westminster,Central London,https://www.westminster.ac.uk/courses/international-communication-and-international-business,international-communication-and-international-business,Bachelor's,104 UCAS Tariff points,//www.ucas.com,"A Levels, International Baccalaureate, BTEC Extended Diploma, BTEC Diploma, Access to Higher Education Diploma",BCCT,None,None,None,None,None,DMM,None,DMM,None,None,None,None,None,None,None,"GCSE English Language grade 4/C, GCSE Maths grade 4/C","English Language, Maths",4/C,None,None,None,None,None,None,None,None,None,None,None,None,None,None,None,None,None,None,None,None,None,None,None,None,None,None,None,6.0,5.5,None,None,None,None,None,None,None,None,None,https://www.westminster.ac.uk/business-and-management-politics-and-international-relations-courses/2025-26/september/full-time/international-communication-and-international-business-ba-honours,westminister.xlsx
University of Westminster,Central London,https://www.westminster.ac.uk/courses/architecture-and-environmental-design-bsc-hons,architecture-and-environmental-design,Bachelor's,96 UCAS Tariff points,//www.ucas.com,"A levels, T levels, BTEC Extended Diploma, BTEC Diploma, Access to HE Diploma, International Baccalaureate",CCC,None,None,None,None,None,"MMM BTEC Extended Diploma, DD BTEC Diploma",None,MMM,None,None,None,None,None,None,None,"GCSE English Language grade 4/C, GCSE Maths grade 4/C","English, Maths",4/C,None,None,None,None,None,None,None,None,None,None,None,None,None,None,None,None,None,None,None,None,None,None,None,None,None,None,None,6.0,5.5,None,None,None,None,None,None,None,None,None,https://www.westminster.ac.uk/architecture-interiors-and-urban-design-courses/2025-26/september/full-time/architecture-and-environmental-design-with-foundation-bsc-honours,westminister.xlsx
University of Westminster,Central London,https://www.westminster.ac.uk/courses/computer-games-development-bsc-hons,computer-games-development-bsc-hons,Bachelor's,64 UCAS Tariff points,//www.ucas.com,"A Levels, T Levels, International Baccalaureate, BTEC Extended Diploma, BTEC Diploma, Access to Higher Education Diploma",DDE,None,None,None,None,None,MPP,None,None,None,None,None,None,None,None,None,"GCSE English Language grade 4/C, GCSE Maths grade 4/C","English Language, Maths",4/C,64 UCAS Tariff points,None,None,None,None,None,None,None,None,None,None,None,None,None,None,None,None,None,None,None,None,None,None,None,None,None,None,6.0,5.5,None,None,None,None,None,None,None,None,None,https://www.westminster.ac.uk/computer-science-and-engineering-courses/2025-26/september/full-time/computer-games-development-with-foundation-bsc-honours,westminister.xlsx
University of Westminster,"Marylebone, Central London",https://www.westminster.ac.uk/courses/transport-planning-msc,transport-planning-msc,Master's,None,None,A minimum of a lower second class honours degree (2:2) in a relevant subject area. Any relevant transport experience would further enhance your application.,None,None,None,None,None,None,None,None,None,None,None,None,None,None,None,None,None,None,None,None,None,None,None,Second Lower,Any relevant transport experience would further enhance your application.,None,None,None,None,None,None,None,None,None,None,None,None,None,None,TPP,None,None,None,None,None,None,6.5,6.0,None,None,None,None,Accepted,Accepted,None,None,None,https://www.westminster.ac.uk/transport-and-logistics-courses/2025-26/september/full-time/transport-planning-msc,westminister.xlsx
University of Westminster,Central London,https://www.westminster.ac.uk/courses/spanish-and-international-relations-ba-hons,spanish-and-international-relations,Bachelor's,104 UCAS Tariff points,https://www.ucas.com,"UCAS Relevant Qualification: ""A Levels, T Levels, International Baccalaureate, BTEC Extended Diploma, Access to HE Diploma""",BCC,None,None,None,None,None,DMM,None,None,None,None,None,None,None,None,None,Grade 4/C in English Language and Maths,"English Language, Maths",4/C,None,None,None,None,None,None,None,None,CACHE Technical Level 3 Requirement: None,None,None,None,None,None,None,None,None,None,None,None,None,None,None,None,None,None,None,6.0,5.5,None,None,None,None,None,None,None,None,Additional Requirements: None,https://www.westminster.ac.uk/languages-politics-and-international-relations-courses/2025-26/september/full-time/spanish-and-international-relations-ba-honours,westminister.xlsx
University of Westminster,Central London,https://www.westminster.ac.uk/courses/teaching-english-to-speakers-of-other-languages-ma-online,teaching-english-to-speakers-of-other-languages-ma-online,Master's,None,None,UCAS Relevant Qualification: None,None,None,None,None,None,None,None,None,None,None,None,None,None,None,None,None,None,None,None,None,None,None,None,Second Lower,None,None,None,None,None,None,None,None,None,None,None,None,None,None,None,None,None,None,None,None,None,None,6.5,6.0,None,None,None,None,Accepted,Accepted,None,None,Additional Requirements: None,https://www.westminster.ac.uk/english-and-creative-writing-courses/2025-26/september/open-distance-learning-full-time/teaching-english-to-speakers-of-other-languages-tesol-ma,westminister.xlsx
University of Westminster,Central London,https://www.westminster.ac.uk,professional-writing,Master's,None,None,A minimum of a lower second class honours degree (2:2).,None,None,None,None,None,None,None,None,None,None,None,None,None,None,None,None,None,None,None,None,None,None,None,Second Lower,None,None,None,None,None,None,None,None,None,None,None,None,None,None,None,None,None,None,None,None,None,None,6.5,6.0,None,None,None,None,Accepted,Accepted,None,None,None,https://www.westminster.ac.uk/english-and-creative-writing-courses/2025-26/september/part-time-day/professional-writing-ma,westminister.xlsx
University of Westminster,Central London,https://www.westminster.ac.uk/courses/chinese-and-international-communication-ba-hons,chinese-and-international-communication,Bachelor's,56 UCAS Tariff points,//www.ucas.com,"A Levels– DEE, T levels– 56 UCAS Tariff points, International Baccalaureate– 56 UCAS Tariff points from all components of the Diploma Programme, BTEC Extended Diploma– MPP, BTEC Diploma– MM, Access– 56 UCAS Tariff points from the Access course",DEE,None,None,None,None,None,MPP,Pass (56 UCAS points),MPP,None,None,None,None,None,None,None,"GCSE English Language grade 4/C, GCSE Maths grade 4/C","English Language, Maths",4/C,None,None,None,None,None,None,None,None,None,None,None,None,None,None,None,None,None,None,None,None,None,None,None,None,None,None,None,6.0,5.5,None,None,None,None,None,None,None,None,We may need to test you to determine your language level.,https://www.westminster.ac.uk/languages-courses/2025-26/september/full-time/chinese-and-international-communication-with-foundation-ba-honours,westminister.xlsx
University of Westminster,"Marylebone, Central London",https://www.westminster.ac.uk,project-management,Master's,None,None,"UCAS Relevant Qualification: A minimum of a lower second class honours degree (2:2). Relevant degree disciplines include business studies, economics, events management, and operations research. However, students with qualifications in other disciplines such as engineering, IT, environmental sciences, the humanities and languages are also encouraged to apply. Alternative professional qualifications with at least three years' relevant professional experience will also be considered.",None,None,None,None,None,None,None,None,None,None,None,None,None,None,None,None,None,None,None,None,None,None,None,Second Lower,None,None,None,None,None,None,None,None,None,None,None,None,None,None,None,None,None,None,None,None,None,None,6.5,6.0,None,None,None,None,None,None,None,None,Additional Requirements: None,https://www.westminster.ac.uk/business-and-management-courses/2025-26/september/full-time/project-management-msc,westminister.xlsx
University of Westminster,Central London,https://www.westminster.ac.uk,law-llb,Bachelor's,112 UCAS Tariff points,//www.ucas.com,"A Levels, T Levels, International Baccalaureate, BTEC Extended Diploma, BTEC Diploma, Access to Higher Education Diploma",BBC,None,None,None,None,None,DMM,None,DMM,None,None,None,None,None,None,None,"GCSE English Language grade 4/C, GCSE Maths grade 4/C","English Language, Maths",4/C,112 UCAS Tariff points,None,None,None,None,None,None,None,None,None,None,None,None,None,None,None,None,None,None,None,None,None,None,None,None,None,None,6.0,"6.0 in writing, 5.5 in the other components",None,None,None,None,None,None,None,None,None,https://www.westminster.ac.uk/law-courses/2025-26/september/part-time-day/law-llb-honours,westminister.xlsx
University of Westminster,Central London,https://www.westminster.ac.uk/courses/spanish-and-linguistics-ba,spanish-and-linguistics-ba,Bachelor's,104 UCAS Tariff points,//www.ucas.com,"A levels– BCC, T levels– 104 UCAS Tariff points, International Baccalaureate– 104 UCAS Tariff points from all components of the Diploma Programme, BTEC Extended Diploma– DMM, BTEC Diploma– D*D, Access– 104 UCAS Tariff points from the Access course",BCC,None,None,None,None,None,DMM,None,None,None,None,None,None,None,None,None,"GCSE English Language grade 4/C, GCSE Maths grade 4/C","English, Maths",4,None,None,None,None,None,None,None,None,None,None,None,None,None,None,None,None,None,None,None,None,None,None,None,None,None,None,None,6.0,5.5,None,None,None,None,None,None,None,None,None,https://www.westminster.ac.uk/languages-courses/2025-26/september/full-time/spanish-and-linguistics-ba-honours,westminister.xlsx
University of Westminster,"Marylebone, Central London",https://www.westminster.ac.uk,air-transport-planning-and-management,Master's,None,None,A minimum of a lower second class honours degree (2:2) or substantial relevant work experience in the air transport industry.,None,None,None,None,None,None,None,None,None,None,None,None,None,None,None,None,None,None,None,None,None,None,None,Second Lower,Accepted with substantial relevant work experience in the air transport industry.,None,None,None,None,None,None,None,None,None,None,None,None,None,None,None,None,None,None,None,None,None,6.5,6.0,None,None,None,None,Accepted,None,None,None,None,https://www.westminster.ac.uk/transport-and-logistics-courses/2025-26/september/full-time/air-transport-planning-and-management-msc,westminister.xlsx
University of Westminster,"Marylebone, Central London",https://www.westminster.ac.uk/courses/marketing-management-ma-msc,marketing-management,Master's,None,None,"UCAS Relevant Qualification: ""A minimum of a lower second class honours degree (2:2). Relevant degree disciplines include business studies, economics, geography, management, and operation research. However, students with qualifications in other disciplines, such as engineering, environmental sciences, the humanities and languages, are also encouraged to apply.""",None,None,None,None,None,None,None,None,None,None,None,None,None,None,None,None,None,None,None,None,None,None,None,Second Lower,Accepted,None,None,None,None,None,None,None,None,None,None,None,None,None,None,None,None,None,None,None,None,None,6.5,6.0,None,None,None,None,None,None,None,None,Additional Requirements: None,https://www.westminster.ac.uk/business-and-management-marketing-courses/2025-26/january/full-time/marketing-management-ma-msc,westminister.xlsx
University of Westminster,"London, UK",https://www.westminster.ac.uk/media-campaigning-and-social-change-ma,media-campaigning-and-social-change,Master's,None,None,A minimum of an upper second class honours degree (2:1) or a lower second class honours degree (2:2) and substantial relevant work experience.,None,None,None,None,None,None,None,None,None,None,None,None,None,None,None,None,None,None,None,None,None,None,None,Second Upper,Substantial relevant work experience,None,None,None,None,None,None,None,None,None,None,None,None,None,None,None,None,None,None,None,None,None,6.5,5.5,None,None,None,None,Accepted,Accepted,None,None,None,https://www.westminster.ac.uk/media-and-communication-courses/2025-26/september/full-time/media-campaigning-and-social-change-ma,westminister.xlsx
University of Westminster,Central London,https://www.westminster.ac.uk/courses/international-relations-ma,international-relations-ma,Master's,None,None,UCAS Relevant Qualification: A minimum of a lower second class honours degree (2:2) in a related discipline in social sciences or humanities.,None,None,None,None,None,None,None,None,None,None,None,None,None,None,None,None,None,None,None,None,None,None,None,Second Lower,None,None,None,None,None,None,None,None,None,None,None,None,None,None,None,None,None,None,None,None,None,None,6.5,6.0,None,None,None,None,Accepted,Accepted,None,None,Additional Requirements: None,https://www.westminster.ac.uk/politics-and-international-relations-courses/2025-26/january/part-time-day/international-relations-ma,westminister.xlsx
University of Westminster,Central London,https://www.westminster.ac.uk/courses/international-communication-liaison-and-advocacy-ma,international-communication-liaison-and-advocacy-ma,Master's,None,None,UCAS Relevant Qualification: A minimum of a lower second class honours degree (2:2).,None,None,None,None,None,None,None,None,None,None,None,None,None,None,None,None,None,None,None,None,None,None,None,Second Lower,None,None,None,None,None,None,None,None,None,None,None,None,None,None,None,None,None,None,None,None,None,None,6.5,6.0,None,None,None,None,None,None,None,None,Additional Requirements: None,https://www.westminster.ac.uk/languages-courses/2025-26/january/full-time/international-communication-liaison-and-advocacy-ma,westminister.xlsx
University of Westminster,Central London,https://www.westminster.ac.uk,chinese-and-international-relations,Bachelor's,104 UCAS Tariff points,//www.ucas.com,"A Levels, T Levels, International Baccalaureate, BTEC Extended Diploma, BTEC Diploma, Access to Higher Education Diploma",BCC,None,None,None,None,None,DMM,None,DMM,None,None,None,None,None,None,None,"GCSE English Language grade 4/C, GCSE Maths grade 4/C","English Language, Maths",4/C,None,None,None,None,None,None,None,None,None,None,None,None,None,None,None,None,None,None,None,None,None,None,None,None,None,None,None,6.0,5.5,None,None,None,None,None,None,None,None,None,https://www.westminster.ac.uk/languages-politics-and-international-relations-courses/2025-26/september/part-time-day/chinese-and-international-relations-ba-honours,westminister.xlsx
University of Westminster,Central London,https://www.westminster.ac.uk,tourism-management,Master's,None,None,"A minimum or an upper second class honours degree (2:1) or a lower second class honours degree (2:2) and an essay. Exceptionally an applicant without these formal qualifications, but with considerable work experience in the tourism or related industries, may be accepted at the discretion of the Course Leader.",None,None,None,None,None,None,None,None,None,None,None,None,None,None,None,None,None,None,None,None,None,None,None,Second Lower,Accepted,None,None,None,None,None,None,None,None,None,None,None,None,None,None,None,None,None,None,None,None,None,6.5,6.0,None,None,None,None,Accepted,Accepted,None,None,None,https://www.westminster.ac.uk/tourism-and-events-management-courses/2025-26/september/part-time-day/tourism-management-ma,westminister.xlsx
University of Westminster,"Marylebone, Central London",https://www.westminster.ac.uk/courses/human-resource-management-ma,human-resource-management,Master's,None,None,"UCAS Relevant Qualification: ""A minimum of a lower second class honours degree (2:2). Relevant degree disciplines include business studies, economics, geography, management, and operations research. However, students with qualifications in other disciplines, such as engineering, environmental sciences, the humanities and languages, are also encouraged to apply. Alternative professional qualifications with at least three years of relevant professional experience will also be considered.""",None,None,None,None,None,None,None,None,None,None,None,None,None,None,None,None,None,None,None,None,None,None,None,Second Lower,None,None,None,None,None,None,None,None,None,None,None,None,None,None,None,None,None,None,None,None,None,None,6.5,6.0,None,None,None,None,None,None,None,None,Additional Requirements: None,https://www.westminster.ac.uk/business-and-management-courses/2025-26/september/part-time-evening-only/human-resource-management-ma,westminister.xlsx
University of Westminster,"Harrow, North-West London",https://www.westminster.ac.uk/courses/menswear-ma,menswear-ma,Master's,None,None,A minimum of an upper second class honours degree (2:1) or a lower second class honours degree (2:2) and substantial relevant work experience.,None,None,None,None,None,None,None,None,None,None,None,None,None,None,None,Required,None,None,None,None,None,None,None,None,Accepted,None,None,None,None,None,None,None,None,None,Accepted,None,None,None,None,None,None,None,None,None,None,Required,6.5,6.0,None,None,None,None,Accepted,None,None,None,"Recognition of prior learning and experience: ""If you have previously studied at university level, or have equivalent work experience, academic credit may be awarded towards your course at Westminster.""",https://www.westminster.ac.uk/fashion-courses/2025-26/september/full-time/menswear-with-professional-experience-mfa,westminister.xlsx
University of Westminster,Central London,https://www.westminster.ac.uk/courses/chinese-and-linguistics-ba,chinese-and-linguistics-ba,Bachelor's,104 UCAS Tariff points,//www.ucas.com,"A Levels, T Levels, International Baccalaureate, BTEC Extended Diploma, BTEC Diploma, Access to Higher Education Diploma",BCC,None,None,None,None,None,DMM,None,None,None,None,None,None,None,None,None,"GCSE English Language grade 4/C, GCSE Maths grade 4/C","English Language, Maths",4/C,None,None,None,None,None,None,None,None,None,None,None,None,None,None,None,None,None,None,None,None,None,None,None,None,None,None,None,6.0,5.5,None,None,None,None,None,None,None,None,None,https://www.westminster.ac.uk/languages-courses/2025-26/september/full-time/chinese-and-linguistics-ba-honours,westminister.xlsx
University of Westminster,Central London,https://www.westminster.ac.uk,creative-computing-bsc-hons,Bachelor's,64 UCAS Tariff points,//www.ucas.com,"A Levels, T Levels, International Baccalaureate, BTEC Extended Diploma, BTEC Diploma, Access to Higher Education Diploma",DDE,None,None,None,None,None,MPP,None,None,None,None,None,None,None,None,None,"GCSE English Language grade 4/C, GCSE Maths grade 4/C","English, Maths",4,None,None,None,None,None,None,None,None,None,None,None,None,None,None,None,None,None,None,None,None,None,None,None,None,None,None,None,5.5,5.5,None,None,None,None,None,None,None,None,None,https://www.westminster.ac.uk/computer-science-and-engineering-courses/2025-26/september/full-time/creative-computing-with-foundation-bsc-honours,westminister.xlsx
University of Westminster,Central London,https://www.westminster.ac.uk/courses/global-challenges-ba-hons,global-challenges,Bachelor's,104 UCAS Tariff points,//www.ucas.com,"A levels, T levels, International Baccalaureate, BTEC Extended Diploma, BTEC Diploma, Access to Higher Education Diploma",BCC,None,None,None,None,None,DMM,None,DMM,None,None,None,None,None,None,None,"GCSE English Language grade 4/C, GCSE Maths grade 4/C","English Language, Maths",4/C,None,None,None,None,None,None,None,None,None,None,None,None,None,None,None,None,None,None,None,None,None,None,None,None,None,None,None,6.0,5.5,None,None,None,None,None,None,None,None,None,https://www.westminster.ac.uk/politics-and-international-relations-courses/2025-26/september/full-time/global-challenges-ba-honours,westminister.xlsx
University of Westminster,"Marylebone, Central London",https://www.westminster.ac.uk,architecture-and-environmental-design,Bachelor's,None,None,"A minimum of a lower second class honours degree (2:2) in architecture or a related subject within the context of the construction industry and built environment disciplines. Applicants with qualifications in other subject areas which may be relevant to the award are encouraged to apply, each case being considered on merit.",None,None,None,None,None,None,None,None,None,None,None,None,None,None,None,Required,None,None,None,None,None,None,None,None,None,None,None,None,None,None,None,None,None,None,None,None,None,None,None,None,None,None,None,None,None,None,6.5,6.0,None,None,None,None,None,None,None,None,None,https://www.westminster.ac.uk/architecture-interiors-and-urban-design-courses/2025-26/september/part-time-day/energy-and-environmental-design-postgraduate-certificate,westminister.xlsx
University of Westminster,Central London,https://www.westminster.ac.uk/courses/history-ba-hons,history-ba-hons,Bachelor's,56 UCAS Tariff points,//www.ucas.com,"A levels, T levels, International Baccalaureate, BTEC Extended Diploma, BTEC Diploma, Access to Higher Education Diploma",DEE,None,None,None,None,None,"MPP for BTEC Extended Diploma, MM for BTEC Diploma",None,MPP,None,None,None,None,None,None,None,"GCSE English Language grade 4/C, GCSE Maths grade 4/C","English Language, Maths",4/C,None,None,None,None,None,None,None,None,None,None,None,None,None,None,None,None,None,None,None,None,None,None,None,None,None,None,None,6.0,5.5,None,None,None,None,None,None,None,None,None,https://www.westminster.ac.uk/history-courses/2025-26/september/full-time/history-with-foundation-ba-honours,westminister.xlsx
University of Westminster,"Harrow, North-West London",https://www.westminster.ac.uk/courses/interactive-media-practice-ma,interactive-media-practice,Master's,None,None,A minimum of an upper second class honours degree (2:1) or a lower second class honours degree (2:2) in a relevant degree or with relevant experience.,None,None,None,None,None,None,None,None,None,None,None,None,None,None,None,None,None,None,None,None,None,None,None,Second Upper,None,None,None,None,None,None,None,None,None,None,None,None,None,None,None,None,None,None,None,None,None,None,6.5,5.5,None,None,None,None,Accepted,Accepted,None,None,None,https://www.westminster.ac.uk/art-design-and-visual-culture-computer-science-and-engineering-media-and-communication-courses/2025-26/september/part-time-day/interactive-media-practice-ma,westminister.xlsx
University of Westminster,Central London,https://www.westminster.ac.uk/courses/specialised-translation-ma,specialised-translation,Master's,None,None,UCAS Relevant Qualification: A minimum of a lower second class honours degree (2:2). Linguists without a degree but with sufficient experience in a relevant area will also be considered.,None,None,None,None,None,None,None,None,None,None,None,None,None,None,None,None,None,None,None,None,None,None,None,Second Lower,None,None,None,None,None,None,None,None,None,None,None,None,None,None,None,None,None,None,None,None,None,None,6.5,7.0,None,None,None,None,Accepted,Accepted,None,None,Additional Requirements: None,https://www.westminster.ac.uk/languages-courses/2025-26/september/full-time/specialised-translation-ma,westminister.xlsx
University of Westminster,Central London,https://www.westminster.ac.uk/courses/english-language-and-literature-ma,english-language-and-literature-ma,Master's,None,None,"UCAS Relevant Qualification: A minimum of a lower second class honours degree (2:2) in a relevant subject (eg English language, English literature or TESOL).",Required,None,None,None,None,None,None,None,None,None,None,None,None,None,None,None,None,None,None,None,None,None,None,Second Lower,None,None,None,None,None,None,None,None,None,None,None,None,None,None,None,None,None,None,None,None,None,None,6.5,6.0,None,None,None,None,Accepted,None,None,None,"Additional Requirements: Applicants may be required to attend an interview (either face to face or via Skype). Applicants are required to submit one academic or professional reference. Recognition of prior learning and experience: If you have previously studied at university level, or have equivalent work experience, academic credit may be awarded towards your course at Westminster.",https://www.westminster.ac.uk/english-and-creative-writing-courses/2025-26/september/full-time/english-language-and-literature-ma,westminister.xlsx
University of Westminster,Central London,https://www.westminster.ac.uk,data-science-and-analytics,Master's,None,None,"UCAS Relevant Qualification: A minimum of a lower second class honours degree (2:2) in a scientific or engineering discipline with some exposure to the use of IT, or in an area of computer science or IT with a strong interest in quantitative analysis.",Required,None,None,None,None,None,None,None,None,None,None,None,None,None,None,None,None,None,None,None,None,None,None,Second Lower,Accepted,None,None,None,None,None,None,None,None,None,None,None,None,None,None,None,None,None,None,None,None,None,6.5,6.0,None,Accepted with a grade of A,None,None,Accepted,Accepted,None,None,Additional Requirements: None,https://www.westminster.ac.uk/computer-science-and-engineering-data-science-and-informatics-courses/2025-26/september/part-time-day/data-science-and-analytics-msc,westminister.xlsx
University of Westminster,Central London,https://www.westminster.ac.uk/teaching-english-to-speakers-of-other-languages,teaching-english-to-speakers-of-other-languages,Master's,None,None,UCAS Relevant Qualification: A minimum of a lower second class honours degree (2:2).,None,None,None,None,None,None,None,None,None,None,None,None,None,None,None,None,None,None,None,None,None,None,None,Second Lower,None,None,None,None,None,None,None,None,None,None,None,None,None,None,None,None,None,None,None,None,None,None,6.5,6.0,None,None,None,None,Accepted,Accepted,None,None,Additional Requirements: None,https://www.westminster.ac.uk/english-and-creative-writing-courses/2025-26/january/full-time/teaching-english-to-speakers-of-other-languages-tesol-ma,westminister.xlsx
University of Westminster,Central London,https://www.westminster.ac.uk,corporate-finance-law-llm,Master's,None,None,UCAS Relevant Qualification: A minimum of a lower second class honours degree (2:2) in Law or a related discipline. Applicants without the standard qualifications but with significant professional or managerial experience in a relevant field will be considered.,None,None,None,None,None,None,None,None,None,None,None,None,None,None,None,None,None,None,None,None,None,None,None,A minimum of a lower second class honours degree (2:2) in Law or a related discipline.,Accepted,None,None,None,None,None,None,None,None,None,None,None,None,None,None,None,None,None,None,None,None,None,6.5,6.0,None,None,None,None,None,None,None,None,"Recognition of prior learning and experience: If you have previously studied at university level, or have equivalent work experience, academic credit may be awarded towards your course at Westminster.",https://www.westminster.ac.uk/law-courses/2025-26/january/full-time/corporate-finance-law-llm,westminister.xlsx
University of Westminster,Central London,https://www.westminster.ac.uk/courses/arabic-and-international-business-ba,arabic-and-international-business-ba,Bachelor's,104,https://www.ucas.com,"UCAS Relevant Qualification: ""A levels – BCC, T levels – 104 UCAS Tariff points, International Baccalaureate – 104 UCAS Tariff points from all components of the Diploma Programme, BTEC Extended Diploma – DMM, BTEC Diploma – D*D, Access – 104 UCAS Tariff points from the Access course""",BCC,None,None,None,None,None,DMM,None,None,None,None,None,None,None,None,None,Grade 4/C in English Language and Grade 4 in Maths,"English Language, Maths",4/C,None,None,None,None,None,None,None,None,CACHE Technical Level 3 Requirement: None,None,None,None,None,None,None,None,None,None,None,None,None,None,None,None,None,None,None,6.0,5.5,None,None,None,None,None,None,None,None,Additional Requirements: None,https://www.westminster.ac.uk/business-and-management-languages-courses/2025-26/september/full-time/arabic-and-international-business-ba-honours,westminister.xlsx
University of Westminster,Central London,https://www.westminster.ac.uk/courses/international-relations-ba-honours,international-relations-ba-honours,Bachelor's,64 UCAS Tariff points,//www.ucas.com,"A Levels, T Levels, International Baccalaureate, BTEC Extended Diploma, BTEC Diploma, Access to Higher Education Diploma",DDE,None,None,None,None,None,MPP,None,None,None,None,None,None,None,None,None,"GCSE English Language grade 4/C, GCSE Maths grade 4/C","English, Maths",4,None,None,None,None,None,None,None,None,None,None,None,None,None,None,None,None,None,None,None,None,None,None,None,Accepted,None,None,None,6.0,5.5,None,None,None,None,None,None,None,None,None,https://www.westminster.ac.uk/politics-and-international-relations-courses/2025-26/september/full-time/international-relations-with-foundation-ba-honours,westminister.xlsx
University of Westminster,Central London,https://www.westminster.ac.uk/courses/history-ba-hons,history,Bachelor's,104 UCAS Tariff points,//www.ucas.com,"A levels, T levels, International Baccalaureate, BTEC Extended Diploma, BTEC Diploma, Access to Higher Education Diploma",BCC,None,None,None,None,None,DMM,None,None,None,None,None,None,None,None,None,"GCSE English Language grade 4/C, GCSE Maths grade 4/C","English Language, Maths",4/C,None,None,None,None,None,None,None,None,None,None,None,None,None,None,None,None,None,None,None,None,None,None,None,None,None,None,None,6.0,5.5,None,None,None,None,None,None,None,None,None,https://www.westminster.ac.uk/history-courses/2025-26/september/full-time/history-ba-honours,westminister.xlsx
University of Westminster,"Marylebone, Central London",https://www.westminster.ac.uk/courses/finance-and-accounting-msc,finance-and-accounting-msc,Master's,None,None,"UCAS Relevant Qualification: ""A minimum of a lower second class honours degree (2:2). Relevant degree disciplines include business studies, economics, geography, management, and operations research. However, students with qualifications in other disciplines such as engineering, environmental sciences, the humanities and languages are also encouraged to apply. Alternative professional qualifications, with at least three years' relevant professional experience, will also be considered.""",None,None,None,None,None,None,None,None,None,None,None,None,None,None,None,None,None,None,None,None,None,None,None,Second Lower,None,None,None,None,None,None,None,None,None,None,None,None,None,None,None,None,None,None,None,None,None,None,6.5,6.0,None,None,None,None,None,None,None,None,Additional Requirements: None,https://www.westminster.ac.uk/accounting-and-finance-courses/2025-26/september/full-time/finance-and-accounting-msc,westminister.xlsx
University of Westminster,Central London,https://www.westminster.ac.uk/courses/international-law-llm,international-law-llm,Master's,None,None,"A minimum of a lower second class honours degree (2:2) in related disciplines that include law, social sciences, and international relations.",None,None,None,None,None,None,None,None,None,None,None,None,None,None,None,None,None,None,None,None,None,None,None,"Second Lower (Honours, 2:2)",Accepted,None,None,None,None,None,None,None,None,None,None,None,None,None,None,None,Accepted,Required,None,None,None,None,6.5,6.0,None,None,None,None,Accepted,Accepted,None,None,Applicants are required to submit one academic reference.,https://www.westminster.ac.uk/law-courses/2025-26/september/full-time/international-law-llm,westminister.xlsx
University of Westminster,"Harrow, North-West London",https://www.westminster.ac.uk/courses/global-media-ma,global-media-ma,Master's,None,None,A minimum of an upper second class honours degree (2:1) or a lower second class honours degree (2:2) in a humanities or social sciences discipline and/or have relevant professional experience.,None,None,None,None,None,None,None,None,None,None,None,None,None,None,None,None,None,None,None,None,None,None,None,None,None,None,None,None,None,None,None,None,None,None,None,None,None,None,None,None,None,None,None,None,None,None,6.5,5.5,None,None,None,None,None,None,None,None,Applicants are required to submit one academic reference.,https://www.westminster.ac.uk/media-and-communication-courses/2025-26/september/full-time/global-media-ma,westminister.xlsx
University of Westminster,"Harrow, North-West London",https://www.westminster.ac.uk/courses/fashion-manufacturing-ma,fashion-manufacturing-ma,Master's,None,None,UCAS Relevant Qualification: A minimum of a lower second class honours degree (2:2) or a lower second class honours degree (2:2) and more than 2 years experience compulsory.,Required,None,None,None,None,None,None,None,None,None,None,None,None,None,None,None,None,None,None,None,None,None,None,Second Lower,Accepted,None,None,None,None,None,None,None,None,None,None,None,None,None,None,None,None,None,None,None,None,None,6.5,6.0,None,None,None,None,Accepted,Accepted,None,None,Additional Requirements: CV required with application; non-standard applicants may be considered with extensive work experience in the fashion industry.,https://www.westminster.ac.uk/fashion-courses/2025-26/september/full-time/fashion-manufacturing-ma,westminister.xlsx
University of Westminster,"Harrow, North-West London",https://www.westminster.ac.uk/media-and-development-ma,media-and-development-ma,Master's,None,None,A minimum of a lower second class honours degree (2:2). Applicants who do not meet the normal entry requirements can be considered with lower qualifications if they have significant work experience.,None,None,None,None,None,None,None,None,None,None,None,None,None,None,None,None,None,None,None,None,None,None,None,Second Lower,Accepted,None,None,None,None,None,None,None,None,None,None,None,None,None,None,None,None,None,None,None,None,None,6.5,5.5,None,None,None,None,Accepted,Accepted,None,None,None,https://www.westminster.ac.uk/media-and-communication-courses/2025-26/september/full-time/media-and-development-ma,westminister.xlsx
University of Westminster,"Marylebone, Central London",https://www.westminster.ac.uk,management-ma,Master's,None,None,UCAS Relevant Qualification: A minimum of a lower second class honours degree (2:2).,None,None,None,None,None,None,None,None,None,None,None,None,None,None,None,None,None,None,None,None,None,None,None,Second Lower,Considered with at least three to five years' relevant professional experience.,None,None,None,None,None,None,None,None,None,None,None,None,None,None,None,None,None,None,None,None,None,6.5,6.0,None,None,None,None,None,None,None,None,Additional Requirements: None,https://www.westminster.ac.uk/business-and-management-courses/2025-26/september/full-time/management-ma,westminister.xlsx
University of Westminster,Central London,https://www.westminster.ac.uk/courses/teaching-english-to-speakers-of-other-languages-ma,teaching-english-to-speakers-of-other-languages-ma,Master's,None,None,UCAS Relevant Qualification: None,None,None,None,None,None,None,None,None,None,None,None,None,None,None,None,None,None,None,None,None,None,None,None,Second Lower,None,None,None,None,None,None,None,None,None,None,None,None,None,None,None,None,None,None,None,None,None,None,6.5,6.0,None,None,None,None,Accepted,Accepted,None,None,Additional Requirements: None,https://www.westminster.ac.uk/english-and-creative-writing-courses/2025-26/september/open-distance-learning-part-time/teaching-english-to-speakers-of-other-languages-tesol-ma,westminister.xlsx
University of Westminster,"Marylebone, Central London",https://www.westminster.ac.uk/courses/sustainable-business-management-ba,sustainable-business-management-ba,Bachelor's,112 UCAS Tariff points,//www.ucas.com,"A levels, T levels, International Baccalaureate, BTEC Extended Diploma, BTEC Diploma, Access to Higher Education Diploma",BBC,None,None,None,None,None,DMM,None,DMM,None,None,None,None,None,None,None,"GCSE English Language grade 4/C, GCSE Maths grade 4/C","English Language, Maths",4/C,None,None,None,None,None,None,None,None,None,None,None,None,None,None,None,None,None,None,None,None,None,None,None,None,None,None,None,6.0,5.5,None,None,None,None,None,None,None,None,None,https://www.westminster.ac.uk/business-and-management-courses/2025-26/september/full-time/sustainable-business-management-ba-honours,westminister.xlsx
University of Westminster,Central London,https://www.westminster.ac.uk/courses/cyber-security-and-forensics-msc,cyber-security-and-forensics,Master's,None,None,UCAS Relevant Qualification: A minimum of a lower second class honours degree (2:2) in a computing-related discipline.,Required,None,None,None,None,None,None,None,None,None,None,None,None,None,None,None,None,None,None,None,None,None,None,Second Lower,None,None,None,None,None,None,None,None,None,None,None,None,None,None,None,"BCS, the Chartered Institute for IT",None,None,None,None,None,None,6.5,6.0,None,None,None,None,None,None,None,None,Additional Requirements: None,https://www.westminster.ac.uk/computer-science-and-engineering-courses/2025-26/january/part-time-day/cyber-security-and-forensics-msc,westminister.xlsx
University of Westminster,London,https://www.westminster.ac.uk/courses/creative-writing-writing-the-city-ma,creative-writing-writing-the-city-ma,Master's,None,None,UCAS Relevant Qualification: A minimum of a lower second class honours degree (2:2) in a humanities-based discipline. Candidates with different or no qualifications will also be considered based on their proven experience in the writing or creative industry (generally three years or more) and/or outstanding talent demonstrated in the portfolio.,None,None,None,None,None,None,None,None,None,None,None,None,None,None,None,None,None,None,None,None,None,None,None,Second Lower,Accepted,None,None,None,None,None,None,None,None,None,None,None,None,None,None,None,None,None,None,None,None,None,6.5,6.0,None,None,None,None,Accepted,Accepted,None,None,"Additional Requirements: Portfolio of creative writing (maximum of 10,000 words) required; Selected candidates will be invited for an interview.",https://www.westminster.ac.uk/english-and-creative-writing-courses/2025-26/january/part-time-day/creative-writing-writing-the-city-ma,westminister.xlsx
University of Westminster,Central London,https://www.westminster.ac.uk/courses/biomedical-science-msc,biomedical-science-msc,Master's,None,None,A minimum of a lower second class honours degree (2:2) in biomedical sciences or a closely related discipline. Professional qualification of equivalent status and associated work experience or an equivalent qualification deemed suitable by the course team.,None,None,None,None,None,None,None,None,None,None,None,None,None,None,None,None,None,None,None,None,None,None,None,Second Lower,None,None,None,None,None,None,None,None,None,None,None,None,None,None,None,None,None,None,None,None,None,None,6.5,6.0,None,None,None,None,None,None,None,None,None,https://www.westminster.ac.uk/biological-and-biomedical-sciences-courses/2025-26/september/full-time/biomedical-science-msc,westminister.xlsx
University of Westminster,"Harrow, North-West London",https://www.westminster.ac.uk/courses/fashion-design-ba-hons,fashion-design-ba-hons,Bachelor's,128 UCAS Tariff points,https://www.ucas.com,"UCAS Relevant Qualification: ""International Baccalaureate, BTEC Extended Diploma, UAL Extended Diploma, Level 3 Foundation Diploma in Art and Design, Access to Higher Education Diploma""",None,None,None,None,None,None,DDM in Art & Design or arts related subject,None,DDM in Art & Design or arts related subject,None,None,None,None,None,6 in Visual Arts,Required,Grade 4/C in English Language,"English Language, Mathematics",4/C,None,None,None,None,None,None,None,None,CACHE Technical Level 3 Requirement: None,None,None,None,Merit,None,None,None,None,None,None,None,None,None,None,None,None,Required,Required,6.0,6.0,None,None,None,None,None,None,None,None,"Additional Requirements:
English Language: ""IELTS of 6.0 overall with 6.0 writing and speaking""
Portfolio Submission: ""Selected applicants will be invited to present a portfolio of their work.""",https://www.westminster.ac.uk/art-design-and-visual-culture-fashion-courses/2025-26/september/full-time/fashion-design-ba-honours,westminister.xlsx
University of Westminster,Central London,https://www.westminster.ac.uk/courses/art-and-visual-culture-ma,art-and-visual-culture,Master's,None,None,"A minimum of a lower second class honours degree (2:2) in a relevant discipline, including arts and humanities, fine arts and performing arts, as well as some social science subjects.",None,None,None,None,None,None,None,None,None,None,None,None,None,None,None,None,None,None,None,None,None,None,None,Second Lower,"Relevant work experience might also be taken into consideration, especially in the case of applicants who don't meet the standard entry criteria.",None,None,None,None,None,None,None,None,None,None,None,None,None,None,None,None,None,None,None,None,None,6.5,6.0,None,None,None,None,Accepted,Accepted,None,None,None,https://www.westminster.ac.uk/art-design-and-visual-culture-courses/2025-26/january/full-time/art-and-visual-culture-ma,westminister.xlsx
University of Westminster,"Marylebone, Central London",https://www.westminster.ac.uk/courses/architecture-ma,architecture-ma,Master's,None,None,"UCAS Relevant Qualification: ""A minimum of a lower second class honours degree (2:2) in architecture or a related art, design or built environment discipline.""",None,None,None,None,None,None,None,None,None,None,None,None,None,None,None,Required,None,None,None,None,None,None,None,None,None,None,None,CACHE Technical Level 3 Requirement: None,None,None,None,None,None,None,None,None,None,None,None,None,None,None,None,None,None,None,6.5,6.0,None,None,None,None,None,None,None,None,"Additional Requirements:
Written Statement: ""You are encouraged to provide an individual response reflecting your own particular skills and interests.""
Portfolio Guidance: ""The admissions process includes the submission of a design portfolio in electronic format to include a range of projects demonstrating spatial or design awareness using a wide range of creative and analytical skills.""
Recognition of Prior Learning: ""If you have previously studied at university level, or have equivalent work experience, academic credit may be awarded towards your course at Westminster.""",https://www.westminster.ac.uk/architecture-interiors-and-urban-design-courses/2025-26/september/part-time-day/architecture-ma,westminister.xlsx
University of Westminster,"Harrow, North-West London",https://www.westminster.ac.uk/courses/social-media-and-digital-communication-ma,social-media-and-digital-communication-ma,Master's,None,None,A minimum of a lower second class honours degree (2:2).,None,None,None,None,None,None,None,None,None,None,None,None,None,None,None,None,None,None,None,None,None,None,None,Second Lower,None,None,None,None,None,None,None,None,None,None,None,None,None,None,None,None,None,None,None,None,None,None,6.5,5.5,None,None,None,None,Accepted,Accepted,None,None,"Personal Statement must reflect your understanding of the course and how you will contribute to the group. If the Personal Statement is not relevant, applicants will be required to complete a short assignment. Applicants are required to submit one academic reference.",https://www.westminster.ac.uk/media-and-communication-courses/2025-26/september/part-time-day/social-media-and-digital-communication-ma,westminister.xlsx
University of Westminster,Central London,https://www.westminster.ac.uk/courses/international-law-llm,international-law-llm,Master's,None,None,"A minimum of a lower second class honours degree (2:2) in related disciplines that include law, social sciences, and international relations.",None,None,None,None,None,None,None,None,None,None,None,None,None,None,None,None,None,None,None,None,None,None,None,"Second Lower (Honours, 2:2)",Accepted,None,None,None,None,None,None,None,None,None,None,None,None,None,None,None,None,None,None,None,None,None,6.5,6.0,None,None,None,None,None,None,None,None,"Recognition of prior learning and experience: If you have previously studied at university level, or have equivalent work experience, academic credit may be awarded towards your course at Westminster.",https://www.westminster.ac.uk/law-courses/2025-26/january/part-time-day/international-law-llm,westminister.xlsx
University of Westminster,Central London,https://www.westminster.ac.uk/courses/culture-environment-and-social-change-ba-hons,culture-environment-and-social-change,Bachelor's,104 UCAS Tariff points,//www.ucas.com,"A levels, T levels, International Baccalaureate, BTEC Extended Diploma, BTEC Diploma, Access to Higher Education Diploma",BCC,None,None,None,None,None,DMM,None,DMM,None,None,None,None,None,None,None,"GCSE English Language grade 4/C, GCSE Maths grade 4/C","English Language, Maths",4/C,104 UCAS Tariff points,None,None,None,None,None,None,None,None,None,None,None,None,None,None,None,None,None,None,None,None,None,None,Accepted,None,None,None,6.0,5.5,None,None,None,None,None,None,None,None,None,https://www.westminster.ac.uk/criminology-and-sociology-english-and-creative-writing-politics-and-international-relations-courses/2025-26/september/part-time-day/culture-environment-and-social-change-ba-honours,westminister.xlsx
University of Westminster,"Harrow, North-West London",https://www.westminster.ac.uk/courses/audio-production-ma,audio-production-ma,Master's,None,None,A minimum of a lower second class honours degree (2:2) or lower with substantial experience. Applicants who do not meet the normal entry requirement who have a strong portfolio and professional industry experience can be considered.,None,None,None,None,None,None,None,None,None,None,None,None,None,None,None,None,None,None,None,None,None,None,None,Second Lower,None,None,None,None,None,None,None,None,None,None,None,None,None,None,None,None,None,None,None,None,None,None,6.5,6.0,None,None,None,None,Accepted,Accepted,None,None,None,https://www.westminster.ac.uk/music-courses/2025-26/september/part-time-day/audio-production-ma,westminister.xlsx
University of Westminster,Central London,https://www.westminster.ac.uk,sociology-and-criminology,Bachelor's,104 UCAS Tariff points,//www.ucas.com,"A levels, T levels, International Baccalaureate, BTEC Extended Diploma, BTEC Diploma, Access to Higher Education Diploma",BCC,None,None,None,None,None,DMM,None,DMM,None,None,None,None,None,None,None,"GCSE English Language grade 4/C, GCSE Maths grade 4/C","English Language, Maths",4/C,None,None,None,None,None,None,None,None,None,None,None,None,None,None,None,None,None,None,None,None,None,None,None,None,None,None,None,6.0,5.5,None,None,None,None,None,None,None,None,None,https://www.westminster.ac.uk/criminology-and-sociology-courses/2025-26/september/full-time/sociology-and-criminology-ba-honours,westminister.xlsx
University of Westminster,Central London,https://www.westminster.ac.uk,english-language-and-linguistics,Bachelor's,104 UCAS Tariff points,//www.ucas.com,"A Levels– BCC, T levels– 104 UCAS Tariff points, International Baccalaureate– 104 UCAS Tariff points from all components of the Diploma Programme, BTEC Extended Diploma– DMM, BTEC Diploma– D*D, Access– 104 UCAS Tariff points from the Access course",BCC,None,None,None,None,None,DMM,Pass (96 UCAS points),DMM,None,None,None,None,None,None,None,"GCSE English Language grade 4/C, GCSE Maths grade 4/C","English Language, Maths",4/C,None,None,None,None,None,None,None,None,None,None,None,None,None,None,None,None,None,None,None,None,None,None,None,None,None,None,None,6.0,5.5,None,None,None,None,None,None,None,None,International Baccalaureate Career-related Programme will be considered on a case-by-case basis.,https://www.westminster.ac.uk/english-and-creative-writing-courses/2025-26/september/full-time/english-language-and-linguistics-ba-honours,westminister.xlsx
University of Westminster,Central London,https://www.westminster.ac.uk,politics-and-international-relations-ba-honours,Bachelor's,56 UCAS Tariff points,//www.ucas.com,"A Levels, T Levels, International Baccalaureate, BTEC Extended Diploma, BTEC Diploma, Access to Higher Education Diploma",DEE,None,None,None,None,None,MPP,None,None,None,None,None,None,None,None,None,"GCSE English Language grade 4/C, GCSE Maths grade 4/C","English Language, Maths",4/C,None,None,None,None,None,None,None,None,None,None,None,None,None,None,None,None,None,None,None,None,None,None,None,Accepted,None,None,None,6.0,5.5,None,None,None,None,Accepted,Accepted,None,None,None,https://www.westminster.ac.uk/politics-and-international-relations-courses/2025-26/september/full-time/politics-and-international-relations-with-foundation-ba-honours,westminister.xlsx
University of Westminster,"London, UK",https://www.westminster.ac.uk,masters-program,Master's,None,None,UCAS Relevant Qualification: None,None,None,None,None,None,None,None,None,None,None,None,None,None,None,None,None,None,None,None,None,None,None,None,None,None,None,None,None,None,None,None,None,None,None,None,None,None,None,None,None,None,None,None,None,None,None,None,None,None,None,None,None,None,None,None,None,Additional Requirements: None,https://www.westminster.ac.uk/marketing-courses/2025-26/september/full-time/data-and-marketing-analytics-msc,westminister.xlsx
University of Westminster,"Marylebone, Central London",https://www.westminster.ac.uk/courses/architecture-and-environmental-design-msc,architecture-and-environmental-design-msc,Master's,None,None,"UCAS Relevant Qualification: ""A minimum of an lower second class honours degree (2:2) with a good portfolio in architecture or a related subject within the context of the construction industry and built environment disciplines.""",None,None,None,None,None,None,None,None,None,None,None,None,None,None,None,Required,None,None,None,None,None,None,None,None,None,None,None,CACHE Technical Level 3 Requirement: None,None,None,None,None,None,None,None,None,None,None,None,None,None,None,None,None,None,None,6.5,6.0,None,None,None,None,None,None,None,None,"Entry Requirements: ""A minimum of an lower second class honours degree (2:2) with a good portfolio in architecture or a related subject within the context of the construction industry and built environment disciplines. Applicants with qualifications in other subject areas which may be relevant to the award are encouraged to apply, each case being considered on merit. You will need a portfolio of work, or a comprehensive written account of relevant experience, and a personal statement which clearly articulates why you wish to study for the award. If your first language is not English, you should have an IELTS 6.5 with at least 6.5 in writing and no element below 6.0. Applicants are required to submit one academic reference.""",https://www.westminster.ac.uk/architecture-interiors-and-urban-design-courses/2025-26/september/full-time/architecture-and-environmental-design-msc,westminister.xlsx
University of Westminster,Central London,https://www.westminster.ac.uk/courses/international-law-llm,international-law-llm,Master's,None,None,"A minimum of a lower second class honours degree (2:2) in related disciplines that include law, social sciences, and international relations.",None,None,None,None,None,None,None,None,None,None,None,None,None,None,None,None,None,None,None,None,None,None,None,"Second Lower (Honours, 2:2)",Accepted,None,None,None,None,None,None,None,None,None,None,None,None,None,None,None,Accepted,Required,None,None,None,None,6.5,6.0,None,None,None,None,Accepted,Accepted,None,None,Applicants are required to submit one academic reference.,https://www.westminster.ac.uk/law-courses/2025-26/september/part-time-day/international-law-llm,westminister.xlsx
University of Westminster,Central London,https://www.westminster.ac.uk/courses/chinese-and-international-business-ba-hons,chinese-and-international-business,Bachelor's,104,https://www.ucas.com,"UCAS Relevant Qualification: ""A Levels – BCC, T levels – 104 UCAS Tariff points, International Baccalaureate – 104 UCAS Tariff points from all components of the Diploma Programme, BTEC Extended Diploma – DMM, BTEC Diploma – D*D, Access – 104 UCAS Tariff points from the Access course""",BCC,None,None,None,None,None,DMM,None,None,None,None,None,None,None,None,None,"English Language grade 4/C, Maths grade 4/C","English Language, Maths",4,None,None,None,None,None,None,None,None,CACHE Technical Level 3 Requirement: None,None,None,None,None,None,None,None,None,None,None,None,None,None,None,None,None,None,None,6.0,5.5,None,None,None,None,None,None,None,None,Additional Requirements: None,https://www.westminster.ac.uk/business-and-management-languages-courses/2025-26/september/full-time/chinese-and-international-business-ba-honours,westminister.xlsx
University of Westminster,Central London,https://www.westminster.ac.uk,english-language-and-literature-ma,Master's,None,None,"UCAS Relevant Qualification: A minimum of a lower second class honours degree (2:2) in a relevant subject (e.g. English language, English literature or TESOL).",Required,None,None,None,None,None,None,None,None,None,None,None,None,None,None,None,None,None,None,None,None,None,None,Second Lower,None,None,None,None,None,None,None,None,None,None,None,None,None,None,None,None,None,None,None,None,None,None,6.5,6.0,None,None,None,None,None,None,None,None,Additional Requirements: None,https://www.westminster.ac.uk/english-and-creative-writing-courses/2025-26/january/part-time-day/english-language-and-literature-ma,westminister.xlsx
University of Westminster,Central London,https://www.westminster.ac.uk/courses/international-relations-and-democratic-politics-ma,international-relations-and-democratic-politics-ma,Master's,None,None,A minimum of a lower second class honours degree (2:2) in a related discipline in social sciences or humanities.,None,None,None,None,None,None,None,None,None,None,None,None,None,None,None,None,None,None,None,None,None,None,None,Second Lower,None,None,None,None,None,None,None,None,None,None,None,None,None,None,None,None,None,None,None,None,None,None,6.5,6.0,None,None,None,None,Accepted,Accepted,None,None,None,https://www.westminster.ac.uk/politics-and-international-relations-courses/2025-26/january/part-time-day/international-relations-and-democratic-politics-ma,westminister.xlsx
University of Westminster,Central London,https://www.westminster.ac.uk,software-engineering,BEng,96,https://www.ucas.com,"UCAS Relevant Qualification: ""A levels– CCC, T levels– 96 UCAS Tariff points, International Baccalaureate– 96 UCAS Tariff points from all components of the Diploma Programme, BTEC Extended Diploma– MMM, BTEC Diploma– DD, Access– 96 UCAS Tariff points from the Access course""",CCC,None,None,None,None,None,None,None,None,None,None,None,None,None,None,None,grade 4/C,"English Language, Maths",4,None,None,None,None,None,None,None,None,None,None,None,None,None,None,None,None,None,None,None,None,None,None,None,None,None,None,None,6.0,5.5,None,None,None,None,None,None,None,None,Additional Requirements: None,https://www.westminster.ac.uk/computer-science-and-engineering-courses/2025-26/september/full-time/software-engineering-beng-honours,westminister.xlsx
University of Westminster,"Harrow, North-West London",https://www.westminster.ac.uk/courses/media-management-ma,media-management-ma,Master's,None,None,UCAS Relevant Qualification: A minimum of an upper second class honours degree (2:1) or a lower second class honours degree (2:2) in a relevant discipline.,Required,None,None,None,None,None,None,None,None,None,None,None,None,None,None,None,None,None,None,None,None,None,None,Second Lower,None,None,None,None,None,None,None,None,None,None,None,None,None,None,None,None,None,None,None,None,None,None,6.5,5.5,None,None,None,None,None,None,None,None,Additional Requirements: Applicants may be required to submit a short written assignment. Applicants may also be asked to take part in a Skype interview. Applicants are required to submit one academic reference.,https://www.westminster.ac.uk/media-and-communication-courses/2025-26/september/part-time-day/media-management-ma,westminister.xlsx
University of Westminster,"Marylebone, Central London",https://www.westminster.ac.uk,architecture-and-environmental-design,Bachelor's,None,None,"UCAS Relevant Qualification: ""A minimum of an lower second class honours degree (2:2) with a good portfolio in architecture or a related subject within the context of the construction industry and built environment disciplines.""",None,None,None,None,None,None,None,None,None,None,None,None,None,None,None,Required,None,None,None,None,None,None,None,None,None,None,None,CACHE Technical Level 3 Requirement: None,None,None,None,None,None,None,None,None,None,None,None,None,None,None,None,None,None,None,6.5,6.0,None,None,None,None,None,None,None,None,"Entry Requirements: ""A minimum of an lower second class honours degree (2:2) with a good portfolio in architecture or a related subject within the context of the construction industry and built environment disciplines. Applicants with qualifications in other subject areas which may be relevant to the award are encouraged to apply, each case being considered on merit. You will need a portfolio of work, or a comprehensive written account of relevant experience, and a personal statement which clearly articulates why you wish to study for the award. Applicants are required to submit one academic reference.""",https://www.westminster.ac.uk/architecture-interiors-and-urban-design-courses/2025-26/september/part-time-day/architecture-and-environmental-design-msc,westminister.xlsx
University of Westminster,Central London,https://www.westminster.ac.uk/courses/law-and-technology-llm,law-and-technology-llm,Master's,None,None,"A minimum of a lower second class honours degree (2:2) in a related discipline including law, social science, international relations. Applicants without the standard qualifications but with significant professional experience in the relevant field or related professional qualifications may be considered.",None,None,None,None,None,None,None,None,None,None,None,None,None,None,None,None,None,None,None,None,None,None,None,None,None,None,None,None,None,None,None,None,None,None,None,None,None,None,None,None,None,None,None,None,None,None,6.5,6.0,None,None,None,None,None,None,None,None,"Entry Requirements: A minimum of a lower second class honours degree (2:2) in a related discipline including law, social science, international relations. Applicants without the standard qualifications but with significant professional experience in the relevant field or related professional qualifications may be considered.",https://www.westminster.ac.uk/law-courses/2025-26/september/full-time/law-and-technology-llm,westminister.xlsx
University of Westminster,"Marylebone, Central London",https://www.westminster.ac.uk,architecture-postgraduate-diploma-professional-practice,Postgraduate Diploma,None,None,RIBA Parts 1 and 2 from a recognised school of architecture or ARB assessment for RIBA Parts 1 and 2,None,None,None,None,None,None,None,None,None,None,None,None,None,None,None,None,None,None,None,None,None,None,None,None,None,None,None,None,None,None,None,None,None,None,None,None,None,None,None,None,None,None,None,None,None,None,6.5,6.5,None,None,None,None,None,None,None,None,None,https://www.westminster.ac.uk/architecture-interiors-and-urban-design-courses/2025-26/september/part-time-evening-only/architecture-postgraduate-diploma-professional-practice-riba-part-iii,westminister.xlsx
University of Westminster,"Harrow, North-West London",https://www.westminster.ac.uk/courses/illustration-ba-hons,illustration-ba-hons,Bachelor's,48 UCAS Tariff points,//www.ucas.com,"A Levels– DD (48 UCAS Tariff points), T levels– 48 UCAS Tariff points, International Baccalaureate– 48 UCAS Tariff points from all components of the Diploma Programme, BTEC Extended Diploma– PPP, BTEC Diploma– MP, Access– 48 UCAS Tariff points from the Access course",DD,None,None,None,None,None,PPP,PPP,PPP,None,None,None,None,None,None,Required,"GCSE English Language grade 4/C - IB grade 4 Higher level, GCSE Maths Pass - IB Pass","English Language, Maths",4/C,None,None,None,None,None,None,None,None,None,None,None,None,None,None,None,None,None,None,None,None,None,None,None,Accepted,None,None,None,6.0,5.5,None,None,None,None,Accepted,Accepted,None,None,"Portfolio guidance: Number of recommended portfolio pieces. We are very interested in your potential as a student, and in support of your application we ask you to prepare a visual portfolio of 10 (minimum) to 15 (maximum) images of art, design or media work to reflect your course of interest.",https://www.westminster.ac.uk/art-design-and-visual-culture-media-and-communication-courses/2025-26/september/full-time/illustration-with-foundation-ba-honours,westminister.xlsx
University of Westminster,Central London,https://www.westminster.ac.uk,international-relations-and-democratic-politics-ma,Master's,None,None,A minimum of a lower second class honours degree (2:2) in a related discipline in social sciences or humanities.,None,None,None,None,None,None,None,None,None,None,None,None,None,None,None,None,None,None,None,None,None,None,None,Second Lower,None,None,None,None,None,None,None,None,None,None,None,None,None,None,None,None,None,None,None,None,None,None,6.5,6.0,None,None,None,None,Accepted,Accepted,None,None,Applicants are required to submit one academic reference.,https://www.westminster.ac.uk/politics-and-international-relations-courses/2025-26/september/full-time/international-relations-and-democratic-politics-ma,westminister.xlsx
University of Westminster,Central London,https://www.westminster.ac.uk/courses/international-relations-and-security-ma,international-relations-and-security-ma,Master's,None,None,UCAS Relevant Qualification: A minimum of a lower second class honours degree (2:2) in a related discipline in social sciences or humanities.,None,None,None,None,None,None,None,None,None,None,None,None,None,None,None,None,None,None,None,None,None,None,None,Second Lower,None,None,None,None,None,None,None,None,None,None,None,None,None,None,None,None,None,None,None,None,None,None,6.5,6.0,None,None,None,None,Accepted,Accepted,None,None,Additional Requirements: None,https://www.westminster.ac.uk/politics-and-international-relations-courses/2025-26/september/full-time/international-relations-and-security-ma,westminister.xlsx
University of Westminster,London,https://www.westminster.ac.uk/courses/creative-writing-and-english-language-ba,creative-writing-and-english-language-ba,Bachelor's,104 UCAS Tariff points,//www.ucas.com,"A Levels, T Levels, International Baccalaureate, BTEC Extended Diploma, BTEC Diploma, Access to Higher Education Diploma",BCC,None,None,None,None,None,DMM,None,DMM,None,None,None,None,None,None,A portfolio of creative writing may be required in addition to these academic qualifications.,"GCSE English Language grade 4/C, GCSE Maths grade 4/C","English Language, Maths",4/C,104 UCAS Tariff points,None,None,None,None,None,None,None,None,None,None,None,None,None,None,None,None,None,None,None,None,None,None,None,None,None,None,6.0,5.5,None,None,None,None,None,None,None,None,None,https://www.westminster.ac.uk/english-and-creative-writing-courses/2025-26/september/full-time/creative-writing-and-english-language-ba-honours,westminister.xlsx
University of Westminster,Central London,https://www.westminster.ac.uk,artificial-intelligence-and-digital-health,Master's,None,None,"UCAS Relevant Qualification: ""A minimum of a lower second class honours degree (2:2) in Biomedical Sciences, Applied Biotechnology, Computer Science or a closely related discipline.""",None,None,None,None,None,None,None,None,None,None,None,None,None,None,None,None,None,None,None,None,None,None,None,Second Lower,None,None,None,None,None,None,None,None,None,None,None,None,None,None,None,None,None,None,None,None,None,None,6.5,6.0,None,None,None,None,Accepted,Accepted,None,None,Additional Requirements: None,https://www.westminster.ac.uk/biological-and-biomedical-sciences-data-science-and-informatics-courses/2025-26/september/part-time-day/artificial-intelligence-and-digital-health-msc,westminister.xlsx
University of Westminster,"Harrow, North-West London",https://www.westminster.ac.uk/courses/fine-art-mixed-media-ba-hons,fine-art-mixed-media,Bachelor's,48 UCAS Tariff points,//www.ucas.com,"A levels, T levels, International Baccalaureate, BTEC Extended Diploma, BTEC Diploma, Access to Higher Education Diploma",DD,None,None,None,None,None,PPP,None,None,None,None,None,None,None,None,Required,"GCSE English Language grade 4/C, GCSE Maths Pass","English Language, Maths",4/C,48 UCAS Tariff points,None,None,None,None,None,None,None,None,None,None,None,None,None,None,None,None,None,None,None,None,None,None,None,None,None,None,6.0,5.5,None,None,None,None,None,None,None,None,None,https://www.westminster.ac.uk/art-design-and-visual-culture-courses/2025-26/september/full-time/fine-art-mixed-media-with-foundation-ba-honours,westminister.xlsx
University of Westminster,"Marylebone, Central London",https://www.westminster.ac.uk/courses/mba,mba,Master's,None,None,A minimum of a lower second class honours degree (2:2) in any discipline.,None,None,None,None,None,None,None,None,None,None,None,None,None,None,None,None,None,None,None,None,None,None,None,None,None,None,None,None,None,None,None,None,None,None,None,None,None,None,None,None,None,None,None,None,None,We may also interview applicants either in person or online.,6.5,6.0,None,None,None,None,None,None,None,None,None,https://www.westminster.ac.uk/business-and-management-courses/2025-26/january/full-time/master-of-business-administration-mba,westminister.xlsx
University of Westminster,Central London,https://www.westminster.ac.uk/courses/international-relations-and-security-ma,international-relations-and-security-ma,Master's,None,None,A minimum of a lower second class honours degree (2:2) in a related discipline in social sciences or humanities.,None,None,None,None,None,None,None,None,None,None,None,None,None,None,None,None,None,None,None,None,None,None,None,Second Lower,None,None,None,None,None,None,None,None,None,None,None,None,None,None,None,None,None,None,None,None,None,None,6.5,6.0,None,None,None,None,Accepted,Accepted,None,None,Applicants are required to submit one academic reference.,https://www.westminster.ac.uk/politics-and-international-relations-courses/2025-26/january/part-time-day/international-relations-and-security-ma,westminister.xlsx
University of Westminster,Central London,https://www.westminster.ac.uk,software-engineering-conversion,Master's,None,None,A minimum of a lower second class honours degree (2:2).,None,None,None,None,None,None,None,None,None,None,None,None,None,None,None,None,None,None,None,None,None,None,None,Second Lower,None,None,None,None,None,None,None,None,None,None,None,None,None,None,None,None,None,None,None,None,None,None,6.5,6.0,None,None,None,None,Accepted,Accepted,None,None,"Recognition of prior learning and experience: ""If you have previously studied at university level, or have equivalent work experience, academic credit may be awarded towards your course at Westminster.""",https://www.westminster.ac.uk/computer-science-and-engineering-courses/2025-26/january/part-time-day/software-engineering-conversion-msc,westminister.xlsx
University of Westminster,"Marylebone, Central London",https://www.westminster.ac.uk,architecture-and-environmental-design,Bachelor's,None,None,"UCAS Relevant Qualification: ""A minimum of an upper second class honours degree (2:1) in architecture or a related subject within the context of the construction industry and built environment disciplines.""",None,None,None,None,None,None,None,None,None,None,None,None,None,None,None,Required,None,None,None,None,None,None,None,None,None,None,None,CACHE Technical Level 3 Requirement: None,None,None,None,None,None,None,None,None,None,None,None,None,None,None,None,None,None,None,6.5,6.5,None,None,None,None,None,None,None,None,Additional Requirements: None,https://www.westminster.ac.uk/architecture-interiors-and-urban-design-courses/2025-26/september/part-time-day/architecture-and-environmental-design-postgraduate-certificate,westminister.xlsx
University of Westminster,Central London,https://www.westminster.ac.uk/courses/english-literature-and-language-ba,english-literature-and-language-ba,Bachelor's,104 UCAS Tariff points,//www.ucas.com,"A levels, T levels, International Baccalaureate, BTEC Extended Diploma, BTEC Diploma, Access to Higher Education Diploma",BCC,None,None,None,None,None,DMM,None,DMM,None,None,None,None,None,None,None,"GCSE English Language grade 4/C, GCSE Maths grade 4/C","English Language, Maths",4,None,None,None,None,None,None,None,None,None,None,None,None,None,None,None,None,None,None,None,None,None,None,None,None,None,None,None,6.0,5.5,None,None,None,None,None,None,None,None,None,https://www.westminster.ac.uk/english-and-creative-writing-courses/2025-26/september/part-time-day/english-literature-and-language-ba-honours,westminister.xlsx
University of Westminster,Central London,https://www.westminster.ac.uk/courses/arabic-and-international-relations-ba-hons,arabic-and-international-relations,Bachelor's,104 UCAS Tariff points,//www.ucas.com,"A levels, T levels, International Baccalaureate, BTEC Extended Diploma, BTEC Diploma, Access to Higher Education Diploma",BCC,None,None,None,None,None,DMM,None,DMM,None,None,None,None,None,None,None,"GCSE English Language grade 4/C, GCSE Maths grade 4/C","English Language, Maths",4,None,None,None,None,None,None,None,None,None,None,None,None,None,None,None,None,None,None,None,None,None,None,None,None,None,None,None,6.0,5.5,None,None,None,None,None,None,None,None,None,https://www.westminster.ac.uk/languages-politics-and-international-relations-courses/2025-26/september/full-time/arabic-and-international-relations-ba-honours,westminister.xlsx
University of Westminster,"Harrow, North-West London",https://www.westminster.ac.uk/courses/multimedia-journalism-ma-broadcast,multimedia-journalism-broadcast,Master's,None,None,UCAS Relevant Qualification: A minimum of an upper second class honours degree (2:1).,None,None,None,None,None,None,None,None,None,None,None,None,None,None,None,None,None,None,None,None,None,None,None,Second Upper,Accepted,None,None,None,None,None,None,None,None,None,None,None,None,None,None,None,None,None,None,None,None,None,7.0,6.0,None,None,None,None,Accepted,Accepted,None,None,Additional Requirements: None,https://www.westminster.ac.uk/media-and-communication-courses/2025-26/september/part-time-day-evening/multimedia-journalism-broadcast-ma,westminister.xlsx
University of Westminster,"Harrow, North-West London",https://www.westminster.ac.uk/courses/communication-ma,communication-ma,Master's,None,None,A minimum of an upper second class honours degree (2:1) or a lower second class honours degree (2:2) in a humanities or social sciences discipline and/or have relevant professional experience.,None,None,None,None,None,None,None,None,None,None,None,None,None,None,None,None,None,None,None,None,None,None,None,Second Upper,None,None,None,None,None,None,None,None,None,None,None,None,None,None,None,None,None,None,None,None,None,None,6.5,5.5,None,None,None,None,Accepted,Accepted,None,None,None,https://www.westminster.ac.uk/media-and-communication-courses/2025-26/september/full-time/communication-ma,westminister.xlsx
University of Westminster,"Marylebone, Central London",https://www.westminster.ac.uk,construction-project-management,Master's,None,None,"UCAS Relevant Qualification: ""A minimum of a lower second class honours degree (2:2) in a related subject area and be in, or have been in, relevant employment in a professional or managerial capacity. Relevant degree disciplines include construction, architecture or civil engineering.""",None,None,None,None,None,None,None,None,None,None,None,None,None,None,None,None,None,None,None,None,None,None,None,Second Lower,Accepted,None,None,None,None,None,None,None,None,None,None,None,None,None,None,None,None,None,None,None,None,None,6.5,6.0,None,None,None,None,None,None,None,None,Additional Requirements: None,https://www.westminster.ac.uk/construction-surveying-and-real-estate-courses/2025-26/january/full-time/construction-project-management-msc,westminister.xlsx
University of Westminster,Central London,https://www.westminster.ac.uk/courses/international-relations-and-security-ma,international-relations-and-security-ma,Master's,None,None,A minimum of a lower second class honours degree (2:2) in a related discipline in social sciences or humanities.,None,None,None,None,None,None,None,None,None,None,None,None,None,None,None,None,None,None,None,None,None,None,None,Second Lower,None,None,None,None,None,None,None,None,None,None,None,None,None,None,None,None,None,None,None,None,None,None,6.5,6.0,None,None,None,None,Accepted,Accepted,None,None,None,https://www.westminster.ac.uk/politics-and-international-relations-courses/2025-26/september/part-time-day/international-relations-and-security-ma,westminister.xlsx
University of Westminster,"Marylebone, Central London",https://www.westminster.ac.uk/courses/accounting-and-finance-bsc-hons,accounting-and-finance-bsc-hons,Bachelor's,112 UCAS Tariff points,//www.ucas.com,"A levels, T levels, International Baccalaureate, BTEC Extended Diploma, BTEC Diploma, Access to Higher Education Diploma",BBC,None,None,None,None,None,DMM,None,None,None,None,None,None,None,None,None,"GCSE English Language grade 4/C, GCSE Maths grade 4/C","English Language, Maths",4/C,None,None,None,None,None,None,None,None,None,None,None,None,None,None,None,None,None,None,None,None,None,None,None,None,None,None,None,6.0,5.5,None,None,None,None,None,None,None,None,None,https://www.westminster.ac.uk/accounting-and-finance-courses/2025-26/september/full-time/accounting-and-finance-bsc-honours,westminister.xlsx
University of Westminster,London,https://www.westminster.ac.uk/courses/music-business-management-ma,music-business-management-ma,Master's,None,None,A minimum of an upper second class honours degree (2:1) or a lower second class honours degree (2:2) in a relevant degree. We will consider non-graduates if they have extensive industry experience.,None,None,None,None,None,None,None,None,None,None,None,None,None,None,None,None,None,None,None,None,None,None,None,Second Upper,"All applicants should be able to demonstrate some experience of working in the music industry, an aptitude for music business management and an enthusiasm for learning more about music and related industries.",None,None,None,None,None,None,None,None,None,None,None,None,None,None,None,None,None,None,None,Applicants may be required to attend an online interview.,None,6.5,6.0,None,None,None,None,Accepted,Accepted,None,None,Applicants are required to submit one academic reference.,https://www.westminster.ac.uk/music-courses/2025-26/september/part-time-evening-only/music-business-management-ma,westminister.xlsx
University of Westminster,Central London,https://www.westminster.ac.uk,law,Bachelor's,112 UCAS Tariff points,//www.ucas.com,"A Levels, T Levels, International Baccalaureate, BTEC Extended Diploma, Access to Higher Education Diploma",BBC,None,None,None,None,None,DMM,None,DMM,None,None,None,None,None,None,None,"GCSE English Language grade 4/C, GCSE Maths grade 4/C","English Language, Maths",4/C,112 UCAS Tariff points,None,None,None,None,None,None,None,None,None,None,None,None,None,None,None,None,None,None,None,None,None,None,None,None,None,None,6.0,"6.0 in writing, 5.5 in the other components",None,None,None,None,None,None,None,None,None,https://www.westminster.ac.uk/law-courses/2025-26/september/full-time/law-llb-honours,westminister.xlsx
University of Westminster,Central London,https://www.westminster.ac.uk,global-public-health-nutrition-msc,Master's,None,None,A minimum of a lower second class honours degree (2:2) in a relevant discipline including science or social science subject.,None,None,None,None,None,None,None,None,None,None,None,None,None,None,None,None,None,None,None,None,None,None,None,None,None,None,None,None,None,None,None,None,None,None,None,None,None,None,None,None,None,None,None,None,None,None,6.5,6.0,None,None,None,None,None,None,None,None,Applicants are required to submit one academic reference.,https://www.westminster.ac.uk/nutrition-and-public-health-courses/2025-26/september/part-time-day/global-public-health-nutrition-msc,westminister.xlsx
University of Westminster,"Harrow, North-West London",https://www.westminster.ac.uk/courses/fashion-sustainability-ma,fashion-sustainability-ma,Master's,None,None,UCAS Relevant Qualification: A minimum of a lower second class honours degree (2:2) or a lower second class honours degree (2:2) and more than 2 years experience is compulsory.,Required,None,None,None,None,None,None,None,None,None,None,None,None,None,None,None,None,None,None,None,None,None,None,Second Lower,Accepted,None,None,None,None,None,None,None,None,None,None,None,None,None,None,None,None,None,None,None,None,None,6.5,6.0,None,None,None,None,Accepted,Accepted,None,None,Additional Requirements: CV required with application; non-standard applicants may be considered with extensive work experience in the fashion industry.,https://www.westminster.ac.uk/fashion-courses/2025-26/september/full-time/fashion-sustainability-ma,westminister.xlsx
University of Westminster,Central London,https://www.westminster.ac.uk/courses/english-language-and-international-communication-ba,english-language-and-international-communication,Bachelor's,104 UCAS Tariff points,//www.ucas.com,"A Levels, T Levels, International Baccalaureate, BTEC Extended Diploma, BTEC Diploma, Access to Higher Education Diploma",BCC,None,None,None,None,None,DMM,None,None,None,None,None,None,None,None,None,"GCSE English Language grade 4/C, GCSE Maths grade 4/C","English Language, Maths",4,None,None,None,None,None,None,None,None,None,None,None,None,None,None,None,None,None,None,None,None,None,None,None,None,None,None,None,6.0,5.5,None,None,None,None,None,None,None,None,None,https://www.westminster.ac.uk/english-and-creative-writing-languages-courses/2025-26/september/part-time-day/english-language-and-international-communication-ba-honours,westminister.xlsx
University of Westminster,Central London,https://www.westminster.ac.uk,global-public-health-with-data-science,Master's,None,None,A minimum of a lower second class honours degree (2:2) in a relevant discipline including science or social science subject.,None,None,None,None,None,None,None,None,None,None,None,None,None,None,None,None,None,None,None,None,None,None,None,None,None,None,None,None,None,None,None,None,None,None,None,None,None,None,None,None,None,None,None,None,None,None,6.5,6.0,None,None,None,None,None,None,None,None,Entry Requirements: A minimum of a lower second class honours degree (2:2) in a relevant discipline including science or social science subject. If your first language is not English you should have an IELTS 6.5 with at least 6.5 in writing and no element below 6.0.,https://www.westminster.ac.uk/nutrition-and-public-health-courses/2025-26/september/full-time/global-public-health-with-data-science-msc,westminister.xlsx
University of Westminster,Central London,https://www.westminster.ac.uk/courses/museums-galleries-and-contemporary-culture-ma,museums-galleries-and-contemporary-culture-ma,Master's,None,None,"A minimum of a lower second class honours degree (2:2) in a relevant discipline including culture and heritage studies, visual arts and media, languages and literature, and history.",None,None,None,None,None,None,None,None,None,None,None,None,None,None,None,None,None,None,None,None,None,None,None,Second Lower,None,None,None,None,None,None,None,None,None,None,None,None,None,None,None,None,None,None,None,None,None,None,6.5,6.0,None,None,None,None,Accepted,Accepted,None,None,None,https://www.westminster.ac.uk/art-design-and-visual-culture-courses/2025-26/january/part-time-day/museums-galleries-and-contemporary-culture-ma,westminister.xlsx
University of Westminster,Central London,https://www.westminster.ac.uk/courses/law-with-french-law-llb-honours,law-with-french-law-llb-honours,Honours,112,https://www.ucas.com,"UCAS Relevant Qualification: ""A Levels – BBC, with French grade BT levels – Fluent in French + DELF B2""",BBC,None,None,None,None,None,None,None,None,None,None,None,None,None,None,None,grade 4/C,"English Language, Maths",4,None,None,None,None,None,None,None,None,None,None,None,None,None,None,None,None,None,None,None,None,None,None,None,None,None,None,None,6.0,6.0,None,None,None,None,None,None,None,None,Additional Requirements: None,https://www.westminster.ac.uk/law-courses/2025-26/september/full-time/law-with-french-law-llb-honours,westminister.xlsx
University of Westminster,"London, UK",https://www.westminster.ac.uk/courses,bachelor-degree,Bachelor's,None,None,None,None,None,None,None,None,None,None,None,None,None,None,None,None,None,None,None,None,None,None,None,None,None,None,None,None,None,None,None,None,None,None,None,None,None,None,None,None,None,None,None,None,None,None,None,None,None,None,None,None,None,None,None,None,None,None,None,None,https://www.westminster.ac.uk/politics-and-international-relations-courses/2025-26/september/full-time/international-relations-and-development-ba-honours,westminister.xlsx
University of Westminster,Central London,https://www.westminster.ac.uk/courses/politics-ba,politics-ba,Bachelor's,104 UCAS Tariff points,//www.ucas.com,"A Levels– BCC, T levels– 104 UCAS Tariff points, International Baccalaureate– 104 UCAS Tariff points from all components of the Diploma Programme, BTEC Extended Diploma– DMM, BTEC Diploma– D*D, Access– 104 UCAS Tariff points from the Access course",BCC,None,None,None,None,None,DMM,None,DMM,None,None,None,None,None,None,None,"GCSE English Language grade 4/C, GCSE Maths grade 4/C","English Language, Maths",4,None,None,None,None,None,None,None,None,None,None,None,None,None,None,None,None,None,None,None,None,None,None,None,None,None,None,None,6.0,5.5,None,None,None,None,None,None,None,None,None,https://www.westminster.ac.uk/politics-and-international-relations-courses/2025-26/september/full-time/politics-ba-honours,westminister.xlsx
University of Westminster,Central London,https://www.westminster.ac.uk/computer-science-bsc-hons,computer-science-bsc-hons,Bachelor's,64 UCAS Tariff points,//www.ucas.com,"A Levels, T Levels, BTEC Extended Diploma, BTEC Diploma, Access to Higher Education Diploma, International Baccalaureate",DDE,None,None,None,None,None,MPP,None,None,None,None,None,None,None,None,None,grade 4/C,"English Language, Maths",4/C,None,None,None,None,None,None,None,None,None,None,None,None,None,None,None,None,None,None,None,None,None,None,None,None,None,None,None,6.0,5.5,None,None,None,None,None,None,None,None,Mature entrants without formal qualifications will be considered on an individual basis.,https://www.westminster.ac.uk/computer-science-and-engineering-courses/2025-26/september/full-time/computer-science-with-foundation-bsc-honours,westminister.xlsx
University of Westminster,Central London,https://www.westminster.ac.uk/courses/criminology-ba-hons,criminology,Bachelor's,104 UCAS Tariff points,//www.ucas.com,"A Levels– BCC, T levels– 104 UCAS Tariff points, International Baccalaureate– 104 UCAS Tariff points from all components of the Diploma Programme, BTEC Extended Diploma– DMM, BTEC Diploma– D*D, Access– 104 UCAS Tariff points from the Access course",BCC,None,None,None,None,None,DMM,None,None,None,None,None,None,None,None,None,"GCSE English Language grade 4/C, GCSE Maths grade 4/C","English Language, Maths",4/C,None,None,None,None,None,None,None,None,None,None,None,None,None,None,None,None,None,None,None,None,None,None,None,None,None,None,None,6.0,5.5,None,None,None,None,None,None,None,None,None,https://www.westminster.ac.uk/criminology-and-sociology-courses/2025-26/september/part-time-day/criminology-ba-honours,westminister.xlsx
University of Westminster,"Harrow, North-West London",https://www.westminster.ac.uk/courses/global-contemporary-art-ma,global-contemporary-art-ma,Master's,None,None,A minimum of an upper second class honours degree (2:1) or a lower second class honours degree (2:2) with relevant experience in related subject areas.,None,None,None,None,None,None,None,None,None,None,None,None,None,None,None,Required,None,None,None,None,None,None,None,None,None,None,None,None,None,None,None,None,None,None,None,None,None,None,None,None,None,None,None,None,Required,Required,6.5,6.0,None,None,None,None,Accepted,Accepted,None,None,Portfolio of recent practice projects: Required; Identify a specific area of personal interest: Required; Interviews will be held online: Required.,https://www.westminster.ac.uk/art-design-and-visual-culture-courses/2025-26/september/part-time-day/global-contemporary-art-ma,westminister.xlsx
University of Westminster,Central London,https://www.westminster.ac.uk,digital-health-and-cyberpsychology,Master's,None,None,UCAS Relevant Qualification: None,Required,None,None,None,None,None,None,None,None,None,None,None,None,None,None,None,None,None,None,None,None,None,None,Second Lower,None,None,None,None,None,None,None,None,None,None,None,None,None,None,None,None,None,None,None,None,None,None,6.5,6.5,None,None,None,None,Accepted,Accepted,None,None,Shortlisted applicants will be asked to attend an online interview.,https://www.westminster.ac.uk/nutrition-and-public-health-psychology-courses/2025-26/september/open-distance-learning-full-time/digital-health-and-cyberpsychology-msc,westminister.xlsx
University of Westminster,Central London,https://www.westminster.ac.uk,foundation-year,Foundation,80,https://www.ucas.com,"UCAS Relevant Qualification: ""A Levels – CDD, T levels – 80 UCAS Tariff points, International Baccalaureate – 80 UCAS Tariff points from all components of the Diploma Programme, BTEC Extended Diploma – MM, BTEC Diploma – DM, Access – 80 UCAS Tariff points from the Access course""",CDD,None,None,None,None,None,None,None,None,None,None,None,None,None,None,None,Grade 4/C in English Language and Maths,"English Language, Maths",4/C,None,None,None,None,None,None,None,None,CACHE Technical Level 3 Requirement: None,None,None,None,None,None,None,None,None,None,None,None,None,None,None,None,None,None,None,6.0,5.5,None,None,None,None,None,None,None,None,Additional Requirements: None,https://www.westminster.ac.uk/law-courses/2025-26/september/full-time/law-with-foundation-llb-honours,westminister.xlsx
University of Westminster,Central London,https://www.westminster.ac.uk,global-development-ma,Master's,None,None,UCAS Relevant Qualification: None,None,None,None,None,None,None,None,None,None,None,None,None,None,None,None,None,None,None,None,None,None,None,None,None,Accepted,None,None,CACHE Technical Level 3 Requirement: None,None,None,None,None,None,None,None,None,None,None,None,None,None,None,None,None,None,None,6.5,6.0,None,None,None,None,None,None,None,None,"Entry Requirements: A minimum of a lower second class honours degree (2:2). Recognition of prior learning and experience: If you have previously studied at university level, or have equivalent work experience, academic credit may be awarded towards your course at Westminster.",https://www.westminster.ac.uk/politics-and-international-relations-courses/2025-26/january/full-time/global-development-ma,westminister.xlsx
University of Westminster,Central London,https://www.westminster.ac.uk/courses/applied-biotechnology-msc,applied-biotechnology,Master's,None,None,"UCAS Relevant Qualification: ""A minimum of a lower second class honours degree (2:2) in biological sciences or a related discipline. Professional qualification of equivalent status and associated work experience or an equivalent qualification deemed suitable by the course team.""",None,None,None,None,None,None,None,None,None,None,None,None,None,None,None,None,None,None,None,None,None,None,None,Second Lower,None,None,None,None,None,None,None,None,None,None,None,None,None,None,None,None,None,None,None,None,None,None,6.5,6.0,None,None,None,None,None,None,None,None,Additional Requirements: None,https://www.westminster.ac.uk/biological-and-biomedical-sciences-courses/2025-26/september/full-time/applied-biotechnology-msc,westminister.xlsx
University of Westminster,Central London,https://www.westminster.ac.uk/courses/cultural-and-critical-studies-ma,cultural-and-critical-studies-ma,Master's,None,None,A minimum of a lower second class honours degree (2:2) in a relevant discipline.,None,None,None,None,None,None,None,None,None,None,None,None,None,None,None,None,None,None,None,None,None,None,None,Second Lower,None,None,None,None,None,None,None,None,None,None,None,None,None,None,None,None,None,None,None,None,None,None,6.5,6.0,None,None,None,None,None,None,None,None,Applicants are required to submit one academic reference.,https://www.westminster.ac.uk/art-design-and-visual-culture-english-and-creative-writing-courses/2025-26/september/full-time/cultural-and-critical-studies-ma,westminister.xlsx
University of Westminster,Central London,https://www.westminster.ac.uk/courses/french-and-english-ba-hons,french-and-english,Bachelor's,104 UCAS Tariff points,None,"UCAS Relevant Qualification: ""A levels– BCC, T levels– 104 UCAS Tariff points, International Baccalaureate– 104 UCAS Tariff points from all components of the Diploma Programme, BTEC Extended Diploma– DMM, BTEC Diploma– D*D, Access– 104 UCAS Tariff points from the Access course""",BCC,None,None,None,None,None,DMM,None,DMM,None,None,None,None,None,None,None,grade 4/C,"English Language, Maths",4/C,None,None,None,None,None,None,None,None,CACHE Technical Level 3 Requirement: None,None,None,None,None,None,None,None,None,None,None,None,None,None,None,None,None,None,None,6.0,5.5,None,None,None,None,None,None,None,None,Additional Requirements: None,https://www.westminster.ac.uk/languages-courses/2025-26/september/part-time-day/french-and-english-ba-honours,westminister.xlsx
University of Westminster,Central London,https://www.westminster.ac.uk,global-public-health-nutrition-msc,Master's,None,None,"UCAS Relevant Qualification: ""A minimum of a lower second class honours degree (2:2) in a relevant discipline including science or a social science subject.""",None,None,None,None,None,None,None,None,None,None,None,None,None,None,None,None,None,None,None,None,None,None,None,None,None,None,None,CACHE Technical Level 3 Requirement: None,None,None,None,None,None,None,None,None,None,None,None,None,None,None,None,None,None,None,6.5,6.0,None,None,None,None,None,None,None,None,Additional Requirements: None,https://www.westminster.ac.uk/nutrition-and-public-health-courses/2025-26/september/full-time/global-public-health-nutrition-msc,westminister.xlsx
University of Westminster,"Harrow, North-West London",https://www.westminster.ac.uk/courses/fashion-accessories-design-ma,fashion-accessories-design-ma,Master's,None,None,UCAS Relevant Qualification: A minimum of a lower second class honours degree (2:2) or a lower second class honours degree (2:2) and more than 2 years experience compulsory.,None,None,None,None,None,None,None,None,None,None,None,None,None,None,None,None,None,None,None,None,None,None,None,Second Lower,Accepted,None,None,None,None,None,None,None,None,None,None,None,None,None,None,None,None,None,None,None,None,None,6.5,6.0,None,None,None,None,Accepted,Accepted,None,None,"Portfolio Submission: ""Required""
Specific Area of Interest: ""Required""",https://www.westminster.ac.uk/fashion-courses/2025-26/september/part-time-day/fashion-accessories-design-ma,westminister.xlsx
University of Westminster,Central London,https://www.westminster.ac.uk/courses/global-development-ma,global-development-ma,Master's,None,None,A minimum of a lower second class honours degree (2:2).,None,None,None,None,None,None,None,None,None,None,None,None,None,None,None,None,None,None,None,None,None,None,None,None,None,None,None,None,None,None,None,None,None,None,None,None,None,None,None,None,None,None,None,None,None,Required,6.5,6.0,None,None,None,None,Accepted,Accepted,None,None,"Recognition of prior learning and experience: ""If you have previously studied at university level, or have equivalent work experience, academic credit may be awarded towards your course at Westminster.""",https://www.westminster.ac.uk/politics-and-international-relations-courses/2025-26/september/part-time-day/global-development-ma,westminister.xlsx
University of Westminster,"Harrow, North-West London",https://www.westminster.ac.uk/courses/creative-media-arts-ba-hons,creative-media-arts-ba-hons,Bachelor's,48 UCAS Tariff points,//www.ucas.com,"A Levels, T Levels, International Baccalaureate, BTEC Extended Diploma, BTEC Diploma, Access to Higher Education Diploma",DD,None,None,None,None,None,PPP,Pass (96 UCAS points),None,None,None,None,None,None,None,Required,"Grade 4/C in English Language, Pass in Maths","English Language, Maths",4/C,None,None,None,None,None,None,None,None,None,None,None,None,None,None,None,None,None,None,None,None,None,None,None,None,None,Required,Required,6.0,5.5,None,None,None,None,None,None,None,None,"Portfolio guidance: 10 to 15 images of art, design or media work; Optional short essay; Interview required.",https://www.westminster.ac.uk/art-design-and-visual-culture-media-and-communication-courses/2025-26/september/full-time/creative-media-arts-with-foundation-ba-honours,westminister.xlsx
University of Westminster,"Marylebone, Central London",https://www.westminster.ac.uk/courses/urban-design-ma,urban-design-ma,Master's,None,None,"UCAS Relevant Qualification: ""A minimum of a lower second class honours degree (2:2) in architecture, landscape architecture, town planning or another related discipline, together with practical or professional experience in their own field or in urban design.""",None,None,None,None,None,None,None,None,None,None,None,None,None,None,None,Required,None,None,None,None,None,None,None,None,None,None,None,CACHE Technical Level 3 Requirement: None,None,None,None,None,None,None,None,None,None,None,None,None,None,None,None,None,None,None,6.5,6.0,None,None,None,None,None,None,None,None,"Recognition of prior learning and experience: ""If you have previously studied at university level, or have equivalent work experience, academic credit may be awarded towards your course at Westminster.""",https://www.westminster.ac.uk/architecture-interiors-and-urban-design-courses/2025-26/september/part-time-day/urban-design-ma,westminister.xlsx
University of Westminster,"Marylebone, Central London",https://www.westminster.ac.uk/courses/accounting-and-business-management-ba-hons,accounting-and-business-management-ba-hons,Bachelor's,112 UCAS Tariff points,//www.ucas.com,"A levels, T levels, International Baccalaureate, BTEC Extended Diploma, BTEC Diploma, Access to Higher Education Diploma",BBC,None,None,None,None,None,DMM,None,None,None,None,None,None,None,None,None,"GCSE English Language grade 4/C, GCSE Maths grade 4/C","English Language, Maths",4,112 UCAS Tariff points,None,None,None,None,None,None,None,None,None,None,None,None,None,None,None,None,None,None,None,None,None,None,None,None,None,None,6.0,5.5,None,None,None,None,None,None,None,None,"CIMA Prize-Winner Excellence Award 2021: ""Recognised""",https://www.westminster.ac.uk/accounting-and-finance-business-and-management-courses/2025-26/september/full-time/accounting-and-business-management-ba-honours,westminister.xlsx
University of Westminster,"Marylebone, Central London",https://www.westminster.ac.uk,sustainability-management-and-innovation,Master's,None,None,UCAS Relevant Qualification: A minimum of a lower second class honours degree (2:2).,None,None,None,None,None,None,None,None,None,None,None,None,None,None,None,None,None,None,None,None,None,None,None,Second Lower,None,None,None,None,None,None,None,None,None,None,None,None,None,None,None,None,None,None,None,None,None,None,6.5,6.0,None,None,None,None,Accepted,Accepted,None,None,Additional Requirements: None,https://www.westminster.ac.uk/business-and-management-courses/2025-26/september/full-time/sustainability-management-and-innovation-msc,westminister.xlsx
University of Westminster,Central London,https://www.westminster.ac.uk,law-and-international-relations,PhD,112,https://www.ucas.com,"UCAS Relevant Qualification: ""A Levels - BBC, T levels, International Baccalaureate, BTEC Extended Diploma, BTEC Diploma, Access.""",BBC,None,None,None,None,None,None,None,None,None,None,None,None,None,None,None,GCSE grade 4/C,"English Language, Maths",4,None,None,None,None,None,None,None,None,None,None,None,None,None,None,None,None,None,None,None,None,None,None,None,None,None,None,None,6.0,6.0,None,None,None,None,None,None,None,None,Additional Requirements: None,https://www.westminster.ac.uk/law-politics-and-international-relations-courses/2025-26/september/full-time/law-and-international-relations-llb-honours,westminister.xlsx
University of Westminster,"Harrow, North-West London",https://www.westminster.ac.uk/courses/fashion-photography-ba-hons,fashion-photography,Bachelor's,96 UCAS Tariff points,//www.ucas.com,"A Levels, T Levels, International Baccalaureate, BTEC Extended Diploma, BTEC Diploma, Access to Higher Education Diploma",CCC,None,None,None,None,None,MMM to DDM,None,MMM to DDM,DD to D*D*,None,None,None,None,None,Required,"GCSE English Language grade 4/C, GCSE Maths Pass","English Language, Maths",4/C,96 UCAS Tariff points,None,None,None,None,None,None,None,None,None,None,None,None,None,None,None,None,None,None,None,None,None,None,None,None,None,Required,6.0,5.5,None,None,None,None,None,None,None,None,None,https://www.westminster.ac.uk/art-design-and-visual-culture-fashion-media-and-communication-courses/2025-26/september/full-time/fashion-photography-ba-honours,westminister.xlsx
University of Westminster,Central London,https://www.westminster.ac.uk/courses/cyber-security-and-forensics-bsc-hons,cyber-security-and-forensics,Bachelor's,96 UCAS Tariff points,//www.ucas.com,"A levels, T levels, BTEC Extended Diploma, BTEC Diploma, Access to Higher Education Diploma, International Baccalaureate",CCC,None,None,None,None,None,MMM BTEC Diploma – DD,None,None,None,None,None,None,None,None,None,"GCSE English Language grade 4/C, GCSE Maths grade 4/C","English Language, Maths",4/C,None,None,None,None,None,None,None,None,None,None,None,None,None,None,None,None,None,None,None,None,None,None,None,None,None,None,None,6.0,5.5,None,None,None,None,None,None,None,None,None,https://www.westminster.ac.uk/computer-science-and-engineering-courses/2025-26/september/full-time/cyber-security-and-forensics-bsc-honours,westminister.xlsx
University of Westminster,Central London,https://www.westminster.ac.uk,big-data-technologies,Master's,None,None,"A minimum of a lower second class honours degree (2:2) in IT or computing discipline, or in another discipline that either provides important underpinning for or insight into IT and computing, or it is closely related to it (e.g. sciences or engineering, business studies).",None,None,None,None,None,None,None,None,None,None,None,None,None,None,None,None,None,None,None,None,None,None,None,Second Lower,None,None,None,None,None,None,None,None,None,None,None,None,None,None,None,"BCS, the Chartered Institute for IT",None,None,None,None,None,None,6.5,6.0,None,None,None,None,Accepted,Accepted,None,None,None,https://www.westminster.ac.uk/computer-science-and-engineering-data-science-and-informatics-courses/2025-26/september/full-time/big-data-technologies-msc,westminister.xlsx
University of Westminster,Central London,https://www.westminster.ac.uk/courses/biomedical-science-bsc-hons,biomedical-science-bsc-hons,Bachelor's,64 UCAS Tariff points,//www.ucas.com,"A levels, T levels, International Baccalaureate, BTEC Extended Diploma, BTEC Diploma, Access to Higher Education Diploma",DDE,None,None,None,None,None,MPP,None,None,None,None,None,None,None,None,None,"GCSE English Language grade 4/C, GCSE Maths grade 4/C","English, Maths",4,None,None,None,None,None,None,None,None,None,None,None,None,None,None,None,None,None,None,None,None,None,None,None,None,None,None,None,5.5,5.5,None,None,None,None,None,None,None,None,"Health and Care Professions Council (HCPC) requires students to attain equivalent to IELTS 7.0, with no component part scoring below 6.5 at graduation.",https://www.westminster.ac.uk/biological-and-biomedical-sciences-courses/2025-26/september/full-time/biomedical-science-with-foundation-bsc-honours,westminister.xlsx
University of Westminster,Central London,https://www.westminster.ac.uk,english-language-and-international-communication,Bachelor's,104 UCAS Tariff points,//www.ucas.com,"A Levels, T Levels, International Baccalaureate, BTEC Extended Diploma, BTEC Diploma, Access to Higher Education Diploma",BCC,None,None,None,None,None,DMM,None,DMM,None,None,None,None,None,None,None,"GCSE English Language grade 4/C, GCSE Maths grade 4/C","English Language, Maths",4/C,None,None,None,None,None,None,None,None,None,None,None,None,None,None,None,None,None,None,None,None,None,None,None,None,None,None,None,6.0,5.5,None,None,None,None,None,None,None,None,None,https://www.westminster.ac.uk/english-and-creative-writing-languages-courses/2025-26/september/full-time/english-language-and-international-communication-ba-honours,westminister.xlsx
University of Westminster,"Harrow, North-West London",https://www.westminster.ac.uk/courses/photography-ba-hons,photography,Bachelor's,96 UCAS Tariff points,//www.ucas.com,"A Levels, T Levels, BTEC Extended Diploma, International Baccalaureate, Access to Higher Education Diploma",CCC,None,None,None,None,None,MMMBTEC Diploma– DD,None,None,None,None,None,None,None,None,Required,GCSE English Language grade 4/C,"English Language, Maths",4/C,96 UCAS Tariff points,None,None,None,None,None,None,None,None,None,None,None,None,None,None,None,None,None,None,None,None,None,None,None,None,None,Required,6.0,5.5,None,None,None,None,None,None,None,None,None,https://www.westminster.ac.uk/art-design-and-visual-culture-courses/2025-26/september/full-time/photography-ba-honours,westminister.xlsx
University of Westminster,"Harrow, North-West London",https://www.westminster.ac.uk/courses/media-management-ma,media-management-ma,Master's,None,None,UCAS Relevant Qualification: A minimum of an upper second class honours degree (2:1) or a lower second class honours degree (2:2) in a relevant discipline.,Required,None,None,None,None,None,None,None,None,None,None,None,None,None,None,None,None,None,None,None,None,None,None,Second Lower,None,None,None,None,None,None,None,None,None,None,None,None,None,None,None,None,None,None,None,None,None,None,6.5,5.5,None,None,None,None,None,None,None,None,Additional Requirements: Applicants may be required to submit a short written assignment. Applicants may also be asked to take part in a Skype interview. Applicants are required to submit one academic reference.,https://www.westminster.ac.uk/media-and-communication-courses/2025-26/september/full-time/media-management-ma,westminister.xlsx
University of Westminster,Central London,https://www.westminster.ac.uk/courses/computer-games-development-bsc-hons,computer-games-development,Bachelor's,96 UCAS Tariff points,//www.ucas.com,"A Levels, T Levels, BTEC Extended Diploma, International Baccalaureate, Access to Higher Education Diploma",CCC,"English Language, Maths","4/C in GCSE English Language, 4/C in GCSE Maths",None,None,None,MMM,None,None,None,None,None,None,None,None,None,"4/C in GCSE English Language, 4/C in GCSE Maths","English Language, Maths",4/C,96 UCAS Tariff points,None,None,None,None,None,None,None,None,None,None,None,None,None,None,None,None,None,None,None,None,None,None,None,None,None,None,6.0,5.5,None,None,None,None,None,None,None,None,None,https://www.westminster.ac.uk/computer-science-and-engineering-courses/2025-26/september/full-time/computer-games-development-bsc-honours,westminister.xlsx
University of Westminster,"Harrow, North-West London",https://www.westminster.ac.uk/courses/public-relations-ma,public-relations-ma,Master's,None,None,UCAS Relevant Qualification: A minimum of an upper second class honours degree (2:1) or a lower second class honours degree (2:2) and substantial relevant work experience. Professional qualifications or substantial appropriate work experience may be acceptable.,None,None,None,None,None,None,None,None,None,None,None,None,None,None,None,None,None,None,None,None,None,None,None,Second Lower,Accepted,None,None,None,None,None,None,None,None,None,None,None,None,None,None,None,None,None,None,None,None,None,7.0,5.5,None,None,None,None,Accepted,Accepted,None,None,Additional Requirements: None,https://www.westminster.ac.uk/media-and-communication-courses/2025-26/september/part-time-day/public-relations-ma,westminister.xlsx
University of Westminster,"Harrow, North-West London",https://www.westminster.ac.uk/courses/fine-art-mixed-media-ba,fine-art-mixed-media,Bachelor's,96 UCAS Tariff points,//www.ucas.com,"A levels, T levels, International Baccalaureate, BTEC Extended Diploma, BTEC Diploma, Access to Higher Education Diploma",CCC,None,None,None,None,None,MMM in a creative subject,None,MMM in a creative subject,None,None,None,None,None,None,Required,"GCSE English Language grade 4/C, GCSE Maths Pass","English Language, Maths",4/C,96 UCAS Tariff points,None,None,None,None,None,None,None,None,None,None,None,None,None,None,None,None,None,None,None,None,None,None,None,None,None,Required,6.0,5.5,None,None,None,None,None,None,None,None,None,https://www.westminster.ac.uk/art-design-and-visual-culture-courses/2025-26/september/full-time/fine-art-mixed-media-ba-honours,westminister.xlsx
University of Westminster,Central London,https://www.westminster.ac.uk/courses/sociology-ba-hons,sociology-ba-hons,Bachelor's,104 UCAS Tariff points,//www.ucas.com,"A levels, T levels, International Baccalaureate, BTEC Extended Diploma, BTEC Diploma, Access to Higher Education Diploma",BCC,None,None,None,None,None,DMM,None,DMM,None,None,None,None,None,None,None,"GCSE English Language grade 4/C, GCSE Maths grade 4/C","English Language, Maths",4/C,104 UCAS Tariff points,None,None,None,None,None,None,None,None,None,None,None,None,None,None,None,None,None,None,None,None,None,None,None,None,None,None,6.0,5.5,None,None,None,None,None,None,None,None,None,https://www.westminster.ac.uk/criminology-and-sociology-courses/2025-26/september/part-time-day/sociology-ba-honours,westminister.xlsx
University of Westminster,"Marylebone, Central London",https://www.westminster.ac.uk,real-estate,Master's,None,None,"A minimum of a lower second class honours degree (2:2) and GCSE Grade C Maths. Relevant degree disciplines include geography, economics, finance, a traditional science, a property-related discipline or law, or membership of a recognised professional body whose entry requirements are equivalent to graduate level and/or alternative professional qualifications with at least three years of relevant professional experience.",Required,None,None,None,None,None,None,None,None,None,None,None,None,None,None,None,Grade C Maths,Mathematics,C,None,None,None,None,Second Lower,None,None,None,None,None,None,None,None,None,None,None,None,None,None,None,RICS,None,None,None,None,None,None,6.5,6.0,None,None,None,None,Accepted,Accepted,None,None,"International tuition fee: £17,500 (Price per academic year). Optional international study trip fee: about £950.",https://www.westminster.ac.uk/construction-surveying-and-real-estate-courses/2025-26/september/full-time/real-estate-development-msc,westminister.xlsx
University of Westminster,Central London,https://www.westminster.ac.uk/courses/creative-computing-bsc-hons,creative-computing,Bachelor's,96 UCAS Tariff points,//www.ucas.com,"A Levels, T Levels, BTEC Extended Diploma, BTEC Diploma, Access to Higher Education Diploma, International Baccalaureate",CCC,None,None,None,None,None,MMMBTEC Diploma – DD,None,None,None,None,None,None,None,None,None,"GCSE English Language grade 4/C, GCSE Maths grade 4/C","English Language, Maths",4/C,96 UCAS Tariff points,None,None,None,None,None,None,None,None,None,None,None,None,None,None,None,None,None,None,None,None,None,None,None,None,None,None,6.0,5.5,None,None,None,None,None,None,None,None,None,https://www.westminster.ac.uk/computer-science-and-engineering-courses/2025-26/september/full-time/creative-computing-bsc-honours-0,westminister.xlsx
University of Westminster,"Marylebone, Central London",https://www.westminster.ac.uk/courses/architecture-and-design-foundation-year,architecture-and-design-foundation-year,Foundation,96 UCAS Tariff points,//www.ucas.com,"A levels, T levels, International Baccalaureate, BTEC Extended Diploma, BTEC Diploma, Access to Higher Education Diploma",CCC,None,None,None,None,None,MMMBTEC Diploma – DD,None,None,None,None,None,None,None,None,None,"GCSE English Language grade 4/C, GCSE Maths grade 4/C","English Language, Maths",4/C,None,None,None,None,None,None,None,None,None,None,None,None,None,None,None,None,None,None,None,None,None,None,None,None,None,None,None,6.0,5.5,None,None,None,None,None,None,None,None,None,https://www.westminster.ac.uk/architecture-interiors-and-urban-design-courses/2025-26/september/full-time/architectural-technology-with-foundation-bsc-honours,westminister.xlsx
University of Westminster,Central London,https://www.westminster.ac.uk/courses/public-health-bsc-hons,public-health-bsc-hons,Bachelor's,96 UCAS Tariff points,//www.ucas.com,"A levels, T levels, BTEC Extended Diploma, BTEC Diploma, Access to Higher Education Diploma, International Baccalaureate",CCC,None,None,None,None,None,MMM in Applied Science,None,None,None,None,None,None,None,None,None,GCSE English Language grade 4/C – IB grade 4 Higher level AND GCSE Maths grade 4/C – IB grade 4,"English Language, Maths",4/C,"96 UCAS Tariff points in Science, Allied Health Professions, Health and Caring Professions, Social Care",None,None,None,None,None,None,None,None,None,None,None,None,None,None,None,None,None,None,None,None,None,None,None,None,None,None,6.0,5.5,None,None,None,None,None,None,None,None,None,https://www.westminster.ac.uk/nutrition-and-public-health-courses/2025-26/september/full-time/public-health-bsc-honours,westminister.xlsx
University of Westminster,"Marylebone, Central London",https://www.westminster.ac.uk/courses/urban-design-ma,urban-design-ma,Master's,None,None,"UCAS Relevant Qualification: ""A minimum of a lower second class honours degree (2:2) in architecture, landscape architecture, town planning or another related discipline, together with practical or professional experience in their own field or in urban design.""",None,None,None,None,None,None,None,None,None,None,None,None,None,None,None,Required,None,None,None,None,None,None,None,None,None,None,None,CACHE Technical Level 3 Requirement: None,None,None,None,None,None,None,None,None,None,None,None,None,None,None,None,None,None,None,6.5,6.0,None,None,None,None,None,None,None,None,Additional Requirements: None,https://www.westminster.ac.uk/architecture-interiors-and-urban-design-courses/2025-26/september/full-time/urban-design-ma,westminister.xlsx
University of Westminster,Central London,https://www.westminster.ac.uk,international-relations,Bachelor's,104 UCAS Tariff points,//www.ucas.com,"A Levels, T Levels, International Baccalaureate, BTEC Extended Diploma, BTEC Diploma, Access to Higher Education Diploma",BCC,None,None,None,None,None,DMM,None,DMM,None,None,None,None,None,None,None,"GCSE English Language grade 4/C, GCSE Maths grade 4/C","English Language, Maths",4/C,None,None,None,None,None,None,None,None,None,None,None,None,None,None,None,None,None,None,None,None,None,None,None,None,None,None,None,6.0,5.5,None,None,None,None,None,None,None,None,None,https://www.westminster.ac.uk/politics-and-international-relations-courses/2025-26/september/full-time/international-relations-ba-honours,westminister.xlsx
University of Westminster,Central London,https://www.westminster.ac.uk/courses/psychology-bsc-hons,psychology,Bachelor's,104 UCAS Tariff points,//www.ucas.com,"A Levels, T Levels, International Baccalaureate, BTEC Extended Diploma, BTEC Diploma, Access to Higher Education Diploma",BCC,None,None,None,None,None,DMM,None,DMM,None,None,None,None,None,None,None,"GCSE English Language grade 4/C, GCSE Maths grade 4/C","English Language, Maths",4/C,None,None,None,None,None,None,None,None,None,None,None,None,None,None,None,None,None,None,None,None,None,None,None,None,None,None,None,6.0,5.5,None,None,None,None,None,None,None,None,None,https://www.westminster.ac.uk/psychology-courses/2025-26/september/full-time/psychology-bsc-honours,westminister.xlsx
University of Westminster,"Marylebone, Central London",https://www.westminster.ac.uk,urban-design,Master's,None,None,"A minimum of a lower second class honours degree (2:2) in architecture, landscape architecture, town planning or another related discipline, together with practical or professional experience in their own field or in urban design.",None,None,None,None,None,None,None,None,None,None,None,None,None,None,None,Required,None,None,None,None,None,None,None,None,None,None,None,None,None,None,None,None,None,None,None,None,None,None,None,None,None,None,None,None,None,None,6.5,6.0,None,None,None,None,None,None,None,None,Applicants are required to submit one academic reference.,https://www.westminster.ac.uk/architecture-interiors-and-urban-design-courses/2025-26/september/part-time-day-release/urban-design-postgraduate-certificate,westminister.xlsx
University of Westminster,Central London,https://www.westminster.ac.uk/courses/criminology-ba-honours,criminology,Bachelor's,104 UCAS Tariff points,//www.ucas.com,"A Levels, T Levels, International Baccalaureate, BTEC Extended Diploma, BTEC Diploma, Access to Higher Education Diploma",BCC,None,None,None,None,None,DMM,None,DMM,None,None,None,None,None,None,None,"GCSE English Language grade 4/C, GCSE Maths grade 4/C","English Language, Maths",4/C,None,None,None,None,None,None,None,None,None,None,None,None,None,None,None,None,None,None,None,None,None,None,None,None,None,None,None,6.0,5.5,None,None,None,None,None,None,None,None,None,https://www.westminster.ac.uk/criminology-and-sociology-courses/2025-26/september/full-time/criminology-ba-honours,westminister.xlsx
University of Westminster,Central London,https://www.westminster.ac.uk,corporate-finance-law-llm,Master's,None,None,A minimum of a lower second class honours degree (2:2) in Law or a related discipline. Applicants without the standard qualifications but with significant professional or managerial experience in a relevant field will be considered.,None,None,None,None,None,None,None,None,None,None,None,None,None,None,None,None,None,None,None,None,None,None,None,"Second Lower (Honours, 2:2)",Accepted,None,None,None,None,None,None,None,None,None,None,None,None,None,None,None,Accepted,Required,None,None,None,None,6.5,6.0,None,None,None,None,Accepted,Accepted,None,None,None,https://www.westminster.ac.uk/law-courses/2025-26/january/part-time-day-evening/corporate-finance-law-llm,westminister.xlsx
University of Westminster,Central London,https://www.westminster.ac.uk/courses/politics-and-international-relations-ba,politics-and-international-relations-ba,Bachelor's,104 UCAS Tariff points,//www.ucas.com,"A Levels, T Levels, International Baccalaureate, BTEC Extended Diploma, BTEC Diploma, Access to Higher Education Diploma",BCC,None,None,None,None,None,DMM,None,DMM,None,None,None,None,None,None,None,"GCSE English Language grade 4/C, GCSE Maths grade 4/C","English Language, Maths",4/C,None,None,None,None,None,None,None,None,None,None,None,None,None,None,None,None,None,None,None,None,None,None,None,None,None,None,None,6.0,5.5,None,None,None,None,None,None,None,None,None,https://www.westminster.ac.uk/politics-and-international-relations-courses/2025-26/september/full-time/politics-and-international-relations-ba-honours,westminister.xlsx
University of Westminster,Central London,https://www.westminster.ac.uk/courses/psychology-msc,psychology-msc,Master's,None,None,"UCAS Relevant Qualification: ""A minimum of an upper second class honours degree (2:1). Applicants with a lower second class honours degree (2:2) may be considered in exceptional circumstances if their first degree is over 10 years old and they have gained significant professional experience since then. Alternatively, applicants with a postgraduate certificate (e.g. PGCE) will also be considered.""",None,None,None,None,None,None,None,None,None,None,None,None,None,None,None,None,"Competence in mathematics, for example through having obtained GCSE mathematics (or equivalent).",Mathematics,None,None,None,None,None,Second Upper,None,None,None,None,None,None,None,None,None,None,None,None,None,None,None,BPS,None,None,None,None,None,None,7.0,6.5,None,None,None,None,None,None,None,None,Additional Requirements: None,https://www.westminster.ac.uk/psychology-courses/2025-26/september/full-time/psychology-msc,westminister.xlsx
University of Westminster,Central London,https://www.westminster.ac.uk/courses/policing-ba,policing-ba,Bachelor's,112 UCAS Tariff points,//www.ucas.com,"A Levels – BBC, T levels – 112 UCAS Tariff points, International Baccalaureate – 112 UCAS Tariff points from all components of the Diploma Programme, BTEC Extended Diploma – DMM, BTEC Diploma – D*D*, Access – 112 UCAS Tariff points from the Access course",BBC,None,None,None,None,None,DMM,Pass (96 UCAS points),DMM,None,None,None,None,None,None,None,"GCSE English Language grade 4/C, GCSE Maths grade 4/C","English Language, Maths",4/C,None,None,None,None,None,None,None,None,None,None,None,None,None,None,None,None,None,None,None,None,None,None,None,None,None,None,None,6.0,6.0 in writing and 5.5 in the other components,None,None,None,None,None,None,None,None,International Baccalaureate Career-related Programme will be considered on a case-by-case basis.,https://www.westminster.ac.uk/criminology-and-sociology-law-courses/2025-26/september/full-time/policing-ba-honours,westminister.xlsx
University of Westminster,Central London,https://www.westminster.ac.uk/courses/cultural-and-critical-studies-ma,cultural-and-critical-studies-ma,Master's,None,None,UCAS Relevant Qualification: A minimum of a lower second class honours degree (2:2) in a relevant discipline.,None,None,None,None,None,None,None,None,None,None,None,None,None,None,None,None,None,None,None,None,None,None,None,Second Lower,None,None,None,None,None,None,None,None,None,None,None,None,None,None,None,None,None,None,None,None,None,None,6.5,6.0,None,None,None,None,Accepted,Accepted,None,None,Additional Requirements: None,https://www.westminster.ac.uk/art-design-and-visual-culture-english-and-creative-writing-courses/2025-26/january/full-time/cultural-and-critical-studies-ma,westminister.xlsx
University of Westminster,"Harrow, North-West London",https://www.westminster.ac.uk,art-and-emerging-technologies,Master's,None,None,UCAS Relevant Qualification: A minimum of an upper second class honours degree (2:1) or a lower second class honours degree (2:2) with relevant experience in related subject areas.,None,None,None,None,None,None,None,None,None,None,None,None,None,None,None,None,None,None,None,None,None,None,None,Second Lower,None,None,None,None,None,None,None,None,None,None,None,None,None,None,None,None,None,None,None,None,None,None,6.5,6.0,None,None,None,None,None,None,None,None,Additional Requirements: Portfolio submission required; interviews held online; applicants must identify a specific area of personal interest in writing (maximum 500 words).,https://www.westminster.ac.uk/art-design-and-visual-culture-courses/2025-26/september/part-time-day/art-and-emerging-technologies-ma,westminister.xlsx
University of Westminster,"Marylebone, Central London",https://www.westminster.ac.uk,entrepreneurship-innovation-and-enterprise-development,Master's,None,None,UCAS Relevant Qualification: A minimum of a lower second class honours degree (2:2). Non-graduates with extensive work experience and/or significant involvement in entrepreneurial activities will also be considered.,None,None,None,None,None,None,None,None,None,None,None,None,None,None,None,None,None,None,None,None,None,None,None,Second Lower,Accepted,None,None,None,None,None,None,None,None,None,None,None,None,None,None,None,None,None,None,None,None,None,6.5,6.0,None,None,None,None,Accepted,Accepted,None,None,Additional Requirements: None,https://www.westminster.ac.uk/business-and-management-courses/2025-26/september/full-time/entrepreneurship-innovation-and-enterprise-development-msc,westminister.xlsx
University of Westminster,Central London,https://www.westminster.ac.uk,tourism-management,Master's,None,None,"A minimum of an upper second class honours degree (2:1). Applicants with a lower second class honours degree (2:2) are required to submit an essay. Exceptionally, an applicant without these formal qualifications but with considerable work experience in tourism or related industries may be accepted at the discretion of the Course Leader.",None,None,None,None,None,None,None,None,None,None,None,None,None,None,None,None,None,None,None,None,None,None,None,Second Upper,Accepted,None,None,None,None,None,None,None,None,None,None,None,None,None,None,None,None,None,None,None,None,None,6.5,6.0,None,None,None,None,Accepted,Accepted,None,None,None,https://www.westminster.ac.uk/tourism-and-events-management-courses/2025-26/september/full-time/tourism-management-ma,westminister.xlsx
University of Westminster,"Marylebone, Central London",https://www.westminster.ac.uk/courses/finance-and-accounting-msc,finance-and-accounting,Master's,None,None,"A minimum of a lower second class honours degree (2:2) in relevant degree disciplines including business studies, economics, geography, management, and operations research. Alternative professional qualifications with at least three years' relevant professional experience will also be considered.",None,None,None,None,None,None,None,None,None,None,None,None,None,None,None,None,None,None,None,None,None,None,None,Second Lower,Accepted,None,None,None,None,None,None,None,None,None,None,None,None,None,None,None,None,None,None,None,None,None,6.5,6.0,None,None,None,None,Accepted,Accepted,None,None,None,https://www.westminster.ac.uk/accounting-and-finance-courses/2025-26/january/full-time/finance-and-accounting-msc,westminister.xlsx
University of Westminster,Central London,https://www.westminster.ac.uk/courses/software-engineering-with-electronics-beng-hons,software-engineering-with-electronics,Bachelor's,96 UCAS Tariff points,//www.ucas.com,"A levels, T levels, International Baccalaureate, BTEC Extended Diploma, BTEC Diploma, Access to Higher Education Diploma",CCC,None,None,None,None,None,MMMBTEC Diploma– DD,None,None,None,None,None,None,None,None,None,"GCSE English Language grade 4/C, GCSE Maths grade 4/C","English Language, Maths",4/C,None,None,None,None,None,None,None,None,None,None,None,None,None,None,None,None,None,None,None,None,None,None,None,None,None,None,None,6.0,5.5,None,None,None,None,None,None,None,None,None,https://www.westminster.ac.uk/computer-science-and-engineering-courses/2025-26/september/full-time/software-engineering-with-electronics-beng-honours,westminister.xlsx
University of Westminster,"Harrow, North-West London",https://www.westminster.ac.uk,interactive-media-practice-ma,Master's,None,None,UCAS Relevant Qualification: A minimum of an upper second class honours degree (2:1) or a lower second class honours degree (2:2) in a relevant degree or with relevant experience.,2:1 or 2:2,None,None,None,None,None,None,None,None,None,None,None,None,None,None,None,None,None,None,None,None,None,None,Second Lower,None,None,None,None,None,None,None,None,None,None,None,None,None,None,None,None,None,None,None,None,None,None,6.5,5.5,None,None,None,None,None,None,None,None,Additional Requirements: None,https://www.westminster.ac.uk/art-design-and-visual-culture-computer-science-and-engineering-media-and-communication-courses/2025-26/september/full-time/interactive-media-practice-ma,westminister.xlsx
University of Westminster,Central London,https://www.westminster.ac.uk,international-commercial-and-corporate-law,Master's,None,None,A minimum of a lower second class honours degree (2:2) in Law or an upper second class honours degree (2:1) in a non-related degree with a demonstrated legal interest.,None,None,None,None,None,None,None,None,None,None,None,None,None,None,None,None,None,None,None,None,None,None,None,A minimum of a lower second class honours degree (2:2) in Law or an upper second class honours degree (2:1),Accepted,None,None,None,None,None,None,None,None,None,None,None,None,None,None,None,Required,Required,None,None,None,None,6.5,6.0,None,None,None,None,Accepted,Accepted,None,None,None,https://www.westminster.ac.uk/law-courses/2025-26/september/full-time/international-commercial-and-corporate-law-llm,westminister.xlsx
University of Westminster,Central London,https://www.westminster.ac.uk,international-relations-ma,Master's,None,None,UCAS Relevant Qualification: A minimum of a lower second class honours degree (2:2) in a related discipline in social sciences or humanities.,None,None,None,None,None,None,None,None,None,None,None,None,None,None,None,None,None,None,None,None,None,None,None,Second Lower,None,None,None,None,None,None,None,None,None,None,None,None,None,None,None,None,None,None,None,None,None,None,6.5,6.0,None,None,None,None,Accepted,Accepted,None,None,Additional Requirements: None,https://www.westminster.ac.uk/politics-and-international-relations-courses/2025-26/september/part-time-day/international-relations-ma,westminister.xlsx
University of Westminster,"Marylebone, Central London",https://www.westminster.ac.uk,investment-and-risk-finance,Master's,None,None,"A minimum of a lower second class honours degree (2:2) in relevant degree disciplines including business studies, economics, geography, management, and operations research. Alternative professional qualifications with at least three years of relevant professional experience will also be considered.",None,None,None,None,None,None,None,None,None,None,None,None,None,None,None,None,None,None,None,None,None,None,None,Second Lower,None,None,None,None,None,None,None,None,None,None,None,None,None,None,None,None,None,None,None,None,None,None,6.5,6.0,None,None,None,None,Accepted,Accepted,None,None,None,https://www.westminster.ac.uk/accounting-and-finance-courses/2025-26/september/full-time/investment-and-risk-finance-msc,westminister.xlsx
University of Westminster,Central London,https://www.westminster.ac.uk,english-language-and-linguistics-ma,Master's,None,None,"A minimum of a lower second class honours degree (2:2) in a relevant discipline, including English language, linguistics or TESOL.",None,None,None,None,None,None,None,None,None,None,None,None,None,None,None,None,None,None,None,None,None,None,None,Second Lower,None,None,None,None,None,None,None,None,None,None,None,None,None,None,None,None,None,None,None,None,None,None,6.5,6.0,None,None,None,None,Accepted,Accepted,None,None,None,https://www.westminster.ac.uk/english-and-creative-writing-courses/2025-26/september/part-time-day/english-language-and-linguistics-ma,westminister.xlsx
University of Westminster,Central London,https://www.westminster.ac.uk/courses/english-literature-modern-and-contemporary-fictions-ma,english-literature-modern-and-contemporary-fictions,Master's,None,None,UCAS Relevant Qualification: A minimum of a lower second class honours degree (2:2) in a relevant discipline.,None,None,None,None,None,None,None,None,None,None,None,None,None,None,None,None,None,None,None,None,None,None,None,Second Lower,None,None,None,None,None,None,None,None,None,None,None,None,None,None,None,None,None,None,None,None,None,None,6.5,6.0,None,None,None,None,Accepted,Accepted,None,None,Additional Requirements: None,https://www.westminster.ac.uk/english-and-creative-writing-courses/2025-26/january/part-time-day/english-literature-modern-and-contemporary-fictions-ma,westminister.xlsx
University of Westminster,"Marylebone, Central London",https://www.westminster.ac.uk/courses/digital-marketing-management-msc,digital-marketing-management,Master's,None,None,"A minimum of a lower second class honours degree (2:2) in relevant degree disciplines including business studies, economics, geography, management, and operation research. Alternative professional qualifications with at least three years' relevant professional experience will also be considered.",None,None,None,None,None,None,None,None,None,None,None,None,None,None,None,None,None,None,None,None,None,None,None,Second Lower,Accepted,None,None,None,None,None,None,None,None,None,None,None,None,None,None,None,None,None,None,None,None,None,6.5,6.0,None,None,None,None,Accepted,Accepted,None,None,None,https://www.westminster.ac.uk/marketing-courses/2025-26/september/full-time/digital-marketing-management-msc,westminister.xlsx
University of Westminster,"Harrow, North-West London",https://www.westminster.ac.uk/courses/expanded-photography-ma,expanded-photography-ma,Master's,None,None,A minimum of an upper second class honours degree (2:1) or a lower second class honours degree (2:2) with relevant experience in related subject areas.,None,None,None,None,None,None,None,None,None,None,None,None,None,None,None,None,None,None,None,None,None,None,None,Second Upper,None,None,None,None,None,None,None,None,None,None,None,None,None,None,None,None,None,None,None,None,None,None,6.5,6.0,None,None,None,None,Accepted,Accepted,None,None,None,https://www.westminster.ac.uk/art-design-and-visual-culture-courses/2025-26/september/part-time-day/expanded-photography-ma,westminister.xlsx
University of Westminster,"Marylebone, Central London",https://www.westminster.ac.uk,economics,Master's,None,None,"A minimum of a lower second class honours degree (2:2). A relevant degree, which would be a single Honours or a major in Economics, or a quantitative discipline with a minor in Economics, or a more general first degree with significant study of economics and quantitative methods. Non-graduates with extensive work experience in the economics or closely-related profession will also be considered.",None,None,None,None,None,None,None,None,None,None,None,None,None,None,None,None,None,None,None,None,None,None,None,Second Lower,Non-graduates with extensive work experience in the economics or closely-related profession will also be considered.,None,None,None,None,None,None,None,None,None,None,None,None,None,None,None,None,None,None,None,None,None,6.5,6.0,None,None,None,None,Accepted,Accepted,None,None,None,https://www.westminster.ac.uk/economics-courses/2025-26/january/full-time/economic-policy-and-analysis-msc,westminister.xlsx
University of Westminster,Central London,https://www.westminster.ac.uk,international-relations-and-security-ma,Master's,None,None,A minimum of a lower second class honours degree (2:2) in a related discipline in social sciences or humanities.,None,None,None,None,None,None,None,None,None,None,None,None,None,None,None,None,None,None,None,None,None,None,None,Second Lower,None,None,None,None,None,None,None,None,None,None,None,None,None,None,None,None,None,None,None,None,None,None,6.5,6.0,None,None,None,None,Accepted,Accepted,None,None,None,https://www.westminster.ac.uk/politics-and-international-relations-courses/2025-26/january/full-time/international-relations-and-security-ma,westminister.xlsx
University of Westminster,Central London,https://www.westminster.ac.uk,pharmacology-and-physiology-bsc-hons,Bachelor's,64 UCAS Tariff points,//www.ucas.com,"A Levels, T Levels, International Baccalaureate, BTEC Extended Diploma, BTEC Diploma, Access to Higher Education Diploma",DDE,None,None,None,None,None,MPP,None,None,None,None,None,None,None,None,None,"GCSE English Language grade 4/C, GCSE Maths grade 4/C","English, Maths",4/C,None,None,None,None,None,None,None,None,None,None,None,None,None,None,None,None,None,None,None,None,None,None,None,None,None,None,None,5.5,5.5,None,None,None,None,None,None,None,None,None,https://www.westminster.ac.uk/biological-and-biomedical-sciences-courses/2025-26/september/full-time/pharmacology-and-physiology-with-foundation-bsc-honours,westminister.xlsx
University of Westminster,"Marylebone, Central London",https://www.westminster.ac.uk,quantity-surveying-and-commercial-management-bsc-hons,Bachelor's,72 UCAS Tariff points,//www.ucas.com,"A levels – DDD, T levels – 72 UCAS Tariff points, International Baccalaureate – 72 UCAS Tariff points from all components of the Diploma Programme, BTEC Extended Diploma – MMP, BTEC Diploma – DM, Access – 72 UCAS Tariff points from the Access course",DDD,None,None,None,None,None,None,None,MMP,None,None,None,None,None,None,None,"GCSE English Language grade 4/C, GCSE Maths grade 4/C","English Language, Maths",4/C,None,None,None,None,None,None,None,None,None,None,None,None,None,None,None,None,None,None,None,None,None,None,None,None,None,None,None,6.0,5.5,None,None,None,None,None,None,None,None,None,https://www.westminster.ac.uk/construction-surveying-and-real-estate-courses/2025-26/september/full-time/quantity-surveying-and-commercial-management-with-foundation-bsc-honours,westminister.xlsx
University of Westminster,"Harrow, North-West London",https://www.westminster.ac.uk/courses/global-contemporary-art-ma,global-contemporary-art-ma,Master's,None,None,UCAS Relevant Qualification: None,None,None,None,None,None,None,None,None,None,None,None,None,None,None,None,Required,None,None,None,None,None,None,None,None,None,None,None,CACHE Technical Level 3 Requirement: None,None,None,None,None,None,None,None,None,None,None,None,None,None,None,None,None,None,Required,6.5,6.5,None,None,None,None,None,None,None,None,"Entry Requirements: A minimum of an upper second class honours degree (2:1) or a lower second class honours degree (2:2) with relevant experience in related subject areas. Applicants are required to submit a portfolio of recent practice projects. This should be presented in digital form and be annotated to demonstrate the progression from brief or inspiration through to completion. All images should be fully captioned with date of completion, size and medium used. Applicants will also need to identify in writing (maximum 500 words) a specific area of personal interest, which they envisage studying in depth whilst on the course. Interviews will be held online.",https://www.westminster.ac.uk/art-design-and-visual-culture-courses/2025-26/september/full-time/global-contemporary-art-ma,westminister.xlsx
University of Westminster,Central London,https://www.westminster.ac.uk,professional-writing,Master's,None,None,A minimum of a lower second class honours degree (2:2).,None,None,None,None,None,None,None,None,None,None,None,None,None,None,None,None,None,None,None,None,None,None,None,Second Lower,None,None,None,None,None,None,None,None,None,None,None,None,None,None,None,None,None,None,None,None,None,None,6.5,6.0,None,None,None,None,Accepted,Accepted,None,None,None,https://www.westminster.ac.uk/english-and-creative-writing-courses/2025-26/september/full-time/professional-writing-ma,westminister.xlsx
University of Westminster,Central London,https://www.westminster.ac.uk,art-and-visual-culture,Master's,None,None,"A minimum of a lower second class honours degree (2:2) in a relevant discipline including arts and humanities, fine art and performing arts, as well as some social science subjects.",None,None,None,None,None,None,None,None,None,None,None,None,None,None,None,None,None,None,None,None,None,None,None,Second Lower,"Relevant work experience might also be taken into consideration, especially in the case of applicants who don't meet the standard entry criteria.",None,None,None,None,None,None,None,None,None,None,None,None,None,None,None,None,None,None,None,None,None,6.5,6.0,None,None,None,None,Accepted,Accepted,None,None,None,https://www.westminster.ac.uk/art-design-and-visual-culture-courses/2025-26/september/part-time-day/art-and-visual-culture-ma,westminister.xlsx
University of Westminster,Central London,https://www.westminster.ac.uk/courses/diplomacy-and-global-politics-ma,diplomacy-and-global-politics-ma,Master's,None,None,A minimum of a lower second class honours degree (2:2) in a related discipline in Social Sciences or Humanities.,None,None,None,None,None,None,None,None,None,None,None,None,None,None,None,None,None,None,None,None,None,None,None,None,None,None,None,None,None,None,None,None,None,None,None,None,None,None,None,None,None,None,None,None,None,None,6.5,6.0,None,None,None,None,None,None,None,None,"Entry Requirements: A minimum of a lower second class honours degree (2:2) in a related discipline in Social Sciences or Humanities. If your first language is not English, you should have an IELTS 6.5 with at least 6.5 in writing and no element below 6.0.",https://www.westminster.ac.uk/politics-and-international-relations-courses/2025-26/september/full-time/diplomacy-and-global-politics-ma,westminister.xlsx
University of Westminster,"Marylebone, Central London",https://www.westminster.ac.uk/courses/digital-marketing-management-msc,digital-marketing-management-msc,Master's,None,None,"UCAS Relevant Qualification: ""A minimum of a lower second class honours degree (2:2). Relevant degree disciplines include business studies, economics, geography, management, and operation research. However, students with qualifications in other disciplines such as engineering, environmental sciences, the humanities and languages are also encouraged to apply.""",None,None,None,None,None,None,None,None,None,None,None,None,None,None,None,None,None,None,None,None,None,None,None,Second Lower,Alternative professional qualifications with at least three years' relevant professional experience will also be considered.,None,None,None,None,None,None,None,None,None,None,None,None,None,None,None,None,None,None,None,None,None,6.5,6.0,None,None,None,None,None,None,None,None,Additional Requirements: None,https://www.westminster.ac.uk/marketing-courses/2025-26/january/full-time/digital-marketing-management-msc,westminister.xlsx
University of Westminster,"Harrow, North-West London",https://www.westminster.ac.uk/courses/games-art-ba,games-art-ba,Bachelor's,96 UCAS Tariff points,//www.ucas.com,"A levels, T levels, International Baccalaureate, BTEC Extended Diploma, BTEC Diploma, Access to Higher Education Diploma",CCC,None,None,None,None,None,MMM BTEC Diploma – DD,None,None,None,None,None,None,None,None,Required,GCSE English Language grade 4/C,"English Language, Maths",4/C,None,None,None,None,None,None,None,None,None,None,None,None,None,None,None,None,None,None,None,None,None,None,None,None,None,None,None,6.0,5.5,None,None,None,None,None,None,None,None,None,https://www.westminster.ac.uk/art-design-and-visual-culture-courses/2025-26/september/full-time/games-art-ba-honours,westminister.xlsx
University of Westminster,"Marylebone, Central London",https://www.westminster.ac.uk/courses/architecture-and-sustainable-heritage-ma,architecture-and-sustainable-heritage-ma,Master's,None,None,"A minimum of a lower second class honours degree (2:2) in architecture or a related art, design or built environment discipline such as planning, urban design, heritage & conservation, tourism planning.",None,None,None,None,None,None,None,None,None,None,None,None,None,None,None,None,None,None,None,None,None,None,None,None,None,None,None,None,None,None,None,None,None,None,None,None,None,None,None,None,None,None,None,None,None,None,6.5,6.0,None,None,None,None,None,None,None,None,"Entry Requirements: A minimum of a lower second class honours degree (2:2) in architecture or a related art, design or built environment discipline such as planning, urban design, heritage & conservation, tourism planning. If your first language is not English, you should have an IELTS 6.5 with at least 6.5 in writing and no element below 6.0.",https://www.westminster.ac.uk/architecture-interiors-and-urban-design-courses/2025-26/september/full-time/architecture-sustainable-heritage-ma,westminister.xlsx
University of Westminster,Central London,https://www.westminster.ac.uk/courses/forensic-psychology-msc,forensic-psychology-msc,Master's,None,None,"UCAS Relevant Qualification: ""A 2:1 or above in a BPS-accredited psychology undergraduate degree (or equivalent through a psychology conversion course) conferring Graduate Basis for Chartered Membership (GBC) is typically required.""",None,None,None,None,None,None,None,None,None,None,None,None,None,None,None,None,None,Mathematics,None,None,None,None,None,Second Lower,None,None,None,None,None,None,None,None,None,None,None,None,None,None,None,HCPC,None,None,None,None,None,None,6.5,5.5,None,None,None,None,None,None,None,None,Additional Requirements: None,https://www.westminster.ac.uk/psychology-courses/2025-26/september/part-time-day/forensic-psychology-msc,westminister.xlsx
University of Westminster,Central London,https://www.westminster.ac.uk/courses/art-and-visual-culture-ma,art-and-visual-culture-ma,Master's,None,None,"A minimum of a lower second class honours degree (2:2) in a relevant discipline, including arts and humanities, fine arts and performing arts, as well as some social science subjects.",None,None,None,None,None,None,None,None,None,None,None,None,None,None,None,None,None,None,None,None,None,None,None,Second Lower,"Relevant work experience might also be taken into consideration, especially in the case of applicants who don't meet the standard entry criteria.",None,None,None,None,None,None,None,None,None,None,None,None,None,None,None,None,None,None,None,None,None,6.5,6.0,None,None,None,None,Accepted,Accepted,None,None,None,https://www.westminster.ac.uk/art-design-and-visual-culture-courses/2025-26/january/part-time-day/art-and-visual-culture-ma,westminister.xlsx
University of Westminster,"Marylebone, Central London",https://www.westminster.ac.uk/courses/data-and-marketing-analytics-msc,data-and-marketing-analytics-msc,Master's,None,None,"UCAS Relevant Qualification: ""A minimum of a lower second class honours degree (2:2). Relevant degree disciplines include business studies, economics, geography, management, and operation research. However, students with qualifications in other disciplines, such as engineering, environmental sciences, the humanities and languages, are also encouraged to apply.""",None,None,None,None,None,None,None,None,None,None,None,None,None,None,None,None,None,None,None,None,None,None,None,Second Lower,None,None,None,None,None,None,None,None,None,None,None,None,None,None,None,None,None,None,None,None,None,None,6.5,6.0,None,None,None,None,None,None,None,None,Additional Requirements: None,https://www.westminster.ac.uk/marketing-courses/2025-26/january/full-time/data-and-marketing-analytics-msc,westminister.xlsx
University of Westminster,Central London,https://www.westminster.ac.uk,professional-legal-practice,Master's,None,None,"A minimum of a lower second class honours degree (2:2) in a related discipline including Law, Social Science. Applicants without the standard qualifications who have significant professional experience in the relevant field or related professional qualifications may be considered.",None,None,None,None,None,None,None,None,None,None,None,None,None,None,None,None,None,None,None,None,None,None,None,Second Lower,Accepted,None,None,None,None,None,None,None,None,None,None,None,None,None,None,None,None,None,None,None,None,None,6.5,6.0,None,None,None,None,Accepted,Accepted,None,None,None,https://www.westminster.ac.uk/law-courses/2025-26/september/part-time-day/professional-legal-practice-postgraduate-diploma,westminister.xlsx
University of Westminster,"Marylebone, Central London",https://www.westminster.ac.uk/courses/urban-planning-and-design-ba-hons,urban-planning-and-design,Bachelor's,96 UCAS Tariff points,//www.ucas.com,"A levels, T levels, International Baccalaureate, BTEC Extended Diploma, Access to Higher Education Diploma",CCC,None,None,None,None,None,MMMBTEC Diploma– DD,None,None,None,None,None,None,None,None,None,"GCSE English Language grade 4/C, GCSE Maths grade 4/C","English Language, Maths",4/C,96 UCAS Tariff points,None,None,None,None,None,None,None,None,None,None,None,None,None,None,None,None,None,None,None,None,None,None,None,None,None,None,6.0,5.5,None,None,None,None,None,None,None,None,None,https://www.westminster.ac.uk/architecture-interiors-and-urban-design-courses/2025-26/september/full-time/urban-planning-and-design-with-foundation-ba-honours,westminister.xlsx
University of Westminster,"Marylebone, Central London",https://www.westminster.ac.uk,business-and-organisational-psychology,Master's,None,None,"UCAS Relevant Qualification: ""A minimum of a lower second class honours degree (2:2). Relevant degree disciplines include Psychology, Business, Social Science or Science.""",None,None,None,None,None,None,None,None,None,None,None,None,None,None,None,None,None,None,None,None,None,None,None,Second Lower,Accepted,None,None,None,None,None,None,None,None,None,None,None,None,None,None,None,None,None,None,None,None,None,6.5,6.0,None,None,None,None,None,None,None,None,Additional Requirements: None,https://www.westminster.ac.uk/business-and-management-psychology-courses/2025-26/september/full-time/business-and-organisational-psychology-msc,westminister.xlsx
University of Westminster,"Harrow, North-West London",https://www.westminster.ac.uk/courses/fashion-photography-ba-hons,fashion-photography,Bachelor's,48 UCAS Tariff points,//www.ucas.com,"A Levels, T Levels, International Baccalaureate, BTEC Extended Diploma, BTEC Diploma, Access to Higher Education Diploma",DD,None,None,None,None,None,PPP,None,None,None,None,None,None,None,None,Required,"GCSE English Language grade 4/C, GCSE Maths Pass","English Language, Maths",4/C,48 UCAS Tariff points,None,None,None,None,None,None,None,None,None,None,None,None,None,None,None,None,None,None,None,None,None,None,None,None,None,None,6.0,5.5,None,None,None,None,None,None,None,None,None,https://www.westminster.ac.uk/art-design-and-visual-culture-fashion-media-and-communication-courses/2025-26/september/full-time/fashion-photography-with-foundation-ba-honours,westminister.xlsx
University of Westminster,Central London,https://www.westminster.ac.uk,integrative-health-and-wellbeing-with-professional-experience,Master's,None,None,"A minimum of a lower second class honours degree (2:2) in a relevant discipline including health or allied health related subject, or in social care related subjects.",None,None,None,None,None,None,None,None,None,None,None,None,None,None,None,None,None,None,None,None,None,None,None,Second Lower,None,None,None,None,None,None,None,None,None,None,None,None,None,None,None,None,None,None,None,None,None,None,6.5,6.0,None,None,None,None,None,None,None,None,None,https://www.westminster.ac.uk/nutrition-and-public-health-courses/2025-26/september/full-time/health-and-wellbeing-with-professional-experience-msc,westminister.xlsx
University of Westminster,Central London,https://www.westminster.ac.uk/courses/chinese-and-international-communication-ba,chinese-and-international-communication,Bachelor's,104 UCAS Tariff points,//www.ucas.com,"A Levels– BCC, T levels– 104 UCAS Tariff points, International Baccalaureate– 104 UCAS Tariff points from all components of the Diploma Programme, BTEC Extended Diploma– DMM, BTEC Diploma– D*D, Access– 104 UCAS Tariff points from the Access course",BCC,None,None,None,None,None,DMM,Pass (96 UCAS points),DMM,None,None,None,None,None,None,None,"GCSE English Language grade 4/C, GCSE Maths grade 4/C","English Language, Maths",4/C,None,None,None,None,None,None,None,None,None,None,None,None,None,None,None,None,None,None,None,None,None,None,None,None,None,None,None,6.0,5.5,Accepted with a grade of C,Accepted with a grade of A,None,None,None,None,None,None,We may need to test you to decide your entry point.,https://www.westminster.ac.uk/languages-courses/2025-26/september/full-time/chinese-and-international-communication-ba-honours,westminister.xlsx
University of Westminster,Central London,https://www.westminster.ac.uk/courses/international-relations-and-development-ba-hons,international-relations-and-development-ba-hons,Bachelor's,56 UCAS Tariff points,//www.ucas.com,"A Levels, T Levels, International Baccalaureate, BTEC Extended Diploma, BTEC Diploma, Access to Higher Education Diploma",DEE,None,None,None,None,None,MPP,None,None,None,None,None,None,None,56,None,"GCSE English Language grade 4/C, GCSE Maths grade 4/C","English Language, Maths",4/C,None,None,None,None,None,None,None,None,None,None,None,None,None,None,None,None,None,None,None,None,None,None,None,None,None,None,None,6.0,5.5,None,None,None,None,None,None,None,None,None,https://www.westminster.ac.uk/politics-and-international-relations-courses/2025-26/september/full-time/international-relations-and-development-with-foundation-ba-honours,westminister.xlsx
University of Westminster,Central London,https://www.westminster.ac.uk/courses/international-relations-and-democratic-politics-ma,international-relations-and-democratic-politics-ma,Master's,None,None,A minimum of a lower second class honours degree (2:2) in a related discipline in social sciences or humanities.,None,None,None,None,None,None,None,None,None,None,None,None,None,None,None,None,None,None,None,None,None,None,None,Second Lower,None,None,None,None,None,None,None,None,None,None,None,None,None,None,None,None,None,None,None,None,None,None,6.5,6.0,None,None,None,None,Accepted,Accepted,None,None,Applicants are required to submit one academic reference.,https://www.westminster.ac.uk/politics-and-international-relations-courses/2025-26/september/part-time-day/international-relations-and-democratic-politics-ma,westminister.xlsx
University of Westminster,Central London,https://www.westminster.ac.uk/courses/biomedical-science-msc,biomedical-science-msc,Master's,None,None,"UCAS Relevant Qualification: ""A minimum of a lower second class honours degree (2:2) in biomedical sciences or a closely related discipline. Professional qualification of equivalent status and associated work experience or an equivalent qualification deemed suitable by the course team.""",None,None,None,None,None,None,None,None,None,None,None,None,None,None,None,None,None,None,None,None,None,None,None,Second Lower,None,None,None,None,None,None,None,None,None,None,None,None,None,None,None,None,None,None,None,None,None,None,6.5,6.0,None,None,None,None,None,None,None,None,Additional Requirements: None,https://www.westminster.ac.uk/biological-and-biomedical-sciences-courses/2025-26/september/part-time-day/biomedical-science-msc,westminister.xlsx
University of Westminster,Central London,https://www.westminster.ac.uk/courses/french-and-international-business-ba-hons,french-and-international-business,Bachelor's,104 UCAS Tariff points,//www.ucas.com,"A levels, T levels, International Baccalaureate, BTEC Extended Diploma, BTEC Diploma, Access to Higher Education Diploma",BCC,None,None,None,None,None,DMM,None,DMM,None,None,None,None,None,None,None,"GCSE English Language grade 4/C, GCSE Maths grade 4/C","English Language, Maths",4/C,None,None,None,None,None,None,None,None,None,None,None,None,None,None,None,None,None,None,None,None,None,None,None,None,None,None,None,6.0,5.5,None,None,None,None,None,None,None,None,None,https://www.westminster.ac.uk/business-and-management-languages-courses/2025-26/september/full-time/french-and-international-business-ba-honours,westminister.xlsx
University of Worcester,None,https://www.worc.ac.uk,illustration,Bachelor's,104 UCAS tariff points,//www.ucas.com,"A Levels, T Levels",BCC,None,None,None,None,None,None,None,None,None,None,None,None,None,None,Required,None,None,None,None,None,None,None,None,None,None,None,None,None,None,None,None,None,None,None,None,None,None,None,None,None,None,None,None,Required,Required,None,None,None,None,None,None,None,None,None,None,"Entry requirements: 104 UCAS tariff points (for example, BCC at A Level). Shortlisted applicants may be invited to attend an interview and to provide a portfolio for consideration. T Levels may be used to meet the entry tariff requirements for this course.",https://www.worcester.ac.uk/courses/illustration-ba-hons.html,worcester.xlsx
University of Worcester,Worcester,https://www.worc.ac.uk/courses/medicine-graduate-entry-mbchb,medicine-graduate-entry-mbchb,Bachelor's,None,None,"UCAS Relevant Qualification: ""1st or 2:1 undergraduate honours degree in any subject (or 2:2 plus Masters or Doctoral degree)""",None,None,None,None,None,None,None,None,None,None,None,None,None,None,None,None,C/4 or above in Maths and English,Two science subjects,C/4,None,None,None,None,None,None,None,None,CACHE Technical Level 3 Requirement: None,None,None,None,None,None,None,None,None,None,None,None,None,None,None,None,None,None,None,None,None,None,None,None,None,None,None,None,None,"Additional Requirements:
Graduate Entry: ""1st or 2:1 undergraduate honours degree in any subject (or 2:2 plus Masters or Doctoral degree)""
GCSEs: ""Passed GCSEs (or equivalent) at grade C/4 or above in Maths and English""
Science Subjects: ""Passed GCSEs (or equivalent) at grade C/4 or above in two science subjects (maths is not included as a science subject)""",https://www.worcester.ac.uk/courses/medicine-mbchb#costs,worcester.xlsx
University of Worcester,None,https://www.worc.ac.uk,animation,Master's,104,http://www.ucas.com,"UCAS Relevant Qualification: ""A minimum of 2 A Levels (or equivalent Level 3 qualifications)""",BCC,None,None,None,None,None,None,None,None,None,None,None,None,None,None,None,4 GCSEs (Grade C/4 or above),None,None,None,None,None,None,None,None,None,None,None,None,None,None,None,None,None,None,None,None,None,None,None,None,None,None,None,None,None,None,None,None,None,None,None,None,None,None,None,Additional Requirements: None,https://www.worcester.ac.uk/courses/animation-joint-honours,worcester.xlsx
University of Worcester,None,https://www.worc.ac.uk/courses/education-studies-ba-hons,education-studies,Bachelor's,88 UCAS tariff points,None,"A combination of acceptable qualifications such as A levels, T Levels, Cache Diplomas, and BTEC qualifications.",CCD,None,None,None,None,None,None,None,None,None,None,None,None,None,None,None,None,None,None,None,None,None,None,None,None,None,None,None,None,None,None,None,None,None,None,None,None,None,None,None,None,None,None,None,None,None,None,None,None,None,None,None,None,None,None,None,Enhanced Disclosure & Barring Service (DBS) check is required for some modules on the course.,https://www.worcester.ac.uk/courses/education-studies-ba-hons,worcester.xlsx
University of Worcester,Worcester,https://www.worc.ac.uk/courses/paramedic-science-bsc-hons,paramedic-science,Bachelor's,120,https://www.ucas.com,"UCAS Relevant Qualification: ""A-levels (BBB), BTEC Extended National Diploma (DDM), Irish Leaving Certificate: 3A and 3B grades in 6 Higher Level papers including 2 science subjects, Access to Higher Education Diploma welcomed - 60 credits in total, with a minimum of 45 credits at Level 3.""",BBB,"Biology, Chemistry, Physics, Sociology, Psychology or Physical Education (P.E.)",None,None,None,None,DDM,None,None,None,None,None,None,None,None,None,C/4 or above in English and Maths,"English, Maths",C or 4,None,None,None,None,None,None,None,None,CACHE Technical Level 3 Requirement: None,None,None,None,None,None,None,None,None,None,None,None,None,None,None,None,None,None,None,None,None,None,None,None,None,None,None,None,None,Additional Requirements: None,https://www.worcester.ac.uk/courses/paramedic-science-bsc-hons,worcester.xlsx
University of Worcester,"Taunton, South-West",https://www.worc.ac.uk/courses/education-and-development-fda-with-specialist-pathways,education-and-development-fda-with-specialist-pathways,Foundation,32 UCAS points,//www.ucas.com,4 GCSEs (Grade C/4 or above) and 1 A Level (or equivalent Level 3 qualification),None,None,None,None,None,None,None,None,None,None,None,None,None,None,None,None,4 GCSEs (Grade C/4 or above),"English, Mathematics",C or 4,None,None,None,None,None,Accepted,None,None,None,None,None,None,None,None,None,None,None,None,None,None,None,None,None,None,None,Required,Required,None,None,None,None,None,None,None,None,None,None,Mature students without formal qualifications may apply based on relevant work experience.,https://www.worcester.ac.uk/courses/education-and-development-fda,worcester.xlsx
University of Worcester,Worcester,https://www.worc.ac.uk/courses/pgce-secondary-art-and-design,pgce-secondary-art-and-design,Postgraduate,None,None,"Honours degree, normally 2:2 or higher from a United Kingdom higher education institution or equivalent qualification, in a relevant subject area.",None,None,None,None,None,None,None,None,None,None,None,None,None,None,None,None,"GCSE grade C/4 in English Language or English Literature and Mathematics, or equivalent qualifications.","English Language, English Literature, Mathematics",C or 4,None,None,None,None,None,None,None,None,None,None,None,None,None,None,None,None,None,None,None,None,None,None,None,None,None,None,Required,None,None,None,None,None,None,None,None,None,None,"Trainees who begin courses before providing evidence of the required GCSE standard (or equivalent) will not be eligible for financial incentives, such as bursaries or grants until they achieve the required standard.",https://www.worcester.ac.uk/courses/pgce-secondary-art-and-design,worcester.xlsx
University of Worcester,None,https://www.worc.ac.uk/courses/teaching-and-learning-support-fda,teaching-and-learning-support-fda,Foundation,32 UCAS tariff points,None,4 GCSEs (Grade C/4 or above) and 1 A Level (or equivalent Level 3 qualification),Required,None,None,None,None,None,None,None,None,None,None,None,None,None,None,None,4 GCSEs (Grade C/4 or above),None,C or 4,None,None,None,None,None,Minimum of two years' experience employed or working in a voluntary capacity within an appropriate educational setting is desirable.,None,None,None,None,None,None,None,None,None,None,None,None,None,None,None,None,None,None,None,None,Required,None,None,None,None,None,None,None,None,None,None,Disclosure and Barring Service Check is required for this course. Candidates with non-standard entry applications will be considered on the basis of relevant work experience and attainment of skills. They will be invited to an Informal Interview with the Course Leader.,https://www.worcester.ac.uk/courses/teaching-and-learning-support-fda-1,worcester.xlsx
University of Worcester,Worcester,https://www.worc.ac.uk/courses/diagnostic-radiography-bsc-hons-with-foundation-year,diagnostic-radiography-bsc-hons-with-foundation-year,Bachelor's,32,None,1 A-level (grade C or above) or an equivalent qualification,C,None,None,None,None,None,None,None,None,None,None,None,None,None,None,None,GCSE English and Mathematics at grade C/4 or above,"English, Mathematics",C or 4,None,None,None,None,None,None,None,None,None,None,None,None,None,None,None,None,None,None,None,None,None,None,None,None,None,None,None,None,None,None,None,None,None,None,None,None,None,Clear commitment to pursuing a career in Diagnostic Radiography; To be at least 18 years old; All applicants will be judged on their individual merits; Mature students without the usual formal qualifications are welcome.,https://www.worcester.ac.uk/courses/diagnostic-radiography-bsc-hons-with-foundation-year,worcester.xlsx
University of Worcester,Worcester,https://www.worc.ac.uk/courses/animation-and-screenwriting-ba-hons,animation-and-screenwriting-ba-hons,Bachelor's,104 UCAS Tariff points,//www.ucas.com,T Levels may be used to meet the entry tariff requirements for this course.,None,None,None,None,None,None,None,None,None,None,None,None,None,None,None,None,None,None,None,None,None,None,None,None,None,None,None,None,None,None,None,None,None,None,None,None,None,None,None,None,None,None,None,None,None,None,None,None,None,None,None,None,None,None,None,None,None,https://www.worcester.ac.uk/courses/animation-and-screenwriting-ba-hons,worcester.xlsx
University of Worcester,Worcester,https://www.worc.ac.uk/courses/marketing-msc,marketing-msc,Master's,None,None,"UCAS Relevant Qualification: ""A second class honours degree in any subject (or International students holding a qualification recognised as equivalent by the University)""",None,None,None,None,None,None,None,None,None,None,None,None,None,None,None,None,None,None,None,None,None,None,None,Second Lower,None,None,None,None,None,None,None,None,None,None,None,None,None,None,None,None,None,None,None,None,None,None,6.5,5.5,None,None,None,None,None,None,None,None,Additional Requirements: None,https://www.worcester.ac.uk/courses/marketing-msc,worcester.xlsx
University of Worcester,Worcester,https://www.worc.ac.uk,fine-artba-hons,Bachelor's,104,//www.ucas.com,"A-levels, BTEC National Extended Diploma, T-levels, Access to HE Diplomas",BCC,None,None,None,None,None,DMM,Pass (96 UCAS points),None,None,None,None,None,None,None,None,None,None,None,None,None,None,None,None,None,None,None,None,None,None,None,None,None,None,None,None,None,None,None,None,None,None,None,None,None,None,None,None,None,None,None,None,None,None,None,None,UCAS Code: W100,https://www.worcester.ac.uk/courses/fine-art-ba-hons,worcester.xlsx
University of Worcester,Worcester,https://www.worc.ac.uk/courses/law-llb-hons,law-llb-hons,Undergraduate,120,https://www.ucas.com,"UCAS Relevant Qualification: ""A-levels, BTEC National Extended Diploma, T-levels, Access to HE Diplomas""",BBBB,None,None,None,None,None,None,None,None,None,None,None,None,None,None,None,None,None,None,None,None,None,None,None,None,None,None,None,None,None,None,None,None,None,None,None,None,None,None,None,None,None,None,None,None,None,None,None,None,None,None,None,None,None,None,None,Additional Requirements: None,https://www.worcester.ac.uk/courses/law-llb-hons-2024,worcester.xlsx
University of Worcester,Worcester,https://www.worc.ac.uk,physiotherapy,PhD,None,None,First or Upper Second-Class Honours Degree or an approved equivalent award or Research or professional experience which has resulted in appropriate evidence of achievement,None,None,None,None,None,None,None,None,None,None,None,None,None,None,None,None,None,None,None,None,None,None,None,First or Upper Second-Class Honours Degree or equivalent award in an appropriate discipline,Accepted,None,None,None,None,None,None,None,None,None,None,None,None,None,None,None,Postgraduate Masters Degree in a discipline which is appropriate to the proposed programme of study,Required,None,None,None,None,6.5,6.0,None,None,None,None,None,None,None,None,None,https://www.worcester.ac.uk/courses/physiotherapy-mphilphd,worcester.xlsx
University of Worcester,None,https://www.worc.ac.uk/courses/counselling-msc,counselling,Master's,None,None,"UCAS Relevant Qualification: ""An honours degree (normally a minimum of lower second class) preferably in an associated subject or equivalent professional qualifications.""",None,None,None,None,None,None,None,None,None,None,None,None,None,None,None,None,None,None,None,None,None,None,None,Second Lower,Accepted,None,International students must hold a qualification equivalent to a UK first or second class honours degree.,None,None,None,None,None,None,None,None,None,None,None,None,None,None,None,None,None,None,None,6.5,None,None,None,None,None,None,None,None,None,Additional Requirements: None,https://www.worcester.ac.uk/courses/counselling-msc,worcester.xlsx
University of Worcester,Worcester,https://www.worcester.ac.uk/courses/doctor-of-business-administration.html,doctor-of-business-administration,Doctorate,None,None,"UCAS Relevant Qualification: ""A second class honours degree in any subject or equivalent qualification, plus a minimum of 2 years business/management experience at an appropriate senior level.""",None,None,None,None,None,None,None,None,None,None,None,None,None,None,None,None,None,None,None,None,None,None,None,None,Accepted,None,None,CACHE Technical Level 3 Requirement: None,None,None,None,None,None,None,None,None,None,None,None,None,None,None,None,None,None,Required,6.5,None,None,None,None,None,None,None,None,None,"Entry requirements: ""Active experienced professionals who have recently (within the last 6 years) been awarded a relevant Masters qualification. Applicants must also be able to demonstrate that they have a minimum of three years senior management and/or business experience.""
International students will also be required to demonstrate that they have the appropriate level of written and spoken English (normally IELTS score of 6.5 with no less than 6 in any component). Entry qualifications for international students are guided by Ecctis.",https://www.worcester.ac.uk/courses/doctor-of-business-administration-dba,worcester.xlsx
University of Worcester,Worcester,https://www.worc.ac.uk/courses/history-and-journalism-ba-hons,history-and-journalism-ba-hons,Bachelor's,104 UCAS Tariff points,//www.ucas.com,A minimum of 2 A Levels (or equivalent Level 3 qualifications). T Levels may be used to meet the entry tariff requirements for this course.,Required,English,None,None,None,None,None,None,None,None,None,None,None,None,None,None,4 GCSEs (Grade C/4 or above),"Mathematics, English",C or 4,None,None,None,None,None,None,None,None,None,None,None,None,None,None,None,None,None,None,None,None,None,None,None,None,None,None,None,None,None,None,None,None,None,None,None,None,None,None,https://www.worcester.ac.uk/courses/history-and-journalism-ba-hons,worcester.xlsx
University of Worcester,Worcester,https://www.worc.ac.uk,applied-sport-physiology,Master's,None,None,"A combination of acceptable Level 3 qualifications such as A-levels, T Levels, or BTEC Diplomas.",None,None,None,None,None,None,None,None,None,None,None,None,None,None,None,None,None,None,None,None,None,None,None,2:1 classification in a sport-related degree,Accepted,None,None,None,None,None,None,None,None,None,None,None,None,None,None,None,Required,Required,None,None,None,None,6.5,5.5,None,None,None,None,None,None,None,None,None,https://www.worcester.ac.uk/courses/applied-sport-physiology,worcester.xlsx
University of Worcester,Worcester,https://www.worc.ac.uk,human-biology-phd,PhD,None,None,First or Upper Second Class Honours Degree or an approved equivalent award or Research or professional experience which has resulted in appropriate evidence of achievement,None,None,None,None,None,None,None,None,None,None,None,None,None,None,None,None,None,None,None,None,None,None,None,First or Upper Second Class Honours Degree or equivalent award in an appropriate discipline,Accepted,None,None,None,None,None,None,None,None,None,None,None,None,None,None,None,Postgraduate Masters Degree in a discipline which is appropriate to the proposed programme of study,Required,None,None,None,None,6.5,6.0,None,None,None,None,None,None,None,None,None,https://www.worcester.ac.uk/courses/human-biology-mphilphd,worcester.xlsx
University of Worcester,Worcester,https://www.worc.ac.uk/courses/physical-education-and-sports-coaching-bsc-hons,physical-education-and-sports-coaching-bsc-hons,Bachelor's,112,//www.ucas.com,"A-levels, BTEC National Extended Diploma, T-levels, Access to HE Diplomas",BBC,None,None,None,None,None,DMM,Pass (96 UCAS points),None,None,None,None,None,None,None,None,None,None,None,None,None,None,None,None,None,None,None,None,None,None,None,None,None,None,None,None,None,None,None,None,None,None,None,None,None,None,None,None,None,None,None,None,None,None,None,None,None,https://www.worcester.ac.uk/courses/physical-education-and-sports-coaching-bsc-hons,worcester.xlsx
University of Worcester,Worcester,https://www.worc.ac.uk,pgce-secondary-science-biology,Postgraduate,None,None,"Honours degree, normally 2:2 or higher from a United Kingdom higher education institution or equivalent qualification, in a relevant subject area.",None,None,None,None,None,None,None,None,None,None,None,None,None,None,None,None,"GCSE grade C/4 in English Language or English Literature and Mathematics, or equivalent qualifications.","English Language, English Literature, Mathematics",C or 4,None,None,None,None,None,None,None,None,None,None,None,None,None,None,None,None,None,None,None,None,None,None,None,None,None,None,Required,None,None,None,None,None,None,None,None,None,None,"Trainees who begin courses before providing evidence of the required GCSE standard (or equivalent) will not be eligible for financial incentives, such as bursaries or grants until they achieve the required standard.",https://www.worcester.ac.uk/courses/pgce-secondary-science-biology,worcester.xlsx
University of Worcester,Worcester,https://www.worc.ac.uk,advanced-clinical-practice,Master's,None,None,A lower second-class Honours degree (2:2) in a Health-related subject or an overseas equivalent OR Qualifications and experience considered to be equivalent to the above.,None,None,None,None,None,None,None,None,None,None,None,None,None,None,None,None,None,None,None,None,None,None,None,Second Lower,None,None,None,None,None,None,None,None,None,None,None,None,None,None,None,NMC/HCPC/GPhC,None,None,None,None,None,None,7,5.5,None,None,None,None,None,None,None,None,None,https://www.worcester.ac.uk/courses/advanced-clinical-practice-msc,worcester.xlsx
University of Worcester,Worcester,https://www.worc.ac.uk/courses/journalism-and-screenwriting-ba-hons,journalism-and-screenwriting,Bachelor's,104 UCAS Tariff points,//www.ucas.com,"A combination of acceptable Level 3 qualifications such as A-levels, T Levels, or BTEC Diplomas.",None,None,None,None,None,None,None,None,None,None,None,None,None,None,None,None,None,None,None,None,None,None,None,None,None,None,None,None,None,None,None,None,None,None,None,None,None,None,None,None,None,None,None,None,None,None,None,None,None,None,None,None,None,None,None,None,None,https://www.worcester.ac.uk/courses/journalism-and-screenwriting-ba-hons,worcester.xlsx
University of Worcester,Worcester,https://www.worc.ac.uk,education,Master's,None,None,First or Upper Second Class Honours Degree or an approved equivalent award in a relevant discipline or Research or professional experience which has resulted in appropriate evidence of achievement,None,None,None,None,None,None,None,None,None,None,None,None,None,None,None,None,None,None,None,None,None,None,None,None,None,None,None,None,None,None,None,None,None,None,None,None,None,None,None,None,None,None,None,None,None,None,6.5,6,None,None,None,None,None,None,None,None,None,https://www.worcester.ac.uk/courses/education-ma-by-research-202426,worcester.xlsx
University of Worcester,Worcester,https://www.worc.ac.uk/courses/sports-therapy-bsc-hons,sports-therapy-bsc-hons,Bachelor's,112,//www.ucas.com,"A-levels, BTEC National Extended Diploma, T-levels, Access to HE Diplomas",BBC,None,None,None,None,None,DMM,Pass (112 UCAS points),None,None,None,None,None,None,None,None,None,None,None,None,None,None,None,None,None,None,None,None,None,None,None,None,None,None,None,None,None,None,None,None,None,None,None,None,None,None,None,None,None,None,None,None,None,None,None,None,"UCAS tariff points required: 112, Typical Offer Qualification Grade: A-level BBC, BTEC National Extended Diploma DMM, T-level Merit, We do accept Access to HE Diplomas and other qualifications which may not exactly match the combinations above.",https://www.worcester.ac.uk/courses/sports-therapy-bsc-hons,worcester.xlsx
University of Worcester,Worcester,https://www.worc.ac.uk/courses/medical-sciences-bsc-hons,medical-sciences-bsc-hons,Bachelor's,96-104 UCAS Tariff points,//www.worc.ac.uk,"A Level Biology, Human Biology or Chemistry and A Level in another science, Maths or Statistics. T Levels may be used to meet the entry tariff requirements for this course. Other qualifications, such as BTEC in a Science, and Access to Higher Education, will also be considered.",Required,"Biology, Human Biology or Chemistry",None,None,None,None,None,None,None,None,None,None,None,None,None,None,None,None,None,None,None,None,None,None,None,None,None,None,None,None,None,None,None,None,None,None,None,None,None,None,None,None,None,None,None,"Guaranteed an interview for our graduate entry Medicine MBChB, provided they are predicted a 2:1 or better and are able to meet all other course entry requirements.",6.0,5.5,None,None,None,None,None,None,None,None,Entry requirements include passing either the UCAT or the GAMSAT to a requisite level.,https://www.worcester.ac.uk/courses/medical-sciences-bsc-hons,worcester.xlsx
University of Worcester,Worcester,None,legal-practice,Master's,None,None,A 2.2 honours undergraduate degree in any discipline or relevant professional work background.,None,None,None,None,None,None,None,None,None,None,None,None,None,None,None,None,None,None,None,None,None,None,None,2.2 honours undergraduate degree in any discipline,Accepted,None,None,None,None,None,None,None,None,None,None,None,None,None,None,None,Required,None,None,None,None,None,6.5,6,None,None,None,None,None,None,None,None,None,https://www.worcester.ac.uk/courses/legal-practice-llm,worcester.xlsx
University of Worcester,Worcester,https://www.worc.ac.uk,international-business-and-management-studies,Master's,None,None,First or Upper Second Class Honours Degree or an approved equivalent award in a relevant discipline or Research or professional experience which has resulted in appropriate evidence of achievement,None,None,None,None,None,None,None,None,None,None,None,None,None,None,None,None,None,None,None,None,None,None,None,None,None,None,None,None,None,None,None,None,None,None,None,None,None,None,None,None,None,None,None,None,None,None,6.5,6,None,None,None,None,None,None,None,None,None,https://www.worcester.ac.uk/courses/international-business-and-management-studies-msc-by-research-202527,worcester.xlsx
University of Worcester,Worcester,https://www.worc.ac.uk/courses/english-language-and-sociology-ba-hons,english-language-and-sociology-ba-hons,Bachelor's,104 UCAS tariff points,//www.ucas.com,"A combination of acceptable Level 3 qualifications such as A-levels, T Levels, or BTEC Diplomas.",None,None,None,None,None,None,None,None,None,None,None,None,None,None,None,None,None,None,None,None,None,None,None,None,None,None,None,None,None,None,None,None,None,None,None,None,None,None,None,None,None,None,None,None,None,None,None,None,None,None,None,None,None,None,None,None,None,https://www.worcester.ac.uk/courses/english-language-and-sociology-ba-hons,worcester.xlsx
University of Worcester,Worcester,https://www.worc.ac.uk/courses/applied-criminology-ma,applied-criminology,Master's,None,None,"A first degree gained at a 2:1 or above (or equivalent) in a similar subject discipline e.g., Criminology, Law, Psychology, Sociology or policing OR Any first degree gained at 2:2 or above with a relevant professional qualification and experience, including but not exclusively, Social Work, Police, Probation, Health and Education OR Significant experience of working within a criminal justice sector (i.e., substance use, youth support, courts etc.)",2:1 or above,None,None,None,None,None,None,None,None,None,None,None,None,None,None,None,None,None,None,None,None,None,None,Second Upper,"Significant experience of working within a criminal justice sector (i.e., substance use, youth support, courts etc.)",None,None,None,None,None,None,None,None,None,None,None,None,None,None,None,None,None,None,None,None,None,6.5,5.5,None,None,None,None,None,None,None,None,Enhanced DBS check required prior to placements; interview required as part of the application process.,https://www.worcester.ac.uk/courses/applied-criminology-ma,worcester.xlsx
University of Worcester,Worcester,https://www.worc.ac.uk/courses/sociology-with-politics-ba-hons,sociology-with-politics-ba-hons,Bachelor's,104 UCAS tariff points,//www.ucas.com,"A Levels (e.g., BCC)",BCC,None,None,None,None,None,None,None,None,None,None,None,None,None,None,None,None,None,None,None,None,None,None,None,None,None,None,None,None,None,None,None,None,None,None,None,None,None,None,None,None,None,None,None,None,None,None,None,None,None,None,None,None,None,None,None,None,https://www.worcester.ac.uk/courses/sociology-with-politics-ba-hons,worcester.xlsx
University of Worcester,Worcester,https://www.worc.ac.uk/courses/sport-and-exercise-science-bsc-hons,sport-and-exercise-science-bsc-hons,Bachelor's,112,//www.ucas.com,"A-levels, BTEC National Extended Diploma, T-levels, Access to HE Diplomas",BBC,None,None,None,None,None,DMM,Pass (112 UCAS points),None,None,None,None,None,None,None,None,None,None,None,Merit,None,None,None,None,None,None,None,None,None,None,None,None,None,None,None,None,None,None,None,None,None,None,None,None,None,None,None,None,None,None,None,None,None,None,None,None,"UCAS tariff points required: 112
Typical Offer Qualification Grade: A-level BBC
BTEC National Extended Diploma: DMM
T-level: Merit
We do accept Access to HE Diplomas and other qualifications which may not exactly match the combinations above.",https://www.worcester.ac.uk/courses/sport-exercise-science-bsc-hons,worcester.xlsx
University of Worcester,Worcester,https://www.worc.ac.uk/courses/learning-and-teaching-in-higher-education-pgclthe,learning-and-teaching-in-higher-education-pgclthe,Postgraduate,None,None,A first or second-class Honours Degree,None,None,None,None,None,None,None,None,None,None,None,None,None,None,None,None,None,None,None,None,None,None,None,None,Accepted,None,None,None,None,None,None,None,None,None,Accepted,None,None,None,None,None,None,None,None,None,None,None,None,None,None,None,None,None,None,None,None,None,"Current and ongoing experience of supporting the learning of HE students; Current experience, or anticipated experience during the period of the programme, of curriculum and assessment design at HE level; Prior experience is valued on the PGCLTHE. Those course members who have the equivalent of three years of full-time experience in a related educational setting can claim accreditation of prior learning against a module towards the certificate.",https://www.worcester.ac.uk/courses/learning-and-teaching-in-higher-education-pgclthe,worcester.xlsx
University of Worcester,Worcester,https://www.worc.ac.uk/courses/biomedical-science-bsc-hons,biomedical-science-bsc-hons,Bachelor's,96 - 104,//www.ucas.com,"A-levels, BTEC National Extended Diploma, T-levels, Access to HE Diplomas",CCC,"Biology, Human Biology or Chemistry",None,None,None,None,MMM/DMM,None,None,None,None,None,None,None,None,None,None,None,None,Pass (C or above),None,None,None,None,None,None,None,None,None,None,None,None,None,None,None,None,None,None,None,None,None,None,None,None,None,None,None,None,None,None,None,None,None,None,None,None,"Final year biomedical science students at Worcester are guaranteed an interview for our graduate entry Medicine MBChB, provided they are predicted a 2:1 or better and are able to meet all other course entry requirements, which include passing either the UCAT (University Clinical Aptitude Test) or the GAMSAT (Graduate Medical Schools Admission Test) to a requisite level.",https://www.worcester.ac.uk/courses/biomedical-science-bsc-hons-2024,worcester.xlsx
University of Worcester,Worcester,https://www.worc.ac.uk/courses/assistant-practitioner-fdsc,assistant-practitioner-fdsc,Foundation,32 UCAS tariff points,//www.ucas.com,A minimum of 1 A level and a maximum of 3 A Levels or equivalent Level 3 qualifications e.g. BTEC National Diploma or Access to Higher Education Diploma.,None,None,None,None,None,None,None,None,None,None,None,Required,None,None,None,None,GCSE grade C/4 or level 2 equivalent in Maths and English (Language or Literature),"Mathematics, English",C or 4,None,None,None,None,None,None,None,None,None,None,None,None,None,None,None,None,None,None,None,None,None,None,None,None,None,None,None,6.0,5.5,None,None,None,None,None,None,None,None,Students are required to demonstrate health and character sufficient to ensure safe and effective practice. This includes a satisfactory enhanced DBS and occupational health assessment.,https://www.worcester.ac.uk/courses/assistant-practitioner-fdsc,worcester.xlsx
University of Worcester,Worcester,https://www.worc.ac.uk,law-with-criminology,Undergraduate,120,https://www.ucas.com,"UCAS Relevant Qualification: ""A combination of acceptable Level 3 qualifications such as A-levels, T Levels, or BTEC Diplomas.""",BBB,None,None,None,None,None,None,None,None,None,None,None,None,None,None,None,Grade C/4 or above in English,English,C or 4,None,None,None,None,None,None,None,None,None,None,None,None,None,None,None,None,None,None,None,None,None,None,None,None,None,None,None,6.5,None,None,None,None,None,None,None,None,None,Additional Requirements: None,https://www.worcester.ac.uk/courses/law-with-criminology-llb-hons-2022-entry,worcester.xlsx
University of Worcester,Worcester,https://www.worc.ac.uk/courses/criminology-ba-hons,criminology,Bachelor's,112,//www.ucas.com,"A-levels, BTEC National Extended Diploma, T-levels, Access to HE Diplomas",BBC,None,None,None,None,None,DMM,Pass (96 UCAS points),None,None,None,None,None,None,None,None,None,None,None,None,None,None,None,None,None,None,None,None,None,None,None,None,None,None,None,None,None,None,None,None,None,None,None,None,None,None,None,None,None,None,None,None,None,None,None,None,"UCAS tariff points required: 112, Typical Offer Qualification Grade: A-level BBC, BTEC National Extended Diploma DMM, T-level Merit, We do accept Access to HE Diplomas and other qualifications which may not exactly match the combinations above.",https://www.worcester.ac.uk/courses/criminology-ba-hons-2024,worcester.xlsx
University of Worcester,Worcester,https://www.worc.ac.uk/courses/journalism-ba-hons,journalism,Bachelor's,104 UCAS tariff points,//www.ucas.com,"A Levels, T Levels",BCC,English,None,None,None,None,None,None,None,None,None,None,None,None,None,None,None,None,None,None,None,None,None,None,None,None,None,None,None,None,None,None,None,None,None,None,None,None,None,None,None,None,None,None,None,None,6.5,6.0,None,Accepted with a grade of A,None,None,None,None,None,None,Candidates should have good English Language skills.,https://www.worcester.ac.uk/courses/journalism-ba-hons,worcester.xlsx
University of Worcester,Worcester,https://www.worc.ac.uk/courses/nursing-adult-bsc-hons,nursing-adult-bsc-hons,Bachelor's,112,//www.ucas.com,"A-levels, BTEC National Extended Diploma, T-level, Access to HE Diplomas",BBC,None,None,None,None,None,DMM,Pass (96 UCAS points),None,None,None,None,None,None,None,None,None,None,None,None,None,None,None,None,None,None,None,None,None,None,None,None,None,None,None,None,None,None,None,None,None,None,None,None,None,None,None,None,None,None,None,None,None,None,None,None,"Mature students welcome, International students, Work out your estimated points with the UCAS tariff calculator.",https://www.worcester.ac.uk/courses/nursing-bsc-hons,worcester.xlsx
University of Worcester,Worcester,https://www.worc.ac.uk/courses/sociology-ba-hons,sociology-ba-hons,Bachelor's,104,//www.ucas.com,"A-levels, BTEC National Extended Diploma, T-levels, Access to HE Diplomas",BCC,None,None,None,None,None,DMM,Pass (96 UCAS points),None,None,None,None,None,None,None,None,None,None,None,None,None,None,None,None,None,None,None,None,None,None,None,None,None,None,None,None,None,None,None,None,None,None,None,None,None,None,None,None,None,None,None,None,None,None,None,None,None,https://www.worcester.ac.uk/courses/sociology-ba-hons,worcester.xlsx
University of Worcester,Worcester,https://www.worc.ac.uk,mental-health-and-wellbeing-practitioner,Postgraduate Certificate,None,None,A degree at 2:2 or above in a relevant discipline or evidence of recent successful study at Level 5,None,None,None,None,None,None,None,None,None,None,None,None,None,None,None,None,Grade 4 and above in Maths and English,"Mathematics, English",4,None,None,None,None,2:2 or above,Accepted,None,None,None,None,None,None,None,None,None,None,None,None,None,None,None,None,None,None,None,None,None,7.0,6.5,None,None,None,None,None,None,None,None,Disclosure and Barring Service (DBS) requirements: Enhanced DBS clearance through their employing organisation. Interview: Values-based selection event facilitated jointly by the employing NHS Trust and a member of the course team.,https://www.worcester.ac.uk/courses/mental-health-and-wellbeing-practitioner-in-specialist-adult-mental-health,worcester.xlsx
University of Worcester,Worcester,https://www.worc.ac.uk,pgce-secondary-history,Postgraduate,None,None,"UCAS Relevant Qualification: ""Honours degree, normally 2:2 or higher from a United Kingdom higher education institution or equivalent qualification, in a relevant subject area.""",None,None,None,None,None,None,None,None,None,None,None,None,None,None,None,None,"C/4 in English Language or English Literature and Mathematics, or equivalent qualifications.","English Language, English Literature, Mathematics",C/4,None,None,None,None,None,None,None,None,CACHE Technical Level 3 Requirement: None,None,None,None,None,None,None,None,None,None,None,None,None,None,None,None,None,None,None,None,None,None,None,None,None,None,None,None,None,Additional Requirements: None,https://www.worcester.ac.uk/courses/pgce-secondary-history,worcester.xlsx
University of Worcester,Worcester,https://www.worc.ac.uk/courses/ma-education-leadership-and-management,ma-education-leadership-and-management,Master's,None,None,"A good honours degree (2.2 or above) and a significant interest in education and/or equivalent professional qualifications, experience and evidence of continuing professional development.",None,None,None,None,None,None,None,None,None,None,None,None,None,None,None,None,None,None,None,None,None,None,None,Second Lower,None,None,International students must hold a qualification equivalent to a UK first or second class honours degree.,None,None,None,None,None,None,None,Students with relevant previous study at postgraduate level or with extensive experience may be considered eligible for recognition of prior learning.,None,None,None,None,None,None,None,None,None,None,None,6.5,5.5,None,None,None,None,None,None,None,None,None,https://www.worcester.ac.uk/courses/education-leadership-and-management-ma,worcester.xlsx
University of Worcester,Worcester,https://www.worc.ac.uk,sociology,PhD,None,None,First or Upper Second Class Honours Degree or an approved equivalent award or Research or professional experience which has resulted in appropriate evidence of achievement,None,None,None,None,None,None,None,None,None,None,None,None,None,None,None,None,None,None,None,None,None,None,None,First or Upper Second Class Honours Degree or equivalent award in an appropriate discipline,"Research or professional experience at postgraduate level which has resulted in published work, written reports or other appropriate evidence of achievement",None,None,None,None,None,None,None,None,None,None,None,None,None,None,None,Postgraduate Masters Degree in a discipline which is appropriate to the proposed programme of study,Required,None,None,None,None,6.5,6.0,None,None,None,None,None,None,None,None,None,https://www.worcester.ac.uk/courses/sociology-mphilphd,worcester.xlsx
University of Worcester,Worcester,https://www.worc.ac.uk/courses/english-literature-and-media-film-studies-ba-hons,english-literature-and-media-film-studies,Bachelor's,104 UCAS tariff points,//www.ucas.com,"A combination of acceptable Level 3 qualifications such as A-levels, T Levels, or BTEC Diplomas.",None,None,None,None,None,None,None,None,None,None,None,None,None,None,None,None,None,None,None,None,None,None,None,None,None,None,None,None,None,None,None,None,None,None,None,None,None,None,None,None,None,None,None,None,None,None,None,None,None,None,None,None,None,None,None,None,None,https://www.worcester.ac.uk/courses/english-literature-and-media-film-studies-ba-hons,worcester.xlsx
University of Worcester,Worcester,https://www.worc.ac.uk,english-literature-and-language-mphil-phd,PhD,None,None,First or Upper Second Class Honours Degree or an approved equivalent award or Research or professional experience which has resulted in appropriate evidence of achievement,None,None,None,None,None,None,None,None,None,None,None,None,None,None,None,None,None,None,None,None,None,None,None,First or Upper Second Class Honours Degree or equivalent award in an appropriate discipline,"Research or professional experience at postgraduate level which has resulted in published work, written reports or other appropriate evidence of achievement",None,None,None,None,None,None,None,None,None,None,None,None,None,None,None,Postgraduate Masters Degree in a discipline which is appropriate to the proposed programme of study,Required,None,None,None,None,6.5,6.0,None,None,None,None,None,None,None,None,None,https://www.worcester.ac.uk/courses/english-literature-and-language-mphilphd,worcester.xlsx
University of Worcester,Worcester,https://www.worc.ac.uk/courses/graphic-design-ba-hons,graphic-design,Bachelor's,104 UCAS tariff points,//www.ucas.com,"A combination of acceptable Level 3 qualifications such as A-levels, T Levels, or BTEC Diplomas.",BCC,None,None,None,None,None,None,None,None,None,None,None,None,None,None,None,None,None,None,None,None,None,None,None,None,None,None,None,None,None,None,None,None,None,None,None,None,None,None,None,None,None,None,None,None,None,None,None,None,None,None,None,None,None,None,None,None,https://www.worcester.ac.uk/courses/graphic-design-ba-hons,worcester.xlsx
University of Worcester,Worcester,https://www.worc.ac.uk/courses/theatre-acting-and-performance-ba-hons,theatre-acting-and-performance,Bachelor's,112,//www.ucas.com,"A-levels, BTEC National Extended Diploma, T-level, Access to HE Diplomas",BBC,None,None,None,None,None,DMM,Pass (96 UCAS points),None,None,None,None,None,None,None,None,None,None,None,None,None,None,None,None,None,None,None,None,None,None,None,None,None,None,None,None,None,None,None,None,None,None,None,None,None,None,None,None,None,None,None,None,None,None,None,None,UCAS Code: W400,https://www.worcester.ac.uk/courses/drama-performance-ba-hons.html,worcester.xlsx
University of Worcester,Worcester,https://www.worc.ac.uk/courses/nutrition-and-lifestyle-medicine-msc,nutrition-and-lifestyle-medicine,Master's,None,None,"Successful completion of an Honours Degree (2:2 level and above) in a related science subject. This should include knowledge of fundamental human anatomy, physiology, and biochemistry. Typically, human nutrition, a related bioscience course such as health science or sport and exercise science.",None,None,None,None,None,None,None,None,None,None,None,None,None,None,None,None,None,None,None,None,None,None,None,Second Lower,None,None,None,None,None,None,None,None,None,None,"Recognition of Prior Learning (RPL) Applications for recognition of prior learning, or prior experiential learning, will be considered and will be assessed using the University of Worcester RPL guidance for postgraduate courses.",None,None,None,None,BANT,None,None,None,None,None,None,7.0,6.5,None,None,None,None,None,None,None,None,None,https://www.worcester.ac.uk/courses/nutrition-and-lifestyle-practice-pgdip-msc,worcester.xlsx
University of Worcester,Worcester,https://www.worc.ac.uk,enhanced-clinical-practitioner,PGCert,None,None,"Hold an existing professionally regulated qualification e.g., NMC/HCPC, permitted to undertake the Enhanced Clinical Practitioner role",None,None,None,None,None,None,None,None,None,None,None,None,None,None,None,None,None,None,None,None,None,None,None,Lower second-class honours degree (2:2) in a health-related subject or equivalent qualification,Accepted,None,None,None,None,None,None,None,None,None,None,None,None,None,None,None,None,None,None,None,None,None,6.5,5.5,None,None,None,None,None,None,None,None,"Interview may be required; access to a PC, laptop, tablet or mobile device with a reliable internet connection; evidence of employer approval and payment agreement.",https://www.worcester.ac.uk/courses/enhanced-clinical-practitioner-pgcert,worcester.xlsx
University of Worcester,Worcester,https://www.worc.ac.uk,pgce-primary,Master's,None,None,Honours degree normally (2:2) or higher from a United Kingdom higher education institution or equivalent qualification.,None,None,None,None,None,None,None,None,None,None,None,None,None,None,None,None,"GCSE grade C/4 in English Language or English Literature, Mathematics and Science, or equivalent qualifications.","English Language, Mathematics, Science",C or 4,None,None,None,None,Second Lower,None,None,None,None,None,None,None,None,None,None,None,None,None,None,None,None,None,None,None,None,None,None,None,None,None,None,None,None,Accepted,Accepted,None,None,None,https://www.worcester.ac.uk/courses/pgce-primary-qts-2023,worcester.xlsx
University of Worcester,Worcester,https://www.worc.ac.uk/courses/pgce-secondary-physical-education,pgce-secondary-physical-education,Postgraduate,None,None,"UCAS Relevant Qualification: ""Honours degree, normally 2:2 or higher from a United Kingdom higher education institution or equivalent qualification, in a relevant subject area.""",None,None,None,None,None,None,None,None,None,None,None,None,None,None,None,None,"C/4 in English Language or English Literature and Mathematics, or equivalent qualifications.","English Language, English Literature, Mathematics",C/4,None,None,None,None,None,None,None,None,CACHE Technical Level 3 Requirement: None,None,None,None,None,None,None,None,None,None,None,None,None,None,None,None,None,None,None,None,None,None,None,None,None,None,None,None,None,Additional Requirements: None,https://www.worcester.ac.uk/courses/pgce-secondary-physical-education,worcester.xlsx
University of Worcester,Worcester,https://www.worc.ac.uk/courses/animation-and-game-art-ba-hons,animation-and-game-art,Bachelor's,104 UCAS Tariff points,//www.ucas.com,T Levels may be used to meet the entry tariff requirements for this course.,None,None,None,None,None,None,None,None,None,None,None,None,None,None,None,None,None,None,None,None,None,None,None,None,None,None,None,None,None,None,None,None,None,None,None,None,None,None,None,None,None,None,None,None,None,None,None,None,None,None,None,None,None,None,None,None,None,https://www.worcester.ac.uk/courses/animation-and-game-art-ba-hons,worcester.xlsx
University of Worcester,Worcester,https://www.worc.ac.uk/courses/paramedic-science-bsc-hons-with-foundation-year,paramedic-science-bsc-hons-with-foundation-year,Bachelor's,32,None,1 A-level (grade C or above) or an equivalent qualification,C,None,None,None,None,None,None,None,None,None,None,None,None,None,None,None,GCSE English and Mathematics at grade C/4 or above,"English, Mathematics",C/4,None,None,None,None,None,None,None,None,None,None,None,None,None,None,None,None,None,None,None,None,None,None,None,None,None,None,None,None,None,None,None,None,None,None,None,None,None,"A clear commitment to pursuing a career in nursing; To be at least 18 years old; All applicants will be judged on their individual merits and we may take other skills, qualifications and life experience into account; We welcome mature students without the usual formal qualifications and will consider your application based on your suitability and preparedness to complete the Foundation Year.",https://www.worcester.ac.uk/courses/paramedic-science-bsc-hons-with-foundation-year,worcester.xlsx
University of Worcester,Worcester,https://www.worc.ac.uk/courses/ma-education,ma-education,Master's,None,None,"A good honours degree (2.2 or above) and a significant interest in education and/or equivalent professional qualifications, experience and evidence of continuing professional development.",None,None,None,None,None,None,None,None,None,None,None,None,None,None,None,None,None,None,None,None,None,None,None,Second Lower,None,None,International students must hold a qualification equivalent to a UK first or second class honours degree.,None,None,None,None,None,None,None,Students with relevant previous study at postgraduate level or with extensive experience may be considered eligible for recognition of prior learning.,None,None,None,None,None,None,None,None,None,None,None,6.5,5.5,None,None,None,None,None,None,None,None,None,https://www.worcester.ac.uk/courses/education-mapgdippgcert,worcester.xlsx
University of Worcester,Worcester,https://www.worc.ac.uk/courses/law-llb-hons,law-llb-hons,Undergraduate,120,https://www.ucas.com,"UCAS Relevant Qualification: ""A-levels, BTEC National Extended Diploma, T-levels, Access to HE Diplomas""",BBBB,None,None,None,None,None,None,None,None,None,None,None,None,None,None,None,None,None,None,None,None,None,None,None,None,None,None,None,None,None,None,None,None,None,None,None,None,None,None,None,None,None,None,None,None,None,None,None,None,None,None,None,None,None,None,None,Additional Requirements: None,https://www.worcester.ac.uk/courses/law-llb-hons-2022-entry,worcester.xlsx
University of Worcester,Worcester,https://www.worc.ac.uk/courses/creative-writing-and-media-film-studies-ba-hons,creative-writing-and-media-film-studies-ba-hons,Bachelor's,104 UCAS tariff points,//www.ucas.com,"A combination of acceptable Level 3 qualifications such as A-levels, T Levels, or BTEC Diplomas.",None,None,None,None,None,None,None,None,None,None,None,None,None,None,None,None,None,None,None,None,None,None,None,None,None,None,None,None,None,None,None,None,None,None,None,None,None,None,None,None,None,None,None,None,None,None,None,None,None,None,None,None,None,None,None,None,None,https://www.worcester.ac.uk/courses/creative-writing-and-media-film-studies-ba-hons,worcester.xlsx
University of Worcester,Worcester,https://www.worc.ac.uk/courses/biological-sciences-bsc-hons,biological-sciences-bsc-hons,Bachelor's,96-104 UCAS tariff points,//www.worc.ac.uk,"A2 Biology and A2 another science, maths or statistics. T Levels may be used to meet the entry tariff requirements for this course.",Required,Biology,None,None,None,None,None,None,None,None,None,None,None,None,None,None,None,None,None,None,None,None,None,None,None,None,None,None,None,None,None,None,None,None,None,None,None,None,None,None,None,None,None,None,None,None,6.0,5.5,None,None,None,None,None,None,None,None,"Language Requirements: ""Applicants whose first language is not English are required to provide a language test certificate as evidence of their proficiency and must ensure that it is, or is comparable to, Academic IELTs of 6.0 with a score of at least 5.5 in each component.""",https://www.worcester.ac.uk/courses/biological-biology-bsc-hons,worcester.xlsx
University of Worcester,Worcester,https://www.worc.ac.uk/courses/celta,celta,Bachelor's,None,None,UCAS Relevant Qualification: None,Required,None,None,None,None,None,None,None,None,None,None,None,None,None,None,None,None,None,None,None,None,None,None,None,Accepted,None,None,CACHE Technical Level 3 Requirement: None,None,None,None,None,None,None,None,None,None,None,None,None,None,None,Accepted,None,None,Required,None,None,None,Accepted with a grade of C,None,None,Accepted,Accepted,None,None,"Additional Requirements: Age Requirement: ""18+""; English Language Level: ""C2 or high C1 (grade A or B) on the CEFR""; Educational Qualifications: ""Standard required for entry into higher education""; Interview Requirement: ""Assessed interview task""; Application Deadline: ""Six weeks before the course begins""; No Degree Required: ""No degree required to do the course""; Non-native speakers: ""Can complete the CELTA Programme""; Previous Teaching Experience: ""No previous teaching experience required""; Knowledge of Other Languages: ""Not a requirement""; Maximum Participants: ""Maximum of 12 participants"".",https://www.worcester.ac.uk/courses/celta,worcester.xlsx
University of Worcester,Worcester,https://www.worc.ac.uk/courses/media-and-film-studies-ba-hons,media-and-film-studies-ba-hons,Bachelor's,104 UCAS tariff points,//www.ucas.com,"A Levels (for example, BCC at A Level)",BCC,None,None,None,None,None,None,None,None,None,None,None,None,None,None,None,None,None,None,None,None,None,None,None,None,None,None,None,None,None,None,None,None,None,None,None,None,None,None,None,None,None,None,None,None,None,None,None,None,None,None,None,None,None,None,None,None,https://www.worcester.ac.uk/courses/media-film-studies-ba-hons,worcester.xlsx
University of Worcester,"Hereford, Ludlow and North Shropshire College",https://www.worc.ac.uk,health-and-social-care,Foundation,32,https://www.ucas.com,UCAS Relevant Qualification: A minimum of 4 GCSEs (Grade C/4 or above) and 1 A Level (or equivalent Level 3 qualification).,Required,None,None,None,None,None,None,None,None,None,None,None,None,None,None,None,4,None,C or 4,None,None,None,None,None,Accepted,None,None,None,None,None,None,None,None,None,None,None,None,None,None,None,None,None,None,None,None,None,6.0,None,None,None,None,None,None,None,None,None,"Occupational Health Clearance: Mandatory
DBS Check: Required",https://www.worcester.ac.uk/courses/health-and-social-care-fdsc,worcester.xlsx
University of Worcester,Worcestershire,https://www.worc.ac.uk/courses/nursing-associate-fdsc,nursing-associate-fdsc,Foundation,32 UCAS Tariff Points,//www.ucas.com,A minimum of 1 A level and a maximum of 3 A Levels or Equivalent Level 3 qualifications e.g. BTEC National Diploma or Access to Higher Education Diploma.,None,None,None,None,None,None,None,None,None,None,None,None,None,None,None,None,GCSE grade C/4 or level 2 equivalent in Maths and English (Language or Literature),"Mathematics, English",C or 4,None,None,None,None,None,None,None,None,None,None,None,None,None,None,None,None,None,None,None,None,None,None,None,None,None,None,None,6.0,5.5,IELTS level 6.0 (with no less than 5.5 in any component),None,None,None,None,None,None,None,"Students whose first language is not English must have a minimum standard of English at IELTS level 6.0 (with no less than 5.5 in any component), other equivalent English qualifications will be considered.",https://www.worcester.ac.uk/courses/nursing-associate-fdsc,worcester.xlsx
University of Worcester,Worcester,https://www.worc.ac.uk,dementia-studies,PhD,None,None,First or Upper Second Class Honours Degree or an approved equivalent award or Research or professional experience which has resulted in appropriate evidence of achievement,None,None,None,None,None,None,None,None,None,None,None,None,None,None,None,None,None,None,None,None,None,None,None,First or Upper Second Class Honours Degree or equivalent award in an appropriate discipline,"Research or professional experience at postgraduate level which has resulted in published work, written reports or other appropriate evidence of achievement",None,None,None,None,None,None,None,None,None,None,None,None,None,None,None,Postgraduate Masters Degree in a discipline which is appropriate to the proposed programme of study,Required,None,None,None,None,6.5,6.0,None,None,None,None,None,None,None,None,None,https://www.worcester.ac.uk/courses/dementia-studies-mphilphd,worcester.xlsx
University of Worcester,Worcester,https://www.worc.ac.uk/courses/computing-foundation-year,computing-foundation-year,Foundation,40,https://www.ucas.com,"UCAS Relevant Qualification: ""A combination of acceptable Level 2 qualifications such as GCSEs in English and Mathematics.""",None,None,None,None,None,None,None,None,None,None,None,None,None,None,None,None,C Grade / 4 or above,"English, Mathematics",C or 4,Pass (40 UCAS points),None,None,None,None,None,None,None,CACHE Technical Level 3 Requirement: None,None,None,None,None,None,None,None,None,None,None,None,None,None,None,None,None,None,None,None,None,None,None,None,None,None,None,None,None,Additional Requirements: None,https://www.worcester.ac.uk/courses/computing-foundation-year,worcester.xlsx
University of Worcester,Worcester,https://www.worc.ac.uk/courses/english-language-and-english-literature-ba-hons,english-language-and-english-literature-ba-hons,Bachelor's,104 UCAS tariff points,//www.ucas.com,"A combination of acceptable Level 3 qualifications such as A-levels, T Levels, or BTEC Diplomas.",None,None,None,None,None,None,None,None,None,None,None,None,None,None,None,None,None,None,None,None,None,None,None,None,None,None,None,None,None,None,None,None,None,None,None,None,None,None,None,None,None,None,None,None,None,None,None,None,None,None,None,None,None,None,None,None,None,https://www.worcester.ac.uk/courses/english-language-and-english-literature-ba-hons,worcester.xlsx
University of Worcester,Worcester,https://www.worc.ac.uk/courses/sports-coaching-bsc-hons,sports-coaching,Bachelor's,112,//www.ucas.com,"A-levels, BTEC National Extended Diploma, T-levels, Access to HE Diplomas",BBC,None,None,None,None,None,DMM,Pass (96 UCAS points),None,None,None,None,None,None,None,None,None,None,None,None,None,None,None,None,None,None,None,None,None,None,None,None,None,None,None,None,None,None,None,None,None,None,None,None,None,None,None,None,None,None,None,None,None,None,None,None,UCAS Code: C601,https://www.worcester.ac.uk/courses/sports-coaching-bsc-hons,worcester.xlsx
University of Worcester,Worcester,None,person-centred-dementia-studies,Postgraduate Certificate,None,None,An honours degree at 2:2 level or above or qualifications and experience considered to be equivalent.,None,None,None,None,None,None,None,None,None,None,None,None,None,None,None,None,None,None,None,None,None,None,None,An honours degree at 2:2 level or above,Accepted,None,None,None,None,None,None,None,None,None,None,None,None,None,None,None,None,None,None,None,None,None,6.5,5.5,None,None,None,None,None,None,None,None,"Students being sponsored by their employer must provide evidence of employer approval and payment agreement. One module has additional requirements: Expert Practice in Delivering Person-Centred Dementia Care (MDEM4003). Participants should have experience of delivering training, education and professional development to direct care staff and be in a position to deliver training and support to staff working in health and care organisations. Evidence of employer approval and other supporting paperwork will be required.",https://www.worcester.ac.uk/courses/person-centred-dementia-studies-pg-cert,worcester.xlsx
University of Worcester,Worcester,https://www.worc.ac.uk/courses/nursing-associate-apprenticeship,nursing-associate-apprenticeship,Foundation,32 UCAS Tariff Points,None,"A minimum of 1 A level and a maximum of 3 A Levels, or equivalent Level 3 qualifications e.g. BTEC National Diploma, NVQ level 3, Access to Higher Education Diploma",None,None,None,None,None,None,None,None,None,None,None,Level 3,None,None,None,None,GCSE grade C/4 or ESFA approved level 2 equivalent in Maths and English,"Mathematics, English",C or 4,None,None,None,None,None,None,None,None,None,None,None,None,None,None,None,None,None,None,None,None,None,None,None,None,None,None,None,6,5.5,None,None,None,None,None,None,None,None,None,https://www.worcester.ac.uk/courses/nursing-associate-apprenticeship,worcester.xlsx
University of Worcester,Worcester,https://www.worc.ac.uk,Politics,PhD,None,None,UCAS Relevant Qualification: None,None,None,None,None,None,None,None,None,None,None,None,None,None,None,None,None,None,None,None,None,None,None,None,None,None,None,None,None,None,None,None,None,None,None,None,None,None,None,None,None,None,None,None,None,None,None,None,None,None,None,None,None,None,None,None,None,Additional Requirements: None,https://www.worcester.ac.uk/courses/politics-home,worcester.xlsx
University of Worcester,Worcester,https://www.worc.ac.uk/courses/journalism-and-media-film-studies-ba-hons,journalism-and-media-film-studies-ba-hons,Bachelor's,104 UCAS tariff points,//www.ucas.com,"A Levels, BTEC Diplomas, International Baccalaureate",BCC,None,None,None,None,None,None,None,None,None,None,None,None,None,None,None,None,None,None,None,None,None,None,None,None,None,None,None,None,None,None,None,None,None,None,None,None,None,None,None,None,None,None,None,None,None,None,None,None,None,None,None,None,None,None,None,None,https://www.worcester.ac.uk/courses/journalism-and-media-and-film-studies-ba-hons,worcester.xlsx
University of Worcester,Worcester,https://www.worc.ac.uk/courses/english-language-and-journalism-ba-hons,english-language-and-journalism,Bachelor's,104 UCAS tariff points,//www.ucas.com,4 GCSEs (Grade C/4 or above) and a minimum of 2 A Levels (or equivalent Level 3 qualifications).,Required,A Level English is desirable,None,None,None,None,T Levels may be used to meet the entry tariff requirements for this course.,Pass (96 UCAS points),None,None,None,None,None,None,None,None,4 GCSEs (Grade C/4 or above),English,C or 4,None,None,None,None,None,None,None,None,None,None,None,None,None,None,None,None,None,None,None,None,None,None,None,None,None,None,None,None,None,None,None,None,None,None,None,None,None,None,https://www.worcester.ac.uk/courses/english-language-and-journalism-ba-hons,worcester.xlsx
University of Worcester,Worcester,https://www.worc.ac.uk/courses/graphic-design-and-illustration-ba-hons,graphic-design-and-illustration-ba-hons,Bachelor's,104 UCAS Tariff points,//www.ucas.com,"A combination of acceptable Level 3 qualifications such as A-levels, T Levels, or BTEC Diplomas.",None,None,None,None,None,None,None,None,None,None,None,None,None,None,None,None,None,None,None,None,None,None,None,None,None,None,None,None,None,None,None,None,None,None,None,None,None,None,None,None,None,None,None,None,None,None,None,None,None,None,None,None,None,None,None,None,None,https://www.worcester.ac.uk/courses/graphic-design-and-illustration-ba-hons,worcester.xlsx
University of Worcester,Worcester,https://www.worc.ac.uk/courses/computer-science-msc,computer-science,Master's,None,None,UCAS Relevant Qualification: None,None,None,None,None,None,None,None,None,None,None,None,None,None,None,None,None,None,None,None,None,None,None,None,Second Lower,None,None,None,None,None,None,None,None,None,None,None,None,None,None,None,None,None,None,None,None,None,None,6.5,5.5,None,None,None,None,Accepted,Accepted,None,None,Additional Requirements: None,https://www.worcester.ac.uk/courses/computing-msc,worcester.xlsx
University of Worcester,Worcester,https://www.worc.ac.uk,history,PhD,None,None,First or Upper Second Class Honours Degree or an approved equivalent award or Research or professional experience which has resulted in appropriate evidence of achievement,None,None,None,None,None,None,None,None,None,None,None,None,None,None,None,None,None,None,None,None,None,None,None,First or Upper Second Class Honours Degree or equivalent award in an appropriate discipline,"Research or professional experience at postgraduate level which has resulted in published work, written reports or other appropriate evidence of achievement",None,None,None,None,None,None,None,None,None,None,None,None,None,None,None,Postgraduate Masters Degree in a discipline which is appropriate to the proposed programme of study,Required,None,None,None,None,6.5,6.0,None,None,None,None,None,None,None,None,None,https://www.worcester.ac.uk/courses/history-mphilphd,worcester.xlsx
University of Worcester,Worcester,https://www.worc.ac.uk,touring-theatre,Bachelor's,112 UCAS Tariff points,//www.ucas.com,"A combination of acceptable Level 3 qualifications such as A-levels, T Levels, or BTEC Diplomas.",BBC,None,None,None,None,None,None,None,None,None,None,None,None,None,None,None,None,None,None,None,None,None,None,None,None,None,None,None,None,None,None,None,None,None,None,None,None,None,None,None,None,None,None,None,Required,Required,None,None,None,None,None,None,None,None,None,None,Mature students may have relevant prior experience acknowledged as equivalent to qualifications.,https://www.worcester.ac.uk/courses/touring-theatre-mtheatre,worcester.xlsx
University of Worcester,Worcester,https://www.worc.ac.uk/courses/global-sustainable-management-msc,global-sustainable-management-msc,Master's,None,None,An honours degree at 2:2 level or above in any subject (or International students holding a qualification recognised as equivalent by the University).,None,None,None,None,None,None,None,None,None,None,None,None,None,None,None,None,None,None,None,None,None,None,None,None,None,None,None,None,None,None,None,None,None,None,None,None,None,None,None,None,None,None,None,None,None,None,6.5,5.5,None,None,None,None,None,None,None,None,"International students whose first language is not English are required to demonstrate proficiency to a minimum level of 6.5 IELTS (and minimum of 5.5 in each element) or equivalent. We accept IELTS, Pearson and many Cambridge certificates as a proof of English language fluency on our degree courses. Other equivalent English qualifications will also be considered as well as qualifications recognised as equivalent by the University.",https://www.worcester.ac.uk/courses/global-sustainable-management-msc,worcester.xlsx
University of Worcester,Worcester,https://www.worc.ac.uk/courses/nursing-mental-health-bsc-hons-with-foundation-year,nursing-mental-health-bsc-hons-with-foundation-year,Bachelor's,32,None,1 A-level (grade C or above) or an equivalent qualification,C,None,None,None,None,None,None,None,None,None,None,None,None,None,None,None,GCSE English and Mathematics at grade C/4 or above,"English, Mathematics",C or 4,None,None,None,None,None,Accepted,None,None,None,None,None,None,None,None,None,None,None,None,None,None,None,None,None,None,None,None,None,None,None,None,None,None,None,None,None,None,None,A clear commitment to pursuing a career in nursing; To be at least 18 years old; Applicants who do not meet the minimum UCAS points requirement will be required to demonstrate and provide evidence of working in a healthcare setting and complete a written assignment task to assess their readiness for the course.,https://www.worcester.ac.uk/courses/nursing-mental-health-bsc-hons-with-foundation-year,worcester.xlsx
University of Worcester,Worcester,https://www.worc.ac.uk/courses/filmmaking-ba-hons,filmmaking,Bachelor's,104 UCAS Tariff points,//www.ucas.com,"A combination of acceptable Level 3 qualifications such as A-levels, T Levels, or BTEC Diplomas.",BCC,None,None,None,None,None,None,None,None,None,None,None,None,None,None,None,None,None,None,None,None,None,None,None,None,None,None,None,None,None,None,None,None,None,None,None,None,None,None,None,None,None,None,None,None,None,None,None,None,None,None,None,None,None,None,None,None,https://www.worcester.ac.uk/courses/filmmaking-ba-hons,worcester.xlsx
University of Worcester,Worcester,https://www.worc.ac.uk,diploma-in-teaching-further-education-skills,Master's,None,None,"UCAS Relevant Qualification: ""Level 3 qualification or above in subject area the student wishes to teach. Eligible Level 3 qualifications include HND/HNC, CGLI Advanced Craft Certificate, OCR Advanced Qualifications, NVQ/SVQ Level 3, A levels (GCE/VCE/Applied subjects), Edexcel/BTEC, Scottish Highers/Advanced Highers, Irish Leaving Certificate (Higher), QAA-recognised Access courses, European or International Baccalaureates, Technical, commercial, or other appropriate professional qualification.""",None,None,None,None,None,None,None,None,None,None,None,None,None,None,None,None,Grade C/4 and above in English and Mathematics,"English, Mathematics",C or 4,None,None,None,None,None,Accepted,None,None,None,None,None,None,None,None,None,None,None,None,None,None,None,None,None,None,None,None,None,None,None,None,None,None,None,None,None,None,None,"Enhanced DBS check: ""Mandatory""
Check against the Prohibition List: ""Mandatory""
Online occupational health check: ""Mandatory""
Certificate of Good Conduct: ""Mandatory""",https://www.worcester.ac.uk/courses/diploma-in-teaching-further-education-skills-dit,worcester.xlsx
University of Worcester,Worcester,https://www.worc.ac.uk/courses/digital-marketing-ba-hons,digital-marketing,Bachelor's,112 UCAS tariff points,//www.ucas.com,"A Levels, T Levels",BBC,None,None,None,None,None,None,None,None,None,None,None,None,None,None,None,None,None,None,None,None,None,None,None,None,None,None,None,None,None,None,None,None,None,None,None,None,None,None,None,None,None,None,None,None,None,6.0,None,None,None,None,None,None,None,None,None,Mature Student Entry Routes may be considered for applicants with no formal qualifications.,https://www.worcester.ac.uk/courses/digital-marketing-ba-hons,worcester.xlsx
University of Worcester,Worcester,https://www.worc.ac.uk/courses/mres-in-film,mres-in-film,MRes,None,None,"A First or Upper Second-Class Honours (2:1) Degree, or equivalent award, in Film or a related subject",None,None,None,None,None,None,None,None,None,None,None,None,None,None,None,None,None,None,None,None,None,None,None,First or Upper Second-Class Honours (2:1),Accepted,None,None,None,None,None,None,None,None,None,None,None,None,None,None,None,None,Required,None,None,None,None,6.5,6,None,None,None,None,None,None,None,None,International applicants will be required to demonstrate comparable prior subject experience and to have an appropriate level of written and spoken English.,https://www.worcester.ac.uk/courses/film-mres,worcester.xlsx
University of Worcester,Worcester,https://www.worc.ac.uk/courses/physiotherapy-msc-pre-registration,physiotherapy-msc-pre-registration,Master's,None,None,"UCAS Relevant Qualification: ""A degree at 2:2 or above in a relevant discipline OR degree in another subject with a level 3 qualification in Biology, Physical Education, or science""",Required,None,None,None,None,None,None,None,None,None,None,None,None,None,None,None,Maths and English at Grade 4 and above,"Mathematics, English",4,None,None,None,None,Second Lower,None,None,None,None,None,None,None,None,None,None,None,None,None,None,None,HCPC,None,None,None,None,None,None,7.0,6.5,None,None,None,None,None,None,None,None,Additional Requirements: None,https://www.worcester.ac.uk/courses/physiotherapy-msc-pre-registration,worcester.xlsx
University of Worcester,Worcester,https://www.worc.ac.uk/courses/business-studies-ba-hons,business-studies,Bachelor's,64 UCAS Tariff Points,//www.ucas.com,"A combination of acceptable Level 3 qualifications such as A-levels, T Levels, or BTEC Diplomas.",CC,None,None,None,None,None,None,None,None,None,None,None,None,None,None,None,None,None,None,None,None,None,None,None,None,None,None,None,None,None,None,None,None,None,None,None,None,None,None,None,None,None,None,None,None,None,None,None,None,None,None,None,None,None,None,None,None,https://www.worcester.ac.uk/courses/business-studies-ba-hons,worcester.xlsx
University of Worcester,Herefordshire and Ludlow College,https://www.worc.ac.uk/courses/counselling-fdsc,counselling-fdsc,Foundation,None,http://www.ucas.com,"UCAS Relevant Qualification: ""4 GCSEs (Grade C/4 or above) and 1 A level (or equivalent Level 3 qualification)""",None,None,None,None,None,None,None,None,None,None,None,None,None,None,None,None,4 GCSEs (Grade C/4 or above),None,None,None,None,None,None,None,None,None,None,CACHE Technical Level 3 Requirement: None,None,None,None,None,None,None,None,None,None,None,None,None,None,None,None,None,None,None,None,None,None,None,None,None,None,None,None,None,"Health and Enhanced DBS Disclosure Clearances: ""Required""",https://www.worcester.ac.uk/courses/counselling-fdsc,worcester.xlsx
University of Worcester,Worcester,https://www.worc.ac.uk/courses/ma-education-special-and-inclusive-education,ma-education-special-and-inclusive-education,Master's,None,None,"UCAS Relevant Qualification: ""Normally a good honours degree (2.2 or above) and a significant interest in education and/or equivalent professional qualifications, experience and evidence of continuing professional development.""",None,None,None,None,None,None,None,None,None,None,None,None,None,None,None,None,None,None,None,None,None,None,None,Second Lower,None,None,International students must hold a qualification equivalent to a UK first or second class honours degree.,None,None,None,None,None,None,None,Students with relevant previous study at postgraduate level or with extensive experience may be considered eligible for recognition of prior learning.,None,None,None,None,None,None,None,None,None,None,None,6.5,5.5,None,None,None,None,None,None,None,None,Additional Requirements: None,https://www.worcester.ac.uk/courses/education-special-and-inclusive-education-ma,worcester.xlsx
University of Worcester,Worcester,https://www.worc.ac.uk,occupational-therapy,PhD,None,None,First or Upper Second Class Honours Degree or an approved equivalent award or Research or professional experience which has resulted in appropriate evidence of achievement,None,None,None,None,None,None,None,None,None,None,None,None,None,None,None,None,None,None,None,None,None,None,None,First or Upper Second Class Honours Degree or equivalent award in an appropriate discipline,Accepted,None,None,None,None,None,None,None,None,None,None,None,None,None,None,None,Postgraduate Masters Degree in a discipline which is appropriate to the proposed programme of study,Required,None,None,None,None,6.5,6.0,None,None,None,None,None,None,None,None,None,https://www.worcester.ac.uk/courses/occupational-therapy-mphilphd,worcester.xlsx
University of Worcester,Worcester,https://www.worc.ac.uk,pre-masters-in-business,Master's,None,None,UCAS Relevant Qualification: None,None,None,None,None,None,None,None,None,None,None,None,None,None,None,None,None,None,None,None,None,None,None,None,None,None,None,None,None,None,None,None,None,None,None,None,None,None,None,None,None,None,None,None,None,None,None,6.0,5.5,None,None,None,None,None,None,78,59,Additional Requirements: None,https://www.worcester.ac.uk/courses/pre-masters-in-business,worcester.xlsx
University of Worcester,Worcester,https://www.worc.ac.uk/courses/nutrition-and-dietetics-bsc-hons-with-foundation-year,nutrition-and-dietetics-bsc-hons-with-foundation-year,Bachelor's,32,None,1 A-level (grade C or above) or an equivalent qualification,C,None,None,None,None,None,None,None,None,None,None,None,None,None,None,None,GCSE English and Mathematics at grade C/4 or above,"English, Mathematics",C or 4,None,None,None,None,None,None,None,None,None,None,None,None,None,None,None,None,None,None,None,None,None,None,None,None,None,None,None,None,None,None,None,None,None,None,None,None,None,"Mature students welcome, Clear commitment to pursuing a career in Nutrition and Dietetics, To be at least 18 years old, All applicants will be judged on their individual merits and we may take other skills, qualifications and life experience into account.",https://www.worcester.ac.uk/courses/nutrition-and-dietetics-bsc-hons-with-foundation-year,worcester.xlsx
University of Worcester,Worcester,None,sports-coaching-pgcert,Postgraduate,None,None,A sport-related degree classification of 2:1 or 2:2 (or below) or a non-sport related degree will be considered on a case by case basis.,None,None,None,None,None,None,None,None,None,None,None,None,None,None,None,None,None,None,None,None,None,None,None,2:1 classification in a sport related degree,Accepted,None,None,None,None,None,None,None,None,None,None,None,None,None,None,None,None,None,None,None,None,None,6.5,5.5,None,None,None,None,None,None,None,None,Criminal records disclosure check required prior to the start of the course.,https://www.worcester.ac.uk/courses/sports-coaching-pgcert,worcester.xlsx
University of Worcester,Worcester,https://www.worc.ac.uk/courses/business-management-ba-hons,business-management,Bachelor's,112,//www.ucas.com,"A combination of acceptable Level 3 qualifications such as A-levels, T Levels, or BTEC Diplomas.",BBC,None,None,None,None,None,DMM,Pass (112 UCAS points),None,None,None,None,None,None,None,None,None,None,None,None,None,None,None,None,None,None,None,None,None,None,None,None,None,None,None,None,None,None,None,None,None,None,None,None,None,None,None,None,None,None,None,None,None,None,None,None,"UCAS Code: N200 or N201, Typical Offer Qualification Grade: A-level BBC, BTEC National Extended Diploma DMM, T-level Merit, We do accept Access to HE Diplomas and other qualifications which may not exactly match the combinations above.",https://www.worcester.ac.uk/courses/business-management-ba-hons,worcester.xlsx
University of Worcester,Worcester,https://www.worc.ac.uk/courses/social-work-ma,social-work-ma,Master's,None,None,2:2 Honours degree or above in a relevant degree,None,None,None,None,None,None,None,None,None,None,None,None,None,None,None,None,GCSE English Language & Maths grade C/4 or above,"English Language, Maths",C/4,None,None,None,None,Second Lower,None,None,None,None,None,None,None,None,None,None,None,None,None,None,None,Social Work England register,None,None,None,None,None,None,None,None,None,None,None,None,None,None,None,None,International students: Interview,https://www.worcester.ac.uk/courses/social-work-ma,worcester.xlsx
Birmingham Metropolitan College,Sutton Coldfield,https://www.bmet.ac.uk/courses/sports-performance-coaching-fdsc,sports-performance-coaching-fdsc,Foundation,32,None,"UCAS Relevant Qualification: ""A Levels (including PE or Sport) or BTEC Level 3 in a relevant Sport pathway.""",None,None,None,None,None,None,None,None,None,None,None,None,None,None,None,None,None,None,None,None,None,None,None,None,None,None,None,None,None,None,None,None,None,None,None,None,None,None,None,None,None,None,None,None,None,None,None,None,None,None,None,None,None,None,None,None,"Additional Requirements: DBS Check: ""Required""",https://www.worcester.ac.uk/courses/sports-performance-coaching-fdsc,worcester.xlsx
University of Worcester,Worcester,https://www.worc.ac.uk/courses/psychology-with-politics-bsc-hons,psychology-with-politics,Bachelor's,112 UCAS tariff points,//www.ucas.com,"A Levels, GCSE English and Maths",BBC,None,None,None,None,None,None,None,None,None,None,None,None,None,None,None,C/4,"English, Maths",C/4,None,None,None,None,None,None,None,None,None,None,None,None,None,None,None,None,None,None,None,None,None,None,None,None,None,None,None,None,None,None,None,None,None,None,None,None,None,"Entry requirements: 112 UCAS tariff points (for example, BBC at A Level)",https://www.worcester.ac.uk/courses/psychology-with-politics-bsc-hons,worcester.xlsx
University of Worcester,Worcester,https://www.worc.ac.uk,understanding-domestic-and-sexual-violence,Postgraduate,None,None,"A relevant first degree gained at a 2.1 (or equivalent level) in a health related or social science discipline, or similar subject discipline; or a relevant professional qualification and experience, including but not exclusively, Social Work, Police, Probation, Health and Education; or Current or past experience (a minimum of six months) of working with victims or perpetrators of Domestic and Sexual Violence.",None,None,None,None,None,None,None,None,None,None,None,None,None,None,None,None,None,None,None,None,None,None,None,2.1 (or equivalent level),Minimum of six months working with victims or perpetrators of Domestic and Sexual Violence,None,None,None,None,None,None,None,None,None,None,None,None,None,None,None,None,None,None,None,None,None,6.5,5.5,None,None,None,None,None,None,None,None,None,https://www.worcester.ac.uk/courses/understanding-domestic-and-sexual-violence-pg-cert-continuing-professional-development-cpd-modules-online,worcester.xlsx
University of Worcester,Worcester,https://www.worc.ac.uk/courses/applied-health-and-social-care-ba-hons-top-up-degree,applied-health-and-social-care-ba-hons-top-up-degree,Bachelor's,None,None,"A Foundation degree, DipHE, HND or equivalent qualification in health, care or welfare or related subject",None,None,None,None,None,None,None,None,None,None,None,None,None,None,None,None,None,None,None,None,None,None,None,None,Accepted,None,None,None,None,None,None,None,None,None,None,None,None,None,None,None,None,None,None,None,None,None,None,None,None,None,None,None,None,None,None,None,"Non-standard entry routes will be considered. We encourage applications from candidates who can provide evidence of their ability to work at Level 6 and substantial experience of working within health, education, care or social welfare. If your qualification is not listed, please contact Admissions for advice.",https://www.worcester.ac.uk/courses/applied-health-social-care-ba-hons-top-up-degree,worcester.xlsx
University of Worcester,Worcester,https://www.worc.ac.uk/courses/occupational-therapy-bsc-hons,occupational-therapy-bsc-hons,Bachelor's,120,https://www.ucas.com,"UCAS Relevant Qualification: ""A-levels, BTEC National Extended Diploma, T-levels, Access to HE Diplomas""",BBB,None,None,None,None,None,DDM,None,None,None,None,None,None,None,None,None,None,None,None,Merit,None,"Education and Childcare, Health, Healthcare Sciences or Science",None,None,None,None,None,CACHE Technical Level 3 Requirement: None,None,None,None,None,None,None,None,None,None,None,None,None,None,None,None,None,None,None,None,None,None,None,None,None,None,None,None,None,Additional Requirements: None,https://www.worcester.ac.uk/courses/occupational-therapy-bsc-hons,worcester.xlsx
University of Worcester,Worcester,https://www.worc.ac.uk/courses/project-management-msc.html,project-management,Master's,None,None,"UCAS Relevant Qualification: ""A second class honours degree in any subject (or International students holding a qualification recognised as equivalent by the University).""",None,None,None,None,None,None,None,None,None,None,None,None,None,None,None,None,None,None,None,None,None,None,None,Second Lower,None,None,None,None,None,None,None,None,None,None,None,None,None,None,None,None,None,None,None,None,None,None,6.5,5.5,None,None,None,None,None,None,None,None,Additional Requirements: None,https://www.worcester.ac.uk/courses/project-management-msc,worcester.xlsx
University of Worcester,Worcester,https://www.worc.ac.uk/courses/international-sport-management-msc,international-sport-management,Master's,None,None,"A 2:1 degree classification in either a sport or science (e.g., biology, physiology, psychology) discipline.",None,None,None,None,None,None,None,None,None,None,None,None,None,None,None,None,None,None,None,None,None,None,None,Second Upper,None,None,None,None,None,None,None,None,None,None,None,None,None,None,None,None,None,None,None,None,None,None,6.5,5.5,None,None,None,None,None,None,None,None,None,https://www.worcester.ac.uk/courses/international-sport-management-sport-msc,worcester.xlsx
University of Worcester,Worcester,https://www.worc.ac.uk/courses/criminology-and-psychology-ba-bsc-hons,criminology-and-psychology-ba-bsc-hons,Bachelor's,112 UCAS Tariff points,//www.ucas.com,A minimum of 2 A Levels (or equivalent Level 3 qualifications) and 4 GCSEs (Grade C/4 or above) including Maths and English.,None,None,None,None,None,None,None,None,None,None,None,None,None,None,None,None,4 GCSE's (Grade C/4 or above) that must include Maths and English,"Mathematics, English",C or 4,None,None,None,None,None,None,None,None,None,None,None,None,None,None,None,None,None,None,None,None,None,None,None,None,None,None,None,None,None,None,None,None,None,None,None,None,None,None,https://www.worcester.ac.uk/courses/criminology-and-psychology-babsc-hons,worcester.xlsx
University of Worcester,Worcester,https://www.worc.ac.uk/courses/film-studies-mphil-phd,film-studies-mphil-phd,PhD,None,None,First or Upper Second Class Honours Degree or an approved equivalent award or Research or professional experience which has resulted in appropriate evidence of achievement,None,None,None,None,None,None,None,None,None,None,None,None,None,None,None,None,None,None,None,None,None,None,None,First or Upper Second Class Honours Degree or equivalent award in an appropriate discipline,"Research or professional experience at postgraduate level which has resulted in published work, written reports or other appropriate evidence of achievement",None,None,None,None,None,None,None,None,None,None,None,None,None,None,None,Postgraduate Masters Degree in a discipline which is appropriate to the proposed programme of study,Required,None,None,None,None,6.5,6.0,None,None,None,None,None,None,None,None,Enhanced DBS check may be required for research involving vulnerable adults and/or children.,https://www.worcester.ac.uk/courses/film-studies-mphilphd,worcester.xlsx
University of Worcester,Worcester,https://www.worc.ac.uk,pgce-secondary-business,Postgraduate Certificate in Education,None,None,"Honours degree, normally 2:2 or higher from a United Kingdom higher education institution or equivalent qualification, in a relevant subject area.",None,None,None,None,None,None,None,None,None,None,None,None,None,None,None,None,"GCSE grade C/4 in English Language or English Literature and Mathematics, or equivalent qualifications.","English Language, English Literature, Mathematics",C/4,None,None,None,None,None,None,None,None,None,None,None,None,None,None,None,None,None,None,None,None,None,None,None,None,None,None,Required,None,None,None,None,None,None,None,None,None,None,"Trainees who begin courses before providing evidence of the required GCSE standard (or equivalent) will not be eligible for financial incentives, such as bursaries or grants until they achieve the required standard.",https://www.worcester.ac.uk/courses/pgce-secondary-business-with-economics,worcester.xlsx
University of Worcester,Worcester,https://www.worc.ac.uk/courses/nursing-adult-bsc-hons,nursing-adult-bsc-hons,Bachelor's,112,//www.ucas.com,"A-levels, BTEC National Extended Diploma, T-level, Access to HE Diplomas",BBC,None,None,None,None,None,DMM,Pass (96 UCAS points),None,None,None,None,None,None,None,None,None,None,None,None,None,None,None,None,None,None,None,None,None,None,None,None,None,None,None,None,None,None,None,None,None,None,None,None,None,None,None,None,None,None,None,None,None,None,None,None,"Mature students welcome, International students, Additional entry requirements for this course.",https://www.worcester.ac.uk/courses/adult-nursing-bsc-hons,worcester.xlsx
University of Worcester,Worcester,https://www.worc.ac.uk/courses/sports-coaching-and-physical-education-fdsc,sports-coaching-and-physical-education-fdsc,Foundation,72 UCAS Tariff points,//www.ucas.com,"1 A Level (or equivalent Level 3 qualification), Access to Higher Education Diploma and relevant vocational qualifications or experience",Required,None,None,None,None,None,None,None,None,None,None,None,None,None,None,None,None,None,None,None,None,None,None,None,None,None,None,None,None,None,None,None,None,None,None,None,None,None,None,None,None,None,None,None,None,None,None,None,None,None,None,None,None,None,None,None,Enhanced Disclosure & Barring Service (DBS) check is required for this course.,https://www.worcester.ac.uk/courses/sports-coaching-and-physical-education-fdsc,worcester.xlsx
University of Worcester,Worcester,https://www.worc.ac.uk/courses/international-management-msc,international-management-msc,Master's,None,None,UCAS Relevant Qualification: None,None,None,None,None,None,None,None,None,None,None,None,None,None,None,None,None,None,None,None,None,None,None,None,Second Lower,None,None,None,None,None,None,None,None,None,None,None,None,None,None,None,None,None,None,None,None,None,None,6.5,5.5,None,None,None,None,None,None,None,None,Additional Requirements: None,https://www.worcester.ac.uk/courses/international-management-msc-2021,worcester.xlsx
University of Worcester,Birmingham,https://www.bmet.ac.uk/courses/criminology-fda,criminology-fda,Foundation,32 UCAS tariff points,None,At least 32 UCAS tariff points from a minimum of 1 A Levels (or equivalent Level 3 qualifications).,None,None,None,None,None,None,None,None,None,None,None,None,None,None,None,None,4 GCSE's (Grade C/4 or above) that must include Maths and English,"Maths, English",C or 4,None,None,None,None,None,None,None,None,None,None,None,None,None,None,None,None,None,None,None,None,None,None,None,None,None,None,None,None,None,None,None,None,None,None,None,None,None,None,https://www.worcester.ac.uk/courses/criminology-fda,worcester.xlsx
University of Worcester,Worcester,https://www.worc.ac.uk,early-years-0-8-foundation-degree-htq,Foundation,32,None,"UCAS Relevant Qualification: ""Acceptable qualifications include a minimum of 1 A Level or an equivalent Level 3 qualification, for example the CACHE Diploma or EdExcel BTEC National Diploma in Children's Care, Learning and Development""",None,None,None,None,None,None,None,None,None,None,None,None,None,None,None,None,Minimum of four GCSEs at Grade C/4 or above,English Language or English Literature,C or 4,None,None,None,None,None,None,None,None,CACHE Technical Level 3 Requirement: None,None,None,None,None,None,None,None,None,None,None,None,None,None,None,None,None,None,None,None,None,None,None,None,None,None,None,None,None,"Additional Requirements:
DBS Check: ""A current Enhanced Disclosure and Barring Service check (DBS) is required.""
Prohibition List: ""You will also be subject to the usual prohibition list and criminal record checks.""
Certificate of Good Conduct: ""If you have lived, studied or worked overseas for three months or more in the last five years a Certificate of Good Conduct from the country of residence will be required.""",https://www.worcester.ac.uk/courses/early-years-0-8-foundation-degree-flexible-distributed-learning-pathway,worcester.xlsx
University of Worcester,Worcester,https://www.worc.ac.uk,professional-practice-ba-hons-top-up-degree,Bachelor's,None,None,"UCAS Relevant Qualification: ""120 credits at Level 4 HE, 120 credits at Level 5 HE""",None,None,None,None,None,None,None,None,None,None,None,None,None,None,None,None,None,None,None,None,None,None,None,None,Accepted,None,None,CACHE Technical Level 3 Requirement: None,None,None,None,None,None,None,None,None,None,None,None,None,None,None,None,None,None,None,None,None,None,None,None,None,None,None,None,None,Additional Requirements: None,https://www.worcester.ac.uk/courses/professional-practice-ba-hons-top-up-degree,worcester.xlsx
University of Worcester,Worcester,https://www.worc.ac.uk/courses/media-and-film-studies-and-filmmaking-ba-hons,media-and-film-studies-and-filmmaking-ba-hons,Bachelor's,104 UCAS Tariff points,//www.ucas.com,T Levels may be used to meet the entry tariff requirements for this course.,None,None,None,None,None,None,None,None,None,None,None,None,None,None,None,None,None,None,None,None,None,None,None,None,None,None,None,None,None,None,None,None,None,None,None,None,None,None,None,None,None,None,None,None,None,None,None,None,None,None,None,None,None,None,None,None,None,https://www.worcester.ac.uk/courses/media-film-studies-and-filmmaking-ba-hons,worcester.xlsx
University of Worcester,Worcester,https://www.worc.ac.uk/courses/forensic-and-applied-biology-bsc-hons,forensic-and-applied-biology-bsc-hons,Bachelor's,96-104 UCAS tariff points,//www.ucas.com,"A2 Biology and A2 another science, maths or statistics; BTEC in Applied Science or equivalent; Access to Higher Education (with at least 15 credits of Biological Sciences gained); T Levels may be used to meet the entry tariff requirements for this course.","96 UCAS Tariff points MUST include A2 Biology and A2 another science, maths or statistics.",A2 Biology,None,None,None,None,BTEC in Applied Science or equivalent,Pass (96 UCAS points),None,None,None,None,None,None,None,None,None,None,None,None,None,None,None,None,None,None,None,None,None,None,None,None,None,None,None,None,None,None,None,None,None,None,None,None,None,None,6.0,5.5,None,None,None,None,None,None,None,None,"International Students – Making an Application: If you are applying as an EU or Non-EU student you are strongly advised to apply online through the Universities & Colleges Admissions Service (UCAS). If you are using The Common Application, you can add the University of Worcester to your list of colleges via this link and complete the application there. Further information can be found here “Making an International Application”. Mature Students: We welcome applicants who hold alternative qualifications/experience and mature students who can demonstrate the ability to benefit from the course and show their potential to complete the course successfully. Although recent preparatory study at an appropriate level (e.g. an Access to Higher Education Diploma) is recommended, students may be considered on the basis of prior evidenced professional/work experience and/or other assessment procedures, and the assessment of personal suitability.",https://www.worcester.ac.uk/courses/forensic-and-applied-biology-bsc-hons,worcester.xlsx
University of Worcester,Worcester,https://www.worc.ac.uk/courses/nursing-adult-bsc-hons-with-foundation-year,nursing-adult-bsc-hons-with-foundation-year,Bachelor's,32,None,1 A-level (grade C or above) or an equivalent qualification,C,None,C,None,None,None,None,None,None,None,None,None,None,None,None,None,GCSE English and Mathematics at grade C/4 or above,"English, Mathematics",C or 4,None,None,None,None,None,None,None,None,None,None,None,None,None,None,None,None,None,None,None,None,None,None,None,None,None,None,None,None,None,None,None,None,None,None,None,None,None,"Mature students welcome, A clear commitment to pursuing a career in nursing, To be at least 18 years old, Applicants who do not meet the minimum UCAS points requirement will be required to demonstrate and provide evidence of working in a healthcare setting and complete a written assignment task to assess their readiness for the course.",https://www.worcester.ac.uk/courses/nursing-adult-bsc-hons-with-foundation-year,worcester.xlsx
University of Worcester,Worcester,https://www.worc.ac.uk/courses/creative-writing-and-english-literature-ba-hons,creative-writing-and-english-literature-ba-hons,Bachelor's,104 UCAS Tariff points,//www.ucas.com,"A minimum of 2 A Levels, including a minimum grade of C at A2 English.",Required,English,C,None,None,None,None,None,None,None,None,None,None,None,None,None,4 GCSEs (Grade C/4 or above),None,C or 4,None,None,None,None,None,None,None,None,None,None,None,None,None,None,None,None,None,None,None,None,None,None,None,None,None,None,None,None,None,None,None,None,None,None,None,None,None,None,https://www.worcester.ac.uk/courses/creative-writing-and-english-literature-ba-hons,worcester.xlsx
University of Worcester,Worcester,https://www.worc.ac.uk,psychology,PhD,None,None,First or Upper Second Class Honours Degree or an approved equivalent award; Research or professional experience which has resulted in appropriate evidence of achievement.,None,None,None,None,None,None,None,None,None,None,None,None,None,None,None,None,None,None,None,None,None,None,None,First or Upper Second Class Honours Degree or equivalent award in an appropriate discipline,"Research or professional experience at postgraduate level which has resulted in published work, written reports or other appropriate evidence of achievement.",None,None,None,None,None,None,None,None,None,None,None,None,None,None,None,Postgraduate Masters Degree in a discipline which is appropriate to the proposed programme of study,Required,None,None,None,None,6.5,6.0,None,None,None,None,Accepted,Accepted,None,None,None,https://www.worcester.ac.uk/courses/psychology-mphilphd,worcester.xlsx
University of Worcester,Worcester,https://www.worc.ac.uk/courses/geography-with-international-year-abroad-bsc-hons,geography-with-international-year-abroad,Bachelor's,112,//www.ucas.com,"A-levels, BTEC National Extended Diploma, T-levels, Access to HE Diplomas",BBC,None,None,None,None,None,DMM,Pass (112 UCAS points),None,None,None,None,None,None,None,None,None,None,None,Merit,None,None,None,None,None,None,None,None,None,None,None,None,None,None,None,None,None,None,None,None,None,None,None,None,None,None,None,None,None,None,None,None,None,None,None,None,"UCAS tariff points required: 112
Typical Offer Qualification Grade: A-level BBC
BTEC National Extended Diploma: DMM
T-level: Merit
We do accept Access to HE Diplomas and other qualifications which may not exactly match the combinations above.",https://www.worcester.ac.uk/courses/geography-with-international-year-abroad-bsc-hons,worcester.xlsx
University of Worcester,Worcester,https://www.worc.ac.uk/courses/pgce-secondary-religious-education,pgce-secondary-religious-education,Postgraduate,None,None,"Honours degree, normally 2:2 or higher from a United Kingdom higher education institution or equivalent qualification, in a relevant subject area.",None,None,None,None,None,None,None,None,None,None,None,None,None,None,None,None,"GCSE grade C/4 in English Language or English Literature, Mathematics and Science, or equivalent qualifications.","English Language, English Literature, Mathematics, Science",C/4,None,None,None,None,None,None,None,None,None,None,None,None,None,None,None,None,None,None,None,None,None,None,None,None,None,None,Required,None,None,None,None,None,None,None,None,None,None,"Honours degree, normally 2:2 or higher from a United Kingdom higher education institution or equivalent qualification, in a relevant subject area. Applicants with a 3rd class degree will be considered on an individual basis. Trainees who begin courses before providing evidence of the required GCSE standard (or equivalent) will not be eligible for financial incentives, such as bursaries or grants until they achieve the required standard.",https://www.worcester.ac.uk/courses/pgce-secondary-religious-education,worcester.xlsx
University of Worcester,Worcester,https://www.worc.ac.uk/courses/subject-knowledge-enhancement,subject-knowledge-enhancement,Bachelor's,None,None,UCAS Relevant Qualification: None,None,None,None,None,None,None,None,None,None,None,None,None,None,None,None,None,None,None,None,None,None,None,None,None,None,None,None,CACHE Technical Level 3 Requirement: None,None,None,None,None,None,None,None,None,None,None,None,None,None,None,None,None,None,Required,None,None,None,None,None,None,None,None,None,None,Additional Requirements: None,https://www.worcester.ac.uk/courses/subject-knowledge-enhancement,worcester.xlsx
University of Worcester,Worcester,https://www.worc.ac.uk/courses/master-of-business-administration,master-of-business-administration,Postgraduate,None,None,An honours degree at 2:2 level or above in any subject (or International students holding a qualification recognised as equivalent by the University).,None,None,None,None,None,None,None,None,None,None,None,None,None,None,None,None,None,None,None,None,None,None,None,None,None,None,None,None,None,None,None,None,None,None,None,None,None,None,None,None,None,None,None,None,None,Required,None,None,None,None,None,None,None,None,None,None,"Entry to the master of business administration requires all applicants to complete an application form which gives a variety of information about the student's work experience, qualifications and motivation. These will be checked by the Admission tutor. Where information on the form is insufficient for a decision to be made the applicant will be requested to attend an interview with the Admission Tutor.",https://www.worcester.ac.uk/courses/mba-master-of-business-administration-2021,worcester.xlsx
University of Worcester,Worcester,https://www.worc.ac.uk,social-work-practice-education-pg-award,Postgraduate,None,None,"A combination of acceptable Level 3 qualifications such as A-levels, T Levels, or BTEC Diplomas.",None,None,None,None,None,None,None,None,None,None,None,None,None,None,None,None,None,None,None,None,None,None,None,Bachelors Degree required,Accepted,None,None,None,None,None,None,None,None,None,None,None,None,None,None,None,None,None,None,None,None,None,None,None,None,None,None,None,None,None,None,None,None,https://www.worcester.ac.uk/courses/social-work-practice-education-pg-award,worcester.xlsx
University of Worcester,Worcester,https://www.worc.ac.uk,creative-media,Master's,None,None,"UCAS Relevant Qualification: ""A first or second-class Honours Degree in a relevant, cognate discipline or Professional qualifications in an appropriate area or Relevant professional experience""",None,None,None,None,None,None,None,None,None,None,None,None,None,None,None,None,None,None,None,None,None,None,None,None,Accepted,None,None,None,None,None,None,None,None,None,None,None,None,None,None,None,None,None,None,None,Required,None,6.5,5.5,None,None,None,None,None,None,None,None,Additional Requirements: None,https://www.worcester.ac.uk/courses/creative-media-ma,worcester.xlsx
University of Worcester,Worcester,https://www.worc.ac.uk/courses/filmmaking-and-screenwriting-ba-hons,filmmaking-and-screenwriting-ba-hons,Bachelor's,104 UCAS Tariff points,//www.ucas.com,"A combination of acceptable Level 3 qualifications such as A-levels, T Levels, or BTEC Diplomas.",None,None,None,None,None,None,None,None,None,None,None,None,None,None,None,None,None,None,None,None,None,None,None,None,None,None,None,None,None,None,None,None,None,None,None,None,None,None,None,None,None,None,None,None,None,None,None,None,None,None,None,None,None,None,None,None,None,https://www.worcester.ac.uk/courses/filmmaking-and-screenwriting-ba-hons,worcester.xlsx
University of Worcester,Worcester,https://www.worc.ac.uk,business-psychology,Master's,None,None,"2:2 Honours degree in a Psychology (non-BPS accredited) degree or a related subject (e.g. Business Management, Human Resource Management). Applications from those with a nonrelated subject will also be considered.",None,None,None,None,None,None,None,None,None,None,None,None,None,None,None,None,None,None,None,None,None,None,None,Second Lower,None,None,None,None,None,None,None,None,None,None,None,None,None,None,None,None,None,None,None,None,None,None,None,None,None,None,None,None,None,None,None,None,None,https://www.worcester.ac.uk/courses/occupationalbusiness-psychology-msc,worcester.xlsx
University of Worcester,Worcester,https://www.worc.ac.uk/courses/digital-business-ba-hons,digital-business,Bachelor's,112 UCAS tariff points,//www.ucas.com,"A combination of acceptable Level 3 qualifications such as A-levels, T Levels, or BTEC Diplomas.",BBC,None,None,None,None,None,None,None,None,None,None,None,None,None,None,None,None,None,None,None,None,None,None,None,None,None,None,None,None,None,None,None,None,None,None,None,None,None,None,None,None,None,None,None,None,None,None,None,None,None,None,None,None,None,None,None,None,https://www.worcester.ac.uk/courses/digital-business-ba-hons,worcester.xlsx
Birmingham Metropolitan College,Birmingham,https://www.bmet.ac.uk/courses/dental-technology-fdsc,dental-technology-fdsc,Foundation,32 UCAS tariff points,//www.ucas.com,A minimum of 1 A Level (or equivalent Level 3 qualification) and a maximum of 3 A levels,None,None,None,None,None,None,None,None,None,None,None,None,None,None,None,None,4 GCSEs (Grade C/4 or above) including English and Mathematics,"English, Mathematics",C or 4,None,None,None,None,None,None,None,None,None,None,None,None,None,None,None,None,None,None,None,None,None,None,None,None,None,None,None,7,6.5,None,None,None,None,None,None,None,None,Students will be required to sit an English diagnostic assessment equivalent to Level 2. T Levels may be used to meet the entry tariff requirements for this course.,https://www.worcester.ac.uk/courses/dental-technology-fdsc,worcester.xlsx
University of Worcester,Worcester,https://www.worc.ac.uk/courses/cultural-studies-ma,cultural-studies-ma,Master's,None,None,"UCAS Relevant Qualification: A good honours degree (2.2 or above) and a significant interest in education and/or equivalent professional qualifications, experience and evidence of continuing professional development",None,None,None,None,None,None,None,None,None,None,None,None,None,None,None,None,None,None,None,None,None,None,None,Second Lower,Accepted,None,None,None,None,None,None,None,None,None,None,None,None,None,None,None,None,None,None,None,None,None,6.5,5.5,None,None,None,None,Accepted,Accepted,None,None,Additional Requirements: None,https://www.worcester.ac.uk/courses/cultural-studies-ma,worcester.xlsx
University of Worcester,Worcester,https://www.worc.ac.uk,plant-biology,PhD,None,None,First or Upper Second Class Honours Degree or an approved equivalent award or Research or professional experience which has resulted in appropriate evidence of achievement.,None,None,None,None,None,None,None,None,None,None,None,None,None,None,None,None,None,None,None,None,None,None,None,First or Upper Second Class Honours Degree or equivalent award in an appropriate discipline,"Research or professional experience at postgraduate level which has resulted in published work, written reports or other appropriate evidence of achievement.",None,None,None,None,None,None,None,None,None,None,None,None,None,None,None,Postgraduate Masters Degree in a discipline which is appropriate to the proposed programme of study,Required,None,None,None,None,6.5,6.0,None,None,None,None,None,None,None,None,None,https://www.worcester.ac.uk/courses/plant-biology-mphilphd,worcester.xlsx
University of Worcester,Worcester,https://www.worc.ac.uk/courses/environmental-management-and-sustainability-bsc-hons,environmental-management-and-sustainability,Bachelor's,104-120 UCAS tariff points,None,"A minimum of two A levels including at least one from Biology, Chemistry, Environmental Science, Environmental Studies, Geography, Geology, Maths, and Physics. T Levels may also be used to meet the entry tariff requirements.",BCC - BBB,"Biology, Chemistry, Environmental Science, Environmental Studies, Geography, Geology, Maths, Physics",None,None,None,None,None,None,None,None,None,None,None,None,None,None,None,None,None,None,None,None,None,None,None,None,None,None,None,None,None,None,None,None,None,None,None,None,None,None,None,None,None,None,None,None,6.0,5.5,None,None,None,None,None,None,None,None,Non-standard entry via the exploratory essay route is also available. Applicants whose first language is not English are required to provide a language test certificate as evidence of their proficiency.,https://www.worcester.ac.uk/courses/environmental-management-and-sustainability-bsc-hons,worcester.xlsx
University of Worcester,Worcester,https://www.worc.ac.uk/courses/education-studies-ba-hons,education-studies,Bachelor's,88 UCAS tariff points,None,"A combination of acceptable qualifications such as A levels, T Levels, Cache Diplomas, and BTEC qualifications.",CCD,None,None,None,None,None,None,None,None,None,None,None,None,None,None,None,None,None,None,None,None,None,None,None,None,None,None,None,None,None,None,None,None,None,None,None,None,None,None,None,None,None,None,None,None,None,None,None,None,None,None,None,None,None,None,None,Enhanced Disclosure & Barring Service (DBS) check is required for some modules on the course.,https://www.worcester.ac.uk/courses/education-studies-ba-hons.aspx,worcester.xlsx
University of Worcester,Worcester,https://www.worc.ac.uk,creative-media,PhD,None,None,First or Upper Second Class Honours Degree or an approved equivalent award or Research or professional experience which has resulted in appropriate evidence of achievement,None,None,None,None,None,None,None,None,None,None,None,None,None,None,None,None,None,None,None,None,None,None,None,First or Upper Second Class Honours Degree or equivalent award in an appropriate discipline,"Research or professional experience at postgraduate level which has resulted in published work, written reports or other appropriate evidence of achievement",None,None,None,None,None,None,None,None,None,None,None,None,None,None,None,Postgraduate Masters Degree in a discipline which is appropriate to the proposed programme of study,Required,None,None,None,None,6.5,6.0,None,None,None,None,Accepted,Accepted,None,None,None,https://www.worcester.ac.uk/courses/creative-media-mphilphd,worcester.xlsx
University of Worcester,Worcester,https://www.worc.ac.uk,design-and-technology-food,PGCE,None,None,"Honours degree, normally 2:2 or higher from a United Kingdom higher education institution or equivalent qualification, in a relevant subject area.",None,None,None,None,None,None,None,None,None,None,None,None,None,None,None,None,"GCSE grade C/4 in English Language or English Literature and Mathematics, or equivalent qualifications.","English Language, English Literature, Mathematics",C/4,None,None,None,None,None,None,None,None,None,None,None,None,None,None,None,None,None,None,None,None,None,None,None,None,None,None,Required,None,None,None,None,None,None,None,None,None,None,None,https://www.worcester.ac.uk/courses/pgce-secondary-design-and-technology-food,worcester.xlsx
University of Worcester,Worcester,https://www.worc.ac.uk/courses/criminology-with-politics-ba-hons,criminology-with-politics-ba-hons,Bachelor's,112 UCAS Tariff points,//www.ucas.com,"A combination of acceptable Level 3 qualifications such as A-levels, T Levels, or BTEC Diplomas.",None,None,None,None,None,None,None,None,None,None,None,None,None,None,None,None,None,None,None,None,None,None,None,None,None,None,None,None,None,None,None,None,None,None,None,None,None,None,None,None,None,None,None,None,None,None,None,None,None,None,None,None,None,None,None,None,None,https://www.worcester.ac.uk/courses/criminology-with-politics-ba-hons,worcester.xlsx
University of Worcester,Worcester,https://www.worc.ac.uk/courses/diagnostic-radiography-bsc-hons,diagnostic-radiography-bsc-hons,Bachelor's,120,https://www.ucas.com,"UCAS Relevant Qualification: ""A-levels, BTEC National Extended Diploma, T-level, Access to HE Diplomas""",BBB (including at least one science subject),Science,None,None,None,None,"DDM in Applied Science, or DDM in Health and Social Care plus A-level grade C or above in science or maths",None,None,None,None,None,None,None,None,None,"C/4 or above in at least three subjects, including English language and maths","English language, Maths",None,Merit in Science,None,None,None,None,None,None,None,CACHE Technical Level 3 Requirement: None,None,None,None,None,None,None,None,None,None,None,None,None,None,None,None,None,None,None,None,None,None,None,None,None,None,None,None,None,Additional Requirements: None,https://www.worcester.ac.uk/courses/diagnostic-radiography-bsc-hons,worcester.xlsx
University of Worcester,Worcester,https://www.worc.ac.uk,environmental-studies-science-mphil-phd,PhD,None,None,First or Upper Second Class Honours Degree or an approved equivalent award or Research or professional experience which has resulted in appropriate evidence of achievement,None,None,None,None,None,None,None,None,None,None,None,None,None,None,None,None,None,None,None,None,None,None,None,First or Upper Second Class Honours Degree or equivalent award in an appropriate discipline,"Research or professional experience at postgraduate level which has resulted in published work, written reports or other appropriate evidence of achievement",None,None,None,None,None,None,None,None,None,None,None,None,None,None,None,Postgraduate Masters Degree in a discipline which is appropriate to the proposed programme of study,Required,None,None,None,None,6.5,6.0,None,None,None,None,None,None,None,None,None,https://www.worcester.ac.uk/courses/environmental-studiesscience-mphilphd,worcester.xlsx
University of Worcester,Worcester,https://www.worc.ac.uk/courses/english-literature-and-theatre-acting-performance-ba-hons,english-literature-and-theatre-acting-performance-ba-hons,Bachelor's,104 UCAS Tariff points,//www.ucas.com,"A combination of acceptable Level 3 qualifications such as A-levels, T Levels, or BTEC Diplomas.",None,None,None,None,None,None,None,None,None,None,None,None,None,None,None,None,None,None,None,None,None,None,None,None,None,None,None,None,None,None,None,None,None,None,None,None,None,None,None,None,None,None,None,None,None,None,None,None,None,None,None,None,None,None,None,None,None,https://www.worcester.ac.uk/courses/english-literature-and-theatre-acting-performance-ba-hons,worcester.xlsx
University of Worcester,Worcester,https://www.worc.ac.uk/courses/history-ba-hons,history,Bachelor's,112,//www.ucas.com,"A-levels, BTEC National Extended Diploma, T-levels, Access to HE Diplomas",BBC,None,None,None,None,None,DMM,Pass (96 UCAS points),None,None,None,None,None,None,None,None,None,None,None,None,None,None,None,None,None,None,None,None,None,None,None,None,None,None,None,None,None,None,None,None,None,None,None,None,None,None,None,None,None,None,None,None,None,None,None,None,"UCAS tariff points required: 112, Typical Offer Qualification Grade: A-level BBC, BTEC National Extended Diploma DMM, T-level Merit, We do accept Access to HE Diplomas and other qualifications which may not exactly match the combinations above.",https://www.worcester.ac.uk/courses/history-ba-hons,worcester.xlsx
University of Worcester,Worcester,https://www.worc.ac.uk/courses/history-with-politics-ba-hons,history-with-politics,Bachelor's,104 UCAS tariff points,//www.ucas.com,"A Levels (for example, BCC)",BCC,None,None,None,None,None,None,None,None,None,None,None,None,None,None,None,None,None,None,None,None,None,None,None,None,None,None,None,None,None,None,None,None,None,None,None,None,None,None,None,None,None,None,None,None,None,None,None,None,None,None,None,None,None,None,None,None,https://www.worcester.ac.uk/courses/history-with-politics-ba-hons,worcester.xlsx
University of Worcester,Worcester,https://www.worc.ac.uk/courses/human-resource-management-msc,human-resource-management-msc,Master's,None,None,UCAS Relevant Qualification: An honours degree at 2:2 level or above in any subject (or International students holding a qualification recognised as equivalent by the University),None,None,None,None,None,None,None,None,None,None,None,None,None,None,None,None,None,None,None,None,None,None,None,Second Lower,None,None,None,None,None,None,None,None,None,None,Required,None,None,None,None,None,None,None,None,None,None,None,6.5,5.5,None,None,None,None,None,None,None,None,"Additional Requirements: Recognition of Prior Learning: ""Students with relevant previous study at postgraduate level or with extensive experience may be considered eligible for recognition of prior learning.""",https://www.worcester.ac.uk/courses/human-resource-management-msc-2021,worcester.xlsx
University of Worcester,Worcester,https://www.worc.ac.uk/courses/animal-biology-phd,animal-biology-phd,PhD,None,None,First or Upper Second Class Honours Degree or an approved equivalent award or Research or professional experience which has resulted in appropriate evidence of achievement.,None,None,None,None,None,None,None,None,None,None,None,None,None,None,None,None,None,None,None,None,None,None,None,First or Upper Second Class Honours Degree or equivalent award in an appropriate discipline,"Research or professional experience at postgraduate level which has resulted in published work, written reports or other appropriate evidence of achievement.",None,None,None,None,None,None,None,None,None,None,None,None,None,None,None,Postgraduate Masters Degree in a discipline which is appropriate to the proposed programme of study,None,None,None,None,None,6.5,6.0,None,None,None,None,None,None,None,None,None,https://www.worcester.ac.uk/courses/animal-biology-mphilphd,worcester.xlsx
University of Worcester,Worcester,https://www.worc.ac.uk/courses/ma-english,ma-english,Master's,None,None,"UCAS Relevant Qualification: ""A first degree in a relevant discipline, such as English Literature, Cultural Studies, Comparative Literature, or Creative Writing.""",Required,None,None,None,None,None,None,None,None,None,None,None,None,None,None,None,None,None,None,None,None,None,None,Second Class,Accepted,None,None,None,None,None,None,None,None,None,None,None,None,None,None,None,None,None,None,None,None,None,None,None,None,None,None,None,None,None,None,None,Additional Requirements: None,https://www.worcester.ac.uk/courses/english-ma,worcester.xlsx
University of Worcester,Worcester,https://www.worc.ac.uk/courses/education-studies-and-english-literature-ba-hons,education-studies-and-english-literature,Bachelor's,104 UCAS Tariff points,//www.ucas.com,"A combination of acceptable Level 3 qualifications such as A-levels, T Levels, or BTEC Diplomas.",None,None,None,None,None,None,None,None,None,None,None,None,None,None,None,None,None,None,None,None,None,None,None,None,None,None,None,None,None,None,None,None,None,None,None,None,None,None,None,None,None,None,None,None,None,None,None,None,None,None,None,None,None,None,None,None,None,https://www.worcester.ac.uk/courses/education-studies-and-english-literature-ba-hons,worcester.xlsx
University of Worcester,Worcester,https://www.worc.ac.uk,human-geography,PhD,None,None,First or Upper Second Class Honours Degree or an approved equivalent award or Research or professional experience which has resulted in appropriate evidence of achievement,None,None,None,None,None,None,None,None,None,None,None,None,None,None,None,None,None,None,None,None,None,None,None,First or Upper Second Class Honours Degree or equivalent award in an appropriate discipline,"Research or professional experience at postgraduate level which has resulted in published work, written reports or other appropriate evidence of achievement",None,None,None,None,None,None,None,None,None,None,None,None,None,None,None,Postgraduate Masters Degree in a discipline which is appropriate to the proposed programme of study,Required,None,None,None,None,6.5,6.0,None,None,None,None,None,None,None,None,None,https://www.worcester.ac.uk/courses/human-geography-mphilphd,worcester.xlsx
University of Worcester,Worcester,https://www.bmet.ac.uk/courses/accounting-and-finance-diphe,accounting-and-finance-diphe,Foundation,112 UCAS tariff points,//www.ucas.com,"A combination of acceptable Level 3 qualifications such as A-levels, T Levels, or BTEC Diplomas.",Required,"English, Maths",C/4,None,None,None,None,None,None,None,None,None,None,None,None,None,C/4,"English, Maths",C/4,None,None,None,None,None,None,None,None,None,None,None,None,None,None,None,None,None,None,None,None,None,None,None,None,None,None,None,None,None,None,None,None,None,None,None,None,None,None,https://www.worcester.ac.uk/courses/accounting-and-finance-diphe,worcester.xlsx
University of Worcester,Worcester,None,assessment-only-route-to-qts,Bachelor's,None,None,First degree or equivalent qualification,None,None,None,None,None,None,None,None,None,None,None,None,None,None,None,None,Grade 4 or above in GCSE English and Maths,"English, Maths, Science",4,None,None,None,None,None,Minimum of two years' teaching experience in at least two different schools,None,None,None,None,None,None,None,None,None,None,None,None,None,None,None,None,None,None,None,None,Required,None,None,None,None,None,None,None,None,None,None,Assessment Only Route teachers who qualify will not receive an award from the University and will therefore not participate in graduation.,https://www.worcester.ac.uk/courses/assessment-only-route,worcester.xlsx
University of Worcester,Worcester,https://www.worc.ac.uk,allied-health-studies,PhD,None,None,First or Upper Second Class Honours Degree or an approved equivalent award or Research or professional experience which has resulted in appropriate evidence of achievement,None,None,None,None,None,None,None,None,None,None,None,None,None,None,None,None,None,None,None,None,None,None,None,First or Upper Second Class Honours Degree or equivalent award in an appropriate discipline,Accepted,None,None,None,None,None,None,None,None,None,None,None,None,None,None,None,Postgraduate Masters Degree in a discipline which is appropriate to the proposed programme of study,Required,None,None,None,None,6.5,6.0,None,None,None,None,None,None,None,None,None,https://www.worcester.ac.uk/courses/allied-health-studies-mphilphd,worcester.xlsx
University of Worcester,Worcester,https://www.worc.ac.uk/courses/nursing-degree-apprenticeship-bsc-hons,nursing-degree-apprenticeship-bsc-hons,Bachelor's,112 UCAS Tariff Points,None,A levels (for example BBC at A level) or Equivalent Level 3 qualifications e.g. BTEC Level 3 Extended Diploma DMM or above or Access to Higher Education Diploma – with 45 credits at level 3 (with at least 30 credits at Merit or Distinction),BBC,None,None,None,None,None,DMM or above,Pass (96 UCAS points),DMM or above,None,None,Level 3,None,None,None,None,GCSE grade C/4 or ESFA approved level 2 equivalent in Maths and English,"Maths, English",C or 4,None,None,None,None,None,None,None,None,None,None,None,None,None,None,None,None,None,None,None,None,None,None,None,None,None,None,None,6,5.5,IELTS 6 (with no less than 5.5 in any component),None,None,None,None,None,None,None,Apprentices will be required to demonstrate health and character sufficient to ensure safe and effective practice. This includes confirmation of a satisfactory Enhanced DBS and occupational health clearance from your employing organisation.,https://www.worcester.ac.uk/courses/registered-nurse-degree-apprenticeship,worcester.xlsx
University of Worcester,Worcester,https://www.worc.ac.uk/courses/occupational-therapy-msc-pre-registration,occupational-therapy-msc-pre-registration,Master's,None,None,A degree at 2:2 or above with evidence of knowledge or experience in the research process and/or completion of an undergraduate dissertation or independent study,Required,None,None,None,None,None,None,None,None,None,None,None,None,None,None,None,C/4 or above,English,C or 4,None,None,None,None,Second Lower,None,None,None,None,None,None,None,None,None,None,None,None,None,None,None,HCPC,None,None,None,None,None,None,7.0,6.5,None,None,None,None,Accepted,Accepted,None,None,"Satisfactory Occupational Health Clearance is required including fitness to undertake placement. No offers will be made without interview. Meeting the minimum entry requirements does not guarantee an interview, or a place on the course.",https://www.worcester.ac.uk/courses/occupational-therapy-msc-pre-registration,worcester.xlsx
University of Worcester,Worcester,https://www.worc.ac.uk/courses/game-art-ba-hons,game-art,Bachelor's,104 UCAS Tariff points,//www.ucas.com,A minimum of 2 A Levels (or equivalent Level 3 qualifications) and 4 GCSEs (Grade C/4 or above).,BCC,None,None,None,None,None,None,None,None,None,None,None,None,None,None,Required,4 GCSEs (Grade C/4 or above),None,C or 4,None,None,None,None,None,None,None,None,None,None,None,None,None,None,None,None,None,None,None,None,None,None,None,None,None,Required,None,None,None,None,None,None,None,None,None,None,None,"Evidence of prior study in an art and design discipline – or equivalent experience in the case of mature applicants – will be required on application. Applicants are invited to provide an online portfolio for consideration alongside their application form which helps us to assess your application and, in some circumstances, allows us to make a reduced offer.",https://www.worcester.ac.uk/courses/game-art-ba-hons.html,worcester.xlsx
University of Worcester,Worcester,https://www.worc.ac.uk/courses/assistant-practitioner-apprenticeship,assistant-practitioner-apprenticeship,Foundation,32 UCAS tariff points,//www.ucas.com,A minimum of 1 A level and a maximum of 3 A Levels or equivalent Level 3 qualifications e.g. BTEC National Diploma or Access to Higher Education Diploma.,None,None,None,None,None,None,None,None,None,None,None,Level 5,None,None,None,None,GCSE grade C/4 or level 2 equivalent in Maths and English (Language or Literature),"Mathematics, English",C or 4,None,None,None,None,None,None,None,None,None,None,None,None,None,None,None,None,None,None,None,None,None,None,None,None,None,None,None,6.0,5.5,Accepted with a minimum standard of English at IELTS level 6.0,Accepted with a minimum standard of English at IELTS level 6.0,None,None,None,None,None,None,Students are required to demonstrate health and character sufficient to ensure safe and effective practice. This includes a satisfactory enhanced DBS and occupational health assessment.,https://www.worcester.ac.uk/courses/assistant-practitioner-apprenticeship,worcester.xlsx
University of Worcester,Worcester,https://www.worc.ac.uk/courses/business-and-human-resource-management-ba-hons,business-and-human-resource-management,Bachelor's,112 UCAS tariff points,//www.ucas.com,"A Levels, T Levels, BTEC Diplomas, Access to HE Diplomas, International Baccalaureate",BBC,None,None,None,None,None,None,None,None,None,None,None,None,None,None,None,Grade C / 4 or above in English and Maths,"English, Maths",C or 4,None,None,None,None,None,None,None,None,None,None,None,None,None,None,None,None,None,None,None,None,None,None,None,None,None,None,None,None,None,None,None,None,None,None,None,None,None,None,https://www.worcester.ac.uk/courses/business-human-resource-management-ba-hons,worcester.xlsx
University of Worcester,Worcester,https://www.worc.ac.uk,applied-sports-performance-analysis,Master's,None,None,"A minimum of 2:1 in a relevant Sport (Performance Analysis, Sports Coaching or Sport Science) OR Mathematics, Statistics, or Data Science related programme",None,None,None,None,None,None,None,None,None,None,None,None,None,None,None,None,None,None,None,None,None,None,None,Second Upper,Accepted,None,None,None,None,None,None,None,None,None,None,None,None,None,None,None,None,None,None,None,None,None,6.5,5.5,None,None,None,None,Accepted,Accepted,None,None,None,https://www.worcester.ac.uk/courses/sport-performance-analysis-msc,worcester.xlsx
University of Worcester,Worcester,https://www.worc.ac.uk/courses/nutrition-and-dietetics-bsc-hons,nutrition-and-dietetics-bsc-hons,Bachelor's,120 UCAS tariff points,//www.ucas.com,"A combination of acceptable Level 3 qualifications such as A-levels, T Levels, or BTEC Diplomas.",Required,"Biology,Chemistry",None,None,None,None,None,None,None,None,None,None,None,None,None,None,"A*-C or 9-4 pass in GCSE English Language, maths and science","English,Maths,Science",None,None,None,None,None,None,Shadowing a Dietitian is highly recommended,None,None,None,None,None,None,None,None,None,None,None,None,None,None,None,None,None,None,None,None,Required,7.0,6.5,None,None,None,None,None,None,None,None,Disclosure and Barring Service (DBS) clearance is required; Occupational health clearance is required.,https://www.worcester.ac.uk/courses/nutrition-and-dietetics-bsc-hons,worcester.xlsx
University of Worcester,Worcester,https://www.worc.ac.uk/courses/media-and-film-studies-and-screenwriting-ba-hons,media-and-film-studies-and-screenwriting-ba-hons,Undergraduate,104,https://www.ucas.com,"UCAS Relevant Qualification: ""T Levels may be used to meet the entry tariff requirements for this course.""",None,None,None,None,None,None,None,None,None,None,None,None,None,None,None,None,None,None,None,None,None,None,None,None,None,None,None,None,None,None,None,None,None,None,None,None,None,None,None,None,None,None,None,None,None,None,None,None,None,None,None,None,None,None,None,None,Additional Requirements: None,https://www.worcester.ac.uk/courses/media-film-studies-and-screenwriting,worcester.xlsx
University of Worcester,Worcester,https://www.worc.ac.uk/courses/law-with-politics,Law with Politics,Undergraduate,120,https://www.ucas.com,"UCAS Relevant Qualification: A-levels, T Levels",BBB,None,None,None,None,None,None,None,None,None,None,None,None,None,None,None,Grade C/4 or above,English,None,None,None,None,None,None,None,Accepted,None,None,None,None,None,None,None,None,None,None,None,None,None,None,None,None,None,None,None,None,6.5,None,None,None,None,None,None,None,None,None,Additional Requirements: Applicants may be invited for interview,https://www.worcester.ac.uk/courses/law-with-politics-llb-hons-2022,worcester.xlsx
University of Worcester,Worcester,https://www.worc.ac.uk/courses/psychology-bsc-hons,psychology-bsc-hons,Bachelor's,112,//www.ucas.com,"A-levels, BTEC National Extended Diploma, T-levels, Access to HE Diplomas",BBC,None,None,None,None,None,DMM,Pass (112 UCAS points),None,None,None,None,None,None,None,None,None,None,None,None,None,None,None,None,None,None,None,None,None,None,None,None,None,None,None,None,None,None,None,None,None,None,None,None,None,None,None,None,None,None,None,None,None,None,None,None,"Mature students welcome, International students accepted.",https://www.worcester.ac.uk/courses/psychology-bsc-hons,worcester.xlsx
University of Worcester,Worcester,https://www.worc.ac.uk/courses/computing-bsc-hons,computing-bsc-hons,Bachelor's,96,//www.ucas.com,"A-levels, BTEC National Extended Diploma, T-levels, Access to HE Diplomas",CCCB,None,None,None,None,None,MMM,Pass (96 UCAS points),None,None,None,None,None,None,None,None,None,None,None,Pass (C or above),None,None,None,None,None,None,None,None,None,None,None,None,None,None,None,None,None,None,None,None,None,None,None,None,None,None,None,None,None,None,None,None,None,None,None,None,"Mature students welcome, International students accepted.",https://www.worcester.ac.uk/courses/computing-bsc-hons,worcester.xlsx
University of Worcester,Worcester,https://www.worc.ac.uk/courses/understanding-domestic-and-sexual-violence-ma,understanding-domestic-and-sexual-violence,Master's,None,None,"UCAS Relevant Qualification: ""A relevant first degree gained at a 2.1 (or equivalent level) in a health related or social science discipline, or similar subject discipline or A relevant professional qualification and experience, including but not exclusively, Social Work, Police, Probation, Health and Education or Significant experience of working with victims and/or perpetrators of domestic or sexual violence over at least 12 months.""",None,None,None,None,None,None,None,None,None,None,None,None,None,None,None,None,None,None,None,None,None,None,None,Second Upper,Accepted,None,None,None,None,None,None,None,None,None,None,None,None,None,None,None,None,None,None,None,None,None,6.5,5.5,None,None,None,None,None,None,None,None,Additional Requirements: None,https://www.worcester.ac.uk/courses/understanding-domestic-and-sexual-violence-mapg-certpg-dip,worcester.xlsx
University of Worcester,Worcester,https://www.worc.ac.uk,physical-geography,PhD,None,None,First or Upper Second Class Honours Degree or an approved equivalent award or Research or professional experience which has resulted in appropriate evidence of achievement,None,None,None,None,None,None,None,None,None,None,None,None,None,None,None,None,None,None,None,None,None,None,None,First or Upper Second Class Honours Degree or equivalent award in an appropriate discipline,"Research or professional experience at postgraduate level which has resulted in published work, written reports or other appropriate evidence of achievement",None,None,None,None,None,None,None,None,None,None,None,None,None,None,None,Postgraduate Masters Degree in a discipline which is appropriate to the proposed programme of study,Required,None,None,None,None,6.5,6.0,None,None,None,None,None,None,None,None,None,https://www.worcester.ac.uk/courses/physical-geography-mphilphd,worcester.xlsx
University of Worcester,Worcester,None,None,None,None,None,UCAS Relevant Qualification: None,None,None,None,None,None,None,None,None,None,None,None,None,None,None,None,None,None,None,None,None,None,None,None,None,None,None,None,CACHE Technical Level 3 Requirement: None,None,None,None,None,None,None,None,None,None,None,None,None,None,None,None,None,None,None,None,None,None,None,None,None,None,None,None,None,Additional Requirements: None,https://www.worcester.ac.uk/courses/creative-media-ba-hons,worcester.xlsx
University of Worcester,Worcester,https://www.worc.ac.uk,creative-writing-and-english-language-ba-hons,Bachelor's,104 UCAS tariff points,//www.ucas.com,A minimum of 2 A Levels (or equivalent Level 3 qualifications) and 4 GCSEs (Grade C/4 or above),Required,None,None,None,None,None,None,None,None,None,None,None,None,None,None,None,4 GCSEs (Grade C/4 or above),"Mathematics, English",C or 4,None,None,None,None,None,None,None,None,None,None,None,None,None,None,None,None,None,None,None,None,None,None,None,None,None,None,None,None,None,None,None,None,None,None,None,None,None,None,https://www.worcester.ac.uk/courses/creative-writing-and-english-language-ba-hons,worcester.xlsx
University of Worcester,Worcester,https://www.worc.ac.uk/courses/creative-writing-and-illustration-ba-hons,creative-writing-and-illustration,Bachelor's,104 UCAS tariff points,//www.ucas.com,A minimum of 2 A Levels (or equivalent Level 3 qualifications) and 4 GCSEs (Grade C/4 or above),Required,None,None,None,None,None,None,None,None,None,None,None,None,None,None,Required,4 GCSEs (Grade C/4 or above),None,Grade C/4 or above,None,None,None,None,None,None,None,None,None,None,None,None,None,None,None,None,None,None,None,None,None,None,None,None,None,Required,Shortlisted applicants may be invited to attend an interview,None,None,None,None,None,None,None,None,None,None,T Levels may be used to meet the entry tariff requirements for this course.,https://www.worcester.ac.uk/courses/creative-writing-and-illustration-ba-hons,worcester.xlsx
University of Worcester,Worcester,https://www.ironmill.co.uk/courses/integrative-counselling-ba-hons-top-up-degree,integrative-counselling-ba-hons-top-up-degree,Bachelor's,None,None,Foundation Degree (FdA) in Integrative Counselling or equivalent qualifications with BACP supervised practice requirements.,None,None,None,None,None,None,None,None,None,None,None,None,None,None,None,None,None,None,None,None,None,None,None,None,None,None,None,None,None,None,None,None,None,None,None,None,None,None,None,None,None,None,None,None,None,Required,None,None,None,None,None,None,None,None,None,None,Recognition of Prior Learning (RPL) / Recognition of Prior Experiential Learning (RPEL): Applicants can claim academic credit for relevant previous study or learning experiences.,https://www.worcester.ac.uk/courses/integrative-counselling-ba-hons,worcester.xlsx
University of Worcester,Worcester,https://www.worc.ac.uk/courses/criminology-ba-hons,criminology,Bachelor's,112,//www.ucas.com,"A-levels, BTEC National Extended Diploma, T-levels, Access to HE Diplomas",BBC,None,None,None,None,None,DMM,Pass (96 UCAS points),None,None,None,None,None,None,None,None,None,None,None,None,None,None,None,None,None,None,None,None,None,None,None,None,None,None,None,None,None,None,None,None,None,None,None,None,None,None,None,None,None,None,None,None,None,None,None,None,"UCAS tariff points required: 112, Typical Offer Qualification Grade: A-level BBC, BTEC National Extended Diploma DMM, T-level Merit, We do accept Access to HE Diplomas and other qualifications which may not exactly match the combinations above.",https://www.worcester.ac.uk/courses/criminology-ba-hons,worcester.xlsx
University of Worcester,Worcester,https://www.worc.ac.uk/courses/english-language-and-media-film-studies-ba-hons,english-language-and-media-film-studies-ba-hons,Bachelor's,104 UCAS tariff points,//www.ucas.com,"A combination of acceptable Level 3 qualifications such as A-levels, T Levels, or BTEC Diplomas.",None,None,None,None,None,None,None,None,None,None,None,None,None,None,None,None,None,None,None,None,None,None,None,None,None,None,None,None,None,None,None,None,None,None,None,None,None,None,None,None,None,None,None,None,None,None,None,None,None,None,None,None,None,None,None,None,None,https://www.worcester.ac.uk/courses/english-language-and-media-film-studies-ba-hons,worcester.xlsx
University of Worcester,Worcester,https://www.worc.ac.uk,criminology-with-forensic-psychology,Bachelor's,112,http://www.ucas.com,UCAS Relevant Qualification: None,None,None,None,None,None,None,None,None,None,None,None,None,None,None,None,None,None,None,None,None,None,None,None,None,None,None,None,None,None,None,None,None,None,None,None,None,None,None,None,None,None,None,None,None,None,None,None,None,None,None,None,None,None,None,None,None,Additional Requirements: None,https://www.worcester.ac.uk/courses/criminology-with-forensic-psychology,worcester.xlsx
University of Worcester,Worcester,https://www.worc.ac.uk/courses/filmmaking-ba-hons,filmmaking,Bachelor's,104 UCAS Tariff points,//www.ucas.com,"A combination of acceptable Level 3 qualifications such as A-levels, T Levels, or BTEC Diplomas.",BCC,None,None,None,None,None,None,None,None,None,None,None,None,None,None,None,None,None,None,None,None,None,None,None,None,None,None,None,None,None,None,None,None,None,None,None,None,None,None,None,None,None,None,None,None,None,None,None,None,None,None,None,None,None,None,None,None,https://www.worcester.ac.uk/courses/film-production-ba-hons,worcester.xlsx
University of Worcester,Worcester,https://www.worc.ac.uk/courses/computer-science-bsc-hons,computer-science-bsc-hons,Bachelor's,96,//www.ucas.com,"A-levels, BTEC National Extended Diploma, T-levels, Access to HE Diplomas",CCCB,None,None,None,None,None,MMM,Pass (96 UCAS points),None,None,None,None,None,None,None,None,None,None,None,None,None,None,None,None,None,None,None,None,None,None,None,None,None,None,None,None,None,None,None,None,None,None,None,None,None,None,None,None,None,None,None,None,None,None,None,None,"Mature students welcome, International students accepted.",https://www.worcester.ac.uk/courses/computer-science-bsc-hons,worcester.xlsx
University of Worcester,Worcester,https://www.worc.ac.uk/courses/sport-and-exercise-science-mphil-phd,sport-and-exercise-science-mphil-phd,PhD,None,None,First or Upper Second Class Honours Degree or an approved equivalent award or Research or professional experience which has resulted in appropriate evidence of achievement.,None,None,None,None,None,None,None,None,None,None,None,None,None,None,None,None,None,None,None,None,None,None,None,First or Upper Second Class Honours Degree or equivalent award in an appropriate discipline,"Research or professional experience at postgraduate level which has resulted in published work, written reports or other appropriate evidence of achievement.",None,None,None,None,None,None,None,None,None,None,None,None,None,None,None,Postgraduate Masters Degree in a discipline which is appropriate to the proposed programme of study,Required,None,None,None,None,6.5,6.0,None,None,None,None,None,None,None,None,None,https://www.worcester.ac.uk/courses/sport-and-exercise-science-mphilphd,worcester.xlsx
University of Worcester,Worcester,https://www.worc.ac.uk/courses/sport-business-management-ba-hons,sport-business-management,Bachelor's,112,//www.ucas.com,"A-levels, BTEC National Extended Diploma, T-levels, Access to HE Diplomas",BBC,None,None,None,None,None,DMM,Pass (96 UCAS points),None,None,None,None,None,None,None,None,None,None,None,None,None,None,None,None,None,None,None,None,None,None,None,None,None,None,None,None,None,None,None,None,None,None,None,None,None,None,None,None,None,None,None,None,None,None,None,None,"UCAS Code: CN62 or CN65, Placement year option, Study abroad available, 3 years full-time (part-time option available), UK and EU £9,535, International £16,700",https://www.worcester.ac.uk/courses/sport-business-management-ba-hons,worcester.xlsx
University of Worcester,Worcester,https://www.worc.ac.uk/courses/theatre-acting-and-performance-ba-hons,theatre-acting-and-performance,Bachelor's,112,//www.ucas.com,"A-levels, BTEC National Extended Diploma, T-level, Access to HE Diplomas",BBC,None,None,None,None,None,DMM,Pass (96 UCAS points),None,None,None,None,None,None,None,None,None,None,None,None,None,None,None,None,None,None,None,None,None,None,None,None,None,None,None,None,None,None,None,None,None,None,None,None,None,None,None,None,None,None,None,None,None,None,None,None,UCAS Code: W400,https://www.worcester.ac.uk/courses/theatre-acting-and-performance-ba-hons,worcester.xlsx
University of Worcester,Worcester,https://www.worc.ac.uk/courses/biological-sciences-bsc-hons-with-foundation-year,biological-sciences-bsc-hons-with-foundation-year,Foundation,None,None,"UCAS Relevant Qualification: ""A combination of acceptable Level 3 qualifications such as A-levels, T Levels, or BTEC Diplomas.""",None,None,None,None,None,None,None,None,None,None,None,None,None,None,None,None,C or 4,English Language or English Literature,None,None,None,None,None,None,None,None,None,CACHE Technical Level 3 Requirement: None,None,None,None,None,None,None,None,None,None,None,None,None,None,None,None,None,None,None,None,None,None,None,None,None,None,None,None,None,"Entry Requirements: ""Applicants for these courses must have a good command of reading, writing and spoken English.""",https://www.worcester.ac.uk/courses/biological-sciences-with-foundation-year,worcester.xlsx
University of Worcester,Worcester,https://www.worc.ac.uk,creative-writing-joint-honours,Bachelor's,104 UCAS tariff points,//www.ucas.com,A minimum of 2 A Levels (or equivalent Level 3 qualifications) and 4 GCSEs (Grade C/4 or above),Required,None,None,None,None,None,None,None,None,None,None,None,None,None,None,None,4 GCSEs (Grade C/4 or above),None,C or 4,None,None,None,None,None,None,None,None,None,None,None,None,None,None,None,None,None,None,None,None,None,None,None,None,None,None,None,None,None,None,None,None,None,None,None,None,None,None,https://www.worcester.ac.uk/courses/creative-writing-ba-hons,worcester.xlsx
University of Worcester,Worcester,https://www.worc.ac.uk,pgce-secondary-science-chemistry,Postgraduate,None,None,"Honours degree, normally 2:2 or higher from a United Kingdom higher education institution or equivalent qualification, in a relevant subject area.",None,None,None,None,None,None,None,None,None,None,None,None,None,None,None,None,C/4,"English Language, English Literature, Mathematics",C or 4,None,None,None,None,None,Accepted,None,None,None,None,None,None,None,None,None,None,None,None,None,None,None,None,None,None,None,None,Required,None,None,None,None,None,None,Accepted,None,None,None,"Honours degree, normally 2:2 or higher from a United Kingdom higher education institution or equivalent qualification, in a relevant subject area. Applicants with a 3rd class degree will be considered on an individual basis.",https://www.worcester.ac.uk/courses/pgce-secondary-science-chemistry,worcester.xlsx
University of Worcester,Worcester,https://www.worc.ac.uk/courses/social-work-ba-hons,social-work,Bachelor's,120,//www.ucas.com,"A-levels, BTEC National Extended Diploma, T-level, Access to HE Diplomas",BBBB,None,None,None,None,None,DDM,Pass (96 UCAS points),None,None,None,None,None,None,None,None,None,None,None,None,None,None,None,None,None,None,None,None,None,None,None,None,None,None,None,None,None,None,None,None,None,None,None,None,None,None,None,None,None,None,None,None,None,None,None,None,"UCAS tariff points required: 120
Typical Offer Qualification Grade: A-level BBB
BTEC National Extended Diploma: DDM
T-level: Merit",https://www.worcester.ac.uk/courses/social-work-ba-hons,worcester.xlsx
University of Worcester,Worcester,https://www.worc.ac.uk/courses/english-literature-ba-hons,english-literature,Bachelor's,104,//www.ucas.com,"A-levels, BTEC National Extended Diploma, T-level, Access to HE Diplomas",BCC,English,C,None,None,None,DMM,None,None,None,None,None,None,None,None,None,None,None,None,None,None,None,None,None,None,None,None,None,None,None,None,None,None,None,None,None,None,None,None,None,None,None,None,None,None,None,None,None,None,None,None,None,None,None,None,None,"UCAS Code: Q300, 3 years full-time (part-time option available), Placement available, Study abroad available",https://www.worcester.ac.uk/courses/english-literature-ba-hons,worcester.xlsx
University of Worcester,Worcester,https://www.worc.ac.uk,biochemistry,PhD,None,None,First or Upper Second Class Honours Degree or an approved equivalent award or Research or professional experience which has resulted in appropriate evidence of achievement.,None,None,None,None,None,None,None,None,None,None,None,None,None,None,None,None,None,None,None,None,None,None,None,First or Upper Second Class Honours Degree or equivalent award in an appropriate discipline,Accepted,None,None,None,None,None,None,None,None,None,None,None,None,None,None,None,Postgraduate Masters Degree in a discipline which is appropriate to the proposed programme of study,Required,None,None,None,None,6.5,6.0,None,None,None,None,None,None,None,None,None,https://www.worcester.ac.uk/courses/biochemistry-mphilphd,worcester.xlsx
University of Worcester,Worcester,None,mres-in-history,MRes,None,None,"A First or Upper Second-Class Honours (2:1) Degree, or equivalent award, in History or a related subject and/or Appropriate research or professional experience.",None,None,None,None,None,None,None,None,None,None,None,None,None,None,None,None,None,None,None,None,None,None,None,First or Upper Second-Class Honours (2:1),Accepted,None,None,None,None,None,None,None,None,None,None,None,None,None,None,None,None,Required,None,None,None,None,6.5,6,None,None,None,None,None,None,None,None,None,https://www.worcester.ac.uk/courses/history-mres,worcester.xlsx
University of Worcester,Worcester,https://www.worc.ac.uk,business-phd,PhD,None,None,First or Upper Second Class Honours Degree or an approved equivalent award or Research or professional experience which has resulted in appropriate evidence of achievement,None,None,None,None,None,None,None,None,None,None,None,None,None,None,None,None,None,None,None,None,None,None,None,First or Upper Second Class Honours Degree or equivalent award in an appropriate discipline,Accepted,None,None,None,None,None,None,None,None,None,None,None,None,None,None,None,Postgraduate Masters Degree in a discipline which is appropriate to the proposed programme of study,Required,None,None,None,None,6.5,6.0,Accepted with a grade of C,Accepted with a grade of A,None,None,Accepted,Accepted,None,None,None,https://www.worcester.ac.uk/courses/business-mphilphd,worcester.xlsx
University of Worcester,Worcester,https://www.worc.ac.uk,pgce-secondary-psychology,Postgraduate,None,None,"Honours degree, normally 2:2 or higher from a United Kingdom higher education institution or equivalent qualification, in a relevant subject area.",None,None,None,None,None,None,None,None,None,None,None,None,None,None,None,None,"GCSE grade C/4 in English Language or English Literature and Mathematics, or equivalent qualifications.","English Language, English Literature, Mathematics",C/4,None,None,None,None,None,None,None,None,None,None,None,None,None,None,None,None,None,None,None,None,None,None,None,None,None,None,Required,None,None,None,None,None,None,None,None,None,None,"Honours degree, normally 2:2 or higher from a United Kingdom higher education institution or equivalent qualification, in a relevant subject area. Applicants with a 3rd class degree will be considered on an individual basis. Trainees who begin courses before providing evidence of the required GCSE standard (or equivalent) will not be eligible for financial incentives, such as bursaries or grants until they achieve the required standard.",https://www.worcester.ac.uk/courses/pgce-secondary-psychology,worcester.xlsx
University of Worcester,Worcester,https://www.worc.ac.uk/courses/cricket-coaching-and-management-integrated-masters,cricket-coaching-and-management,Master's,112,https://www.ucas.com,"UCAS Relevant Qualification: ""A-level BBC, BTEC National Extended Diploma DMM, T-level Merit, Access to HE Diplomas and other qualifications""",BBC,None,None,None,None,None,None,None,None,None,None,None,None,None,None,None,None,None,None,None,None,None,None,None,None,None,None,None,None,None,None,None,None,None,None,None,None,None,None,None,None,None,None,None,None,None,None,None,None,None,None,None,None,None,None,None,Additional Requirements: None,https://www.worcester.ac.uk/courses/cricket-coaching-and-management-integrated-masters,worcester.xlsx
University of Worcester,Worcester,https://www.worc.ac.uk,occupational-psychology,Master's,None,None,2:2 Honours degree in Psychology with Graduate Basis for Chartership (GBC),None,None,None,None,None,None,None,None,None,None,None,None,None,None,None,None,None,None,None,None,None,None,None,Second Lower,None,None,None,None,None,None,None,None,None,None,None,None,None,None,None,None,None,None,None,None,None,None,6.5,None,None,None,None,None,None,None,None,None,None,https://www.worcester.ac.uk/courses/occupational-psychology-msc,worcester.xlsx
University of Worcester,Worcester,https://www.worc.ac.uk,pgce-secondary,Postgraduate,None,None,"Honours degree, normally 2:2 or higher from a United Kingdom higher education institution or equivalent qualification, in a relevant subject area.",None,None,None,None,None,None,None,None,None,None,None,None,None,None,None,None,"GCSE grade C/4 in English Language or English Literature and Mathematics, or equivalent qualifications.","English Language, English Literature, Mathematics",C/4,None,None,None,None,None,None,None,None,None,None,None,None,None,None,None,None,None,None,None,None,None,None,None,None,None,None,Required,None,None,None,None,None,None,Accepted,None,None,None,"PGCE Alumni Scholarship: ""£500 Cash Scholarship""",https://www.worcester.ac.uk/courses/pgce-secondary-2023,worcester.xlsx
University of Worcester,Worcester,https://www.worc.ac.uk/courses/leading-culture-change-in-safeguarding-pgcert,leading-culture-change-in-safeguarding-pgcert,Postgraduate Certificate,None,None,UCAS Relevant Qualification: None,None,None,None,None,None,None,None,None,None,None,None,None,None,None,None,None,None,None,None,None,None,None,None,None,None,None,None,CACHE Technical Level 3 Requirement: None,None,None,None,None,None,None,None,None,None,None,None,None,None,None,None,None,None,None,None,None,None,None,None,None,None,None,None,None,Additional Requirements: None,https://www.worcester.ac.uk/courses/leading-culture-change-in-safeguarding-pgcert,worcester.xlsx
University of Worcester,Worcester,https://www.worc.ac.uk/courses/cyber-security-bsc-hons,cyber-security,Bachelor's,96,//www.ucas.com,"A-levels, BTEC National Extended Diploma, T-levels, Access to HE Diplomas",CCCB,None,None,None,None,None,MMM,Pass (96 UCAS points),None,None,None,None,None,None,None,None,None,None,None,None,None,None,None,None,None,None,None,None,None,None,None,None,None,None,None,None,None,None,None,None,None,None,None,None,None,None,None,None,None,None,None,None,None,None,None,None,"Mature students welcome, International students accepted.",https://www.worcester.ac.uk/courses/cyber-security-bsc-hons,worcester.xlsx
University of Worcester,Worcester,https://www.worc.ac.uk/courses/fine-art-with-psychology-ba-hons,fine-art-with-psychology,Bachelor's,112,//www.ucas.com,"A-levels, BTEC National Extended Diploma, T-levels, Access to HE Diplomas",BBC,None,None,None,None,None,DMM,Pass (96 UCAS points),None,None,None,None,None,None,None,None,None,None,None,None,None,None,None,None,None,None,None,None,None,None,None,None,None,None,None,None,None,None,None,None,None,None,None,None,None,None,None,None,None,None,None,None,None,None,None,None,UCAS Code: CW89,https://www.worcester.ac.uk/courses/fine-art-with-psychology-ba-hons,worcester.xlsx
University of Worcester,Worcester,https://www.worc.ac.uk/courses/creative-writing-and-screenwriting-ba-hons,creative-writing-and-screenwriting-ba-hons,Bachelor's,104 UCAS Tariff points,//www.ucas.com,A minimum of 2 A Levels (or equivalent Level 3 qualifications). T Levels may be used to meet the entry tariff requirements for this course.,Required,None,None,None,None,None,None,None,None,None,None,None,None,None,None,None,4 GCSEs (Grade C/4 or above),"English, Mathematics",C or 4,None,None,None,None,None,None,None,None,None,None,None,None,None,None,None,None,None,None,None,None,None,None,None,None,None,None,None,None,None,None,None,None,None,None,None,None,None,None,https://www.worcester.ac.uk/courses/creative-writing-and-screenwriting-ba-hons,worcester.xlsx
University of Worcester,Worcester,https://www.worc.ac.uk,pgce-primary-with-send,Master's,None,None,"UCAS Relevant Qualification: ""Honours degree normally (2:2) or higher from a United Kingdom higher education institution or equivalent qualification in Physical Education or a closely related area.""",None,None,None,None,None,None,None,None,None,None,None,None,None,None,None,None,"C/4 in English Language or English Literature, Mathematics and Science","English Language, English Literature, Mathematics, Science",C/4,None,None,None,None,Second Lower,None,None,None,None,None,None,None,None,None,None,None,None,None,None,None,None,None,None,None,None,None,None,None,None,None,None,None,None,None,None,None,None,Additional Requirements: None,https://www.worcester.ac.uk/courses/pgce-primary-education-with-sendi-qts,worcester.xlsx
University of Worcester,Worcester,https://www.worc.ac.uk/courses/social-worker-degree-apprenticeship,social-worker-degree-apprenticeship,Bachelor's,None,None,"UCAS Relevant Qualification: ""Relevant Level 3 qualifications are accepted. For example, BTEC National Diploma in Health and Social Care""",None,None,None,None,None,None,None,None,None,None,None,Required,None,None,None,None,At least 4 GCSEs Grade C or above including English and Maths (or equivalent),"English, Maths",C,None,None,None,None,None,Accepted,None,None,CACHE Technical Level 3 Requirement: None,None,None,None,None,None,None,None,None,None,None,None,None,None,None,None,None,None,Required,7,None,None,None,None,None,None,None,None,None,"Satisfactory occupational health check and an enhanced Disclosure and Barring Service check: ""Both will be completed/processed by the apprentices employer, and costs met by the employing organisation.""",https://www.worcester.ac.uk/courses/social-worker-integrated-degree-apprenticeship,worcester.xlsx
University of Worcester,Worcester,https://www.worc.ac.uk,executive-master-of-business-administration,Master's,None,None,Applicants will normally have a first or second-class Honours Degree or equivalent in any subject and at least two years of business/management experience at a senior level.,None,None,None,None,None,None,None,None,None,None,None,None,None,None,None,None,None,None,None,None,None,None,None,None,At least two years of business/management experience at a senior level,None,None,None,None,None,None,None,None,None,None,None,None,None,None,None,None,None,None,None,None,Not Required,6.5,5.5,None,None,None,None,None,None,None,None,None,https://www.worcester.ac.uk/courses/executive-master-of-business-administration-emba,worcester.xlsx
University of Worcester,Worcester,https://www.worc.ac.uk/courses/history-and-sociology-ba-hons,history-and-sociology-ba-hons,Bachelor's,104 UCAS Tariff points,//www.ucas.com,"A combination of acceptable Level 3 qualifications such as A-levels, T Levels, or BTEC Diplomas.",None,None,None,None,None,None,None,None,None,None,None,None,None,None,None,None,None,None,None,None,None,None,None,None,None,None,None,None,None,None,None,None,None,None,None,None,None,None,None,None,None,None,None,None,None,None,None,None,None,None,None,None,None,None,None,None,None,https://www.worcester.ac.uk/courses/history-and-sociology-ba-hons,worcester.xlsx
University of Worcester,Worcester,https://www.worc.ac.uk/courses/early-childhood-ba-hons,early-childhood,Bachelor's,88 UCAS tariff points,None,"T Levels, Cache Diplomas, and B-Tech qualifications may be used to meet the entry tariff requirements for this course.",Required,"English language or English literature, Maths",Grade C/4,None,None,None,None,None,None,None,None,None,None,None,None,None,Grade C/4 in English and Maths,"English, Maths",C or 4,None,None,None,None,None,None,None,None,None,None,None,None,None,None,None,None,None,None,None,None,None,None,None,None,None,None,None,6.0,5.5,None,None,None,None,None,None,None,None,"Enhanced application made to the Disclosure and Barring Service (DBS) is required. Certificate of Good Conduct from the country of residence will be required if lived, studied or worked overseas for three months or more in the last five years.",https://www.worcester.ac.uk/courses/early-childhood-in-society-graduate-practitioner-ba-hons,worcester.xlsx
University of Worcester,Worcester,https://www.worc.ac.uk,atmospheric-sciences,PhD,None,None,First or Upper Second Class Honours Degree or an approved equivalent award or Research or professional experience which has resulted in appropriate evidence of achievement.,None,None,None,None,None,None,None,None,None,None,None,None,None,None,None,None,None,None,None,None,None,None,None,First or Upper Second Class Honours Degree or equivalent award in an appropriate discipline,"Research or professional experience at postgraduate level which has resulted in published work, written reports or other appropriate evidence of achievement.",None,None,None,None,None,None,None,None,None,None,None,None,None,None,None,Postgraduate Masters Degree in a discipline which is appropriate to the proposed programme of study,Required,None,None,None,None,6.5,6.0,None,None,None,None,Accepted,Accepted,None,None,None,https://www.worcester.ac.uk/courses/atmospheric-sciences-mphilphd,worcester.xlsx
University of Worcester,Worcester,https://www.worc.ac.uk/courses/occupational-therapy-bsc-hons-with-foundation-year,occupational-therapy-bsc-hons-with-foundation-year,Bachelor's,32,None,1 A-level (grade C or above) or an equivalent qualification,C,None,None,None,None,None,None,None,None,None,None,None,None,None,None,None,GCSE English and Mathematics at grade C/4 or above,"English, Mathematics",C or 4,None,None,None,None,None,None,None,None,None,None,None,None,None,None,None,None,None,None,None,None,None,None,None,None,None,None,None,None,None,None,None,None,None,None,None,None,None,Clear commitment to pursuing a career in Occupational Therapy; To be at least 18 years old; Mature students without the usual formal qualifications are welcome.,https://www.worcester.ac.uk/courses/occupational-therapy-bsc-hons-with-foundation-year,worcester.xlsx
University of Worcester,Worcester,https://www.worc.ac.uk/courses/clinical-psychology-bsc-hons,clinical-psychology-bsc-hons,Bachelor's,112,//www.ucas.com,"A combination of acceptable Level 3 qualifications such as A-levels, BTEC National Extended Diploma, or T-levels.",BBC,None,None,None,None,None,DMM,Pass (112 UCAS points),None,None,None,None,None,None,None,None,None,None,None,None,None,None,None,None,None,None,None,None,None,None,None,None,None,None,None,None,None,None,None,None,None,None,None,None,None,None,None,None,None,None,None,None,None,None,None,None,Mature students welcome; International students accepted.,https://www.worcester.ac.uk/courses/clinical-psychology-bsc-hons,worcester.xlsx
University of Worcester,Worcester,https://www.worc.ac.uk/courses/english-literature-and-journalism-ba-hons,english-literature-and-journalism-ba-hons,Bachelor's,104 UCAS Tariff points,//www.worc.ac.uk,"A minimum of 2 A Levels, including a minimum grade of C at A2 English. Equivalent Level 3 qualifications, Accredited Access and Foundation Courses, or Mature Entry Route are accepted.",Required,English,C,None,None,None,None,None,None,None,None,None,None,None,None,None,4 GCSEs (Grade C/4 or above),English,C or 4,None,None,None,None,None,None,None,None,None,None,None,None,None,None,None,None,None,None,None,None,None,None,None,None,None,None,None,6.0,5.5,None,None,None,None,None,None,None,None,None,https://www.worcester.ac.uk/courses/english-literature-and-journalism-ba-hons,worcester.xlsx
University of Worcester,Worcester,https://www.worc.ac.uk,psychology,Master's,None,None,"At least a 2:2 honours degree in a subject other than Psychology, GCSE in Maths and English (Grade C/4 or above) or equivalent qualification in line with University Admissions Policy",None,None,None,None,None,None,None,None,None,None,None,None,None,None,None,None,Grade C/4 or above,"Maths, English",C or 4,None,None,None,None,Second Lower,None,None,Acceptable,None,None,None,None,None,None,None,None,None,None,None,None,BPS,None,None,None,None,None,None,6.5,5.5,None,None,None,None,Accepted,Accepted,None,None,None,https://www.worcester.ac.uk/courses/psychology-msc,worcester.xlsx
University of Worcester,Worcester,https://www.worc.ac.uk/courses/pgce-secondary-mathematics,pgce-secondary-mathematics,Master's,None,None,"Honours degree, normally 2:2 or higher from a United Kingdom higher education institution or equivalent qualification, in a relevant subject area.",None,None,None,None,None,None,None,None,None,None,None,None,None,None,None,None,"GCSE grade C/4 in English Language or English Literature and Mathematics, or equivalent qualifications.","English Language, Mathematics",C or 4,None,None,None,None,Second Lower,None,None,None,None,None,None,None,None,None,None,None,None,None,None,None,None,None,None,None,None,None,None,None,None,None,None,None,None,Accepted,Accepted,None,None,None,https://www.worcester.ac.uk/courses/pgce-secondary-mathematics,worcester.xlsx
University of Worcester,Worcester,https://www.worc.ac.uk,midwifery-msc-shortened,Master's,None,None,"UCAS Relevant Qualification: ""Professional registration with Nursing and Midwifery Council as a Registered Nurse (Adult) with 12 months experience in an appropriate healthcare setting. A First degree at 2.2 or above or level 6 or 7 credit awards within the last 5 years and significant clinical experience.""",None,None,None,None,None,None,None,None,None,None,None,None,None,None,None,None,Level 2 English and mathematics at grade C/4 (or recognised equivalent),"English, Mathematics",C or 4,None,None,None,None,Second Lower,None,None,None,None,None,None,None,None,None,None,None,None,None,None,None,NMC,None,None,None,None,None,None,7.0,6.5,None,None,None,None,None,None,None,None,Additional Requirements: None,https://www.worcester.ac.uk/courses/midwifery-msc-shortened-programme,worcester.xlsx
University of Worcester,Worcester,https://www.worc.ac.uk,pgce-secondary-geography,Postgraduate,None,None,"Honours degree, normally 2:2 or higher from a United Kingdom higher education institution or equivalent qualification, in a relevant subject area.",None,None,None,None,None,None,None,None,None,None,None,None,None,None,None,None,"GCSE grade C/4 in English Language or English Literature and Mathematics, or equivalent qualifications.","English Language, English Literature, Mathematics",C or 4,None,None,None,None,None,None,None,None,None,None,None,None,None,None,None,None,None,None,None,None,None,None,None,None,None,None,Required,None,None,None,None,None,None,Accepted,Accepted,None,None,"Trainees who begin courses before providing evidence of the required GCSE standard (or equivalent) will not be eligible for financial incentives, such as bursaries or grants until they achieve the required standard.",https://www.worcester.ac.uk/courses/pgce-secondary-geography,worcester.xlsx
University of Worcester,Worcester,https://www.worc.ac.uk/courses/early-years-initial-teacher-training-with-early-years-teacher-status,early-years-initial-teacher-training-with-early-years-teacher-status,Bachelor's,None,None,"Undergraduate degree (2:2 or above), GCSEs (or equivalent) at grade C/4 or above in English, Maths and a Science",None,None,None,None,None,None,None,None,None,None,None,None,None,None,None,None,"C/4 or above in English, Maths and a Science","English, Maths, Science",C or 4,None,None,None,None,None,None,None,None,None,None,None,None,None,None,None,None,None,None,None,None,None,None,None,None,None,None,None,None,None,None,None,None,None,Accepted,None,None,None,"Graduate Employment-Based route: Employer's ongoing support required, £7000 incentive payment for employer; Graduate Entry route: Bursary of up to £5,000 available.",https://www.worcester.ac.uk/courses/early-years-initial-teacher-training-pgcert-202527,worcester.xlsx
University of Worcester,Worcester,https://www.worc.ac.uk/courses/forensic-psychology-bsc-hons,forensic-psychology-bsc-hons,Bachelor's,112 UCAS Tariff points,//www.ucas.com,"A combination of acceptable Level 3 qualifications such as A-levels, T Levels, or BTEC Diplomas.",BBC,None,None,None,None,None,None,None,None,None,None,None,None,None,None,None,GCSE English and Maths at grade C/4 or above,"English, Maths",C/4,None,None,None,None,None,None,None,None,None,None,None,None,None,None,None,None,None,None,None,None,None,None,None,None,None,None,None,None,None,None,None,None,None,None,None,None,None,None,https://www.worcester.ac.uk/courses/forensic-psychology-bsc-hons,worcester.xlsx
University of Worcester,Worcester,https://www.worc.ac.uk/courses/business-management-ba-hons-top-up,business-management-ba-hons-top-up,Bachelor's,None,None,HND or Foundation degree in Business,None,None,None,None,None,None,None,None,None,None,None,None,None,None,None,None,None,None,None,None,None,None,None,None,None,None,None,None,None,None,None,None,None,None,None,Accepted,None,None,None,None,None,None,None,None,None,None,6.0,None,None,None,None,None,None,None,None,None,None,https://www.worcester.ac.uk/courses/business-management-ba-hons-top-up,worcester.xlsx
University of Worcester,Worcester,https://www.worc.ac.uk/courses/nursing-mental-health-bsc-hons,nursing-mental-health,Bachelor's,112,//www.ucas.com,"A-levels, BTEC National Extended Diploma, T-levels, Access to HE Diplomas",BBC,None,None,None,None,None,DMM,Pass (96 UCAS points),None,None,None,None,None,None,None,None,None,None,None,None,None,None,None,None,None,None,None,None,None,None,None,None,None,None,None,None,None,None,None,None,None,None,None,None,None,None,None,None,None,None,None,None,None,None,None,None,"Mature students welcome, International students, Work out your estimated points with the UCAS tariff calculator.",https://www.worcester.ac.uk/courses/mental-health-nursing-bsc-hons,worcester.xlsx
University of Worcester,Worcester,https://www.worc.ac.uk,medical-education,PhD,None,None,First or Upper Second Class Honours Degree or an approved equivalent award or Research or professional experience which has resulted in appropriate evidence of achievement,None,None,None,None,None,None,None,None,None,None,None,None,None,None,None,None,None,None,None,None,None,None,None,First or Upper Second Class Honours Degree or equivalent award in an appropriate discipline,"Research or professional experience at postgraduate level which has resulted in published work, written reports or other appropriate evidence of achievement",None,None,None,None,None,None,None,None,None,None,None,None,None,None,None,Postgraduate Masters Degree in a discipline which is appropriate to the proposed programme of study,Required,None,None,None,None,6.5,6.0,None,None,None,None,None,None,None,None,None,https://www.worcester.ac.uk/courses/medical-education-mphilphd,worcester.xlsx
University of Worcester,Worcester,https://www.worc.ac.uk/courses/biological-sciences-biochemistry-bsc-hons,biological-sciences-biochemistry,Bachelor's,96-104 UCAS tariff points,//www.worc.ac.uk,"A2 Biology and A2 another science, maths or statistics",Required,Biology,None,None,None,None,None,None,None,None,None,None,None,None,None,None,None,None,None,None,None,None,None,None,None,None,None,None,None,None,None,None,None,None,None,None,None,None,None,None,None,None,None,None,None,None,6.0,5.5,None,None,None,None,None,None,None,None,"Language Requirements: ""Applicants whose first language is not English are required to provide a language test certificate as evidence of their proficiency and must ensure that it is, or is comparable to, Academic IELTs of 6.0 with a score of at least 5.5 in each component.""",https://www.worcester.ac.uk/courses/biological-biochemistry-bsc-hons,worcester.xlsx
University of Worcester,Worcester,https://www.worc.ac.uk,professional-practice-llm-top-up,Master's,None,None,"UCAS Relevant Qualification: ""Legal Practice Course (LPC), Bar Professional Training Course (BPTC), or an equivalent postgraduate diploma legal practice qualification.""",None,None,None,None,None,None,None,None,None,None,None,None,None,None,None,None,None,None,None,None,None,None,None,None,None,None,None,None,None,None,None,None,None,None,None,None,None,None,None,None,None,None,None,None,None,None,6.5,6.0,None,None,None,None,None,None,None,None,Additional Requirements: None,https://www.worcester.ac.uk/courses/professional-practice-llm-top-up,worcester.xlsx
University of Worcester,Worcester,https://www.worc.ac.uk/courses/animation-and-graphic-design-ba-hons,animation-and-graphic-design,Bachelor's,104 UCAS Tariff points,//www.ucas.com,"A combination of acceptable Level 3 qualifications such as A-levels, T Levels, or BTEC Diplomas.",None,None,None,None,None,None,None,None,None,None,None,None,None,None,None,None,None,None,None,None,None,None,None,None,None,None,None,None,None,None,None,None,None,None,None,None,None,None,None,None,None,None,None,None,None,None,None,None,None,None,None,None,None,None,None,None,None,https://www.worcester.ac.uk/courses/animation-and-graphic-design-ba-hons,worcester.xlsx
University of Worcester,Worcester,https://www.worc.ac.uk,social-work-and-social-policy,PhD,None,None,First or Upper Second Class Honours Degree or an approved equivalent award or Research or professional experience which has resulted in appropriate evidence of achievement.,None,None,None,None,None,None,None,None,None,None,None,None,None,None,None,None,None,None,None,None,None,None,None,First or Upper Second Class Honours Degree or equivalent award in an appropriate discipline,"Research or professional experience at postgraduate level which has resulted in published work, written reports or other appropriate evidence of achievement.",None,None,None,None,None,None,None,None,None,None,None,None,None,None,None,Postgraduate Masters Degree in a discipline which is appropriate to the proposed programme of study,Required,None,None,None,None,6.5,6.0,None,None,None,None,None,None,None,None,Enhanced DBS check may be required for research involving vulnerable adults and/or children.,https://www.worcester.ac.uk/courses/social-work-social-policy-mphilphd,worcester.xlsx
University of Worcester,Worcester,https://www.worc.ac.uk/courses/accounting-and-finance-ba-hons,accounting-and-finance,Bachelor's,112,//www.ucas.com,"A-levels, BTEC National Extended Diploma, T-levels, Access to HE Diplomas",BBC,None,None,None,None,None,DMM,Pass (96 UCAS points),None,None,None,None,None,None,None,None,None,None,None,None,None,None,None,None,None,None,None,None,None,None,None,None,None,None,None,None,None,None,None,None,None,None,None,None,None,None,None,None,None,None,None,None,None,None,None,None,"Mature students welcome, International students accepted.",https://www.worcester.ac.uk/courses/accounting-and-finance-ba-hons,worcester.xlsx
University of Worcester,Worcester,https://www.worc.ac.uk/courses/physiotherapy-bsc-hons-with-foundation-year,physiotherapy-bsc-hons-with-foundation-year,Foundation,32,None,1 A-level (grade C or above) or an equivalent qualification,C,None,None,None,None,None,None,None,None,None,None,None,None,None,None,None,GCSE English and Mathematics at grade C/4 or above,"English, Mathematics",C or 4,None,None,None,None,None,None,None,None,None,None,None,None,None,None,None,None,None,None,None,None,None,None,None,None,None,None,None,None,None,None,None,None,None,None,None,None,None,Clear commitment to pursuing a career in Physiotherapy; To be at least 18 years old; Mature students without the usual formal qualifications are welcome.,https://www.worcester.ac.uk/courses/physiotherapy-bsc-hons-with-foundation-year,worcester.xlsx
University of Worcester,Worcester,https://www.worc.ac.uk,law-with-forensic-psychology,Undergraduate,120,https://www.ucas.com,UCAS Relevant Qualification: A minimum of 2 A Levels (or equivalent Level 3 qualifications).,BBB,None,None,None,None,None,None,None,None,None,None,None,None,None,None,None,4 GCSEs (Grade C/4 or above),None,None,None,None,None,None,None,None,Accepted,None,None,None,None,None,None,None,None,None,None,None,None,None,None,None,None,None,None,None,None,6.5,None,None,None,None,None,None,None,None,None,Additional Requirements: None,https://www.worcester.ac.uk/courses/law-with-forensic-psychology-llb-hons-2022-entry,worcester.xlsx
University of Worcester,Worcester,https://www.worc.ac.uk,primary-education-ba-hons-with-qts,Bachelor's,112,//www.ucas.com,"A-levels, BTEC National Extended Diploma, T-levels, Access to HE Diplomas",BBC,None,None,None,None,None,DMM,Pass (96 UCAS points),None,None,None,None,None,None,None,None,None,None,None,None,None,None,None,None,None,None,None,None,None,None,None,None,None,None,None,None,None,None,None,None,None,None,None,None,None,None,None,None,None,None,None,None,None,None,None,None,"UCAS Code: X121 or X122, Typical Offer Qualification: A-level BBC, BTEC National Extended Diploma DMM, T-level Merit, Work out your estimated points with the UCAS tariff calculator.",https://www.worcester.ac.uk/courses/primary-education-with-qts-ba-hons,worcester.xlsx
University of Worcester,Worcester,https://www.worc.ac.uk/courses/animation-and-filmmaking-ba-hons,animation-and-filmmaking-ba-hons,Bachelor's,104 UCAS Tariff points,//www.ucas.com,A minimum of 2 A Levels (or equivalent Level 3 qualifications). T Levels may be used to meet the entry tariff requirements for this course.,Required,None,None,None,None,None,None,None,None,None,None,None,None,None,None,None,4 GCSEs (Grade C/4 or above),None,C or 4,None,None,None,None,None,None,None,None,None,None,None,None,None,None,None,None,None,None,None,None,None,None,None,None,None,None,None,None,None,None,None,None,None,None,None,None,None,None,https://www.worcester.ac.uk/courses/animation-and-filmmaking-ba-hons,worcester.xlsx
University of Worcester,Worcester,https://www.worc.ac.uk/courses/education-studies-and-english-language,education-studies-and-english-language,Bachelor's,104 UCAS Tariff points,//www.ucas.com,"A combination of acceptable Level 3 qualifications such as A-levels, T Levels, or BTEC Diplomas.",None,None,None,None,None,None,None,None,None,None,None,None,None,None,None,None,None,None,None,None,None,None,None,None,None,None,None,None,None,None,None,None,None,None,None,None,None,None,None,None,None,None,None,None,None,None,None,None,None,None,None,None,None,None,None,None,None,https://www.worcester.ac.uk/courses/education-studies-and-english-language-ba-hons,worcester.xlsx
University of Worcester,Worcester,https://www.worc.ac.uk/courses/game-art-ba-hons,game-art,Bachelor's,104 UCAS Tariff points,//www.ucas.com,A minimum of 2 A Levels (or equivalent Level 3 qualifications) and 4 GCSEs (Grade C/4 or above).,BCC,None,None,None,None,None,None,None,None,None,None,None,None,None,None,Required,4 GCSEs (Grade C/4 or above),"Mathematics, English",C or 4,None,None,None,None,None,None,None,None,None,None,None,None,None,None,None,None,None,None,None,None,None,None,None,None,None,None,None,None,None,None,None,None,None,None,None,None,None,Evidence of prior study in an art and design discipline – or equivalent experience in the case of mature applicants – will be required on application. T Levels may be used to meet the entry tariff requirements for this course.,https://www.worcester.ac.uk/courses/game-art-ba-hons,worcester.xlsx
University of Worcester,Worcester,https://www.worc.ac.uk/courses/biological-sciences-zoology-bsc-hons,biological-sciences-zoology-bsc-hons,Bachelor's,96 UCAS Tariff points,//www.worc.ac.uk/courses/biological-sciences-zoology-bsc-hons,"A2 Biology and A2 another science, maths or statistics",Required,Biology,None,None,None,None,None,None,None,None,None,None,None,None,None,None,None,None,None,None,None,None,None,None,None,None,None,None,None,None,None,None,None,None,None,None,None,None,None,None,None,None,None,None,None,None,6.0,5.5,None,None,None,None,None,None,None,None,None,https://www.worcester.ac.uk/courses/biology-zoology-bsc-hons,worcester.xlsx
University of Worcester,Worcester,https://www.worc.ac.uk/courses/graphic-design-ba-hons,graphic-design,Bachelor's,104 UCAS tariff points,//www.ucas.com,"A combination of acceptable Level 3 qualifications such as A-levels, T Levels, or BTEC Diplomas.",BCC,None,None,None,None,None,None,None,None,None,None,None,None,None,None,None,None,None,None,None,None,None,None,None,None,None,None,None,None,None,None,None,None,None,None,None,None,None,None,None,None,None,None,None,None,None,None,None,None,None,None,None,None,None,None,None,None,https://www.worcester.ac.uk/courses/graphic-design-ba-hons.html,worcester.xlsx
University of Worcester,Worcester,https://www.worc.ac.uk,pgce-secondary-modern-languages,Postgraduate,None,None,"UCAS Relevant Qualification: ""Honours degree, normally 2:2 or higher from a United Kingdom higher education institution or equivalent qualification, in a relevant subject area.""",None,None,None,None,None,None,None,None,None,None,None,None,None,None,None,None,"C/4 in English Language or English Literature, Mathematics and Science, or equivalent qualifications.","English Language, English Literature, Mathematics, Science",C/4,None,None,None,None,None,None,None,None,CACHE Technical Level 3 Requirement: None,None,None,None,None,None,None,None,None,None,None,None,None,None,None,None,None,None,None,None,None,None,None,None,None,None,None,None,None,Additional Requirements: None,https://www.worcester.ac.uk/courses/pgce-secondary-modern-languages,worcester.xlsx
University of Worcester,Worcester,https://www.worc.ac.uk/courses/medicine-graduate-entry-mbchb,medicine-graduate-entry-mbchb,Bachelor's,None,None,"UCAS Relevant Qualification: ""1st or 2:1 undergraduate honours degree in any subject (or 2:2 plus Masters or Doctoral degree)""",None,None,None,None,None,None,None,None,None,None,None,None,None,None,None,None,C/4 or above in Maths and English,Two science subjects,C/4,None,None,None,None,None,None,None,None,CACHE Technical Level 3 Requirement: None,None,None,None,None,None,None,None,None,None,None,None,None,None,None,None,None,None,None,None,None,None,None,None,None,None,None,None,None,"Additional Requirements:
Graduate Entry: ""1st or 2:1 undergraduate honours degree in any subject (or 2:2 plus Masters or Doctoral degree)""
GCSEs: ""Passed GCSEs (or equivalent) at grade C/4 or above in Maths and English""
Science Subjects: ""Passed GCSEs (or equivalent) at grade C/4 or above in two science subjects (maths is not included as a science subject)""",https://www.worcester.ac.uk/courses/medicine-mbchb,worcester.xlsx
University of Worcester,Worcester,https://www.worc.ac.uk,computing,PhD,None,None,First or Upper Second Class Honours Degree or an approved equivalent award or Research or professional experience which has resulted in appropriate evidence of achievement,None,None,None,None,None,None,None,None,None,None,None,None,None,None,None,None,None,None,None,None,None,None,None,First or Upper Second Class Honours Degree or equivalent award in an appropriate discipline,Accepted,None,None,None,None,None,None,None,None,None,None,None,None,None,None,None,Postgraduate Masters Degree in a discipline which is appropriate to the proposed programme of study,Required,None,None,None,None,6.5,6.0,Accepted with a grade of C,Accepted with a grade of A,None,None,Accepted,Accepted,None,None,None,https://www.worcester.ac.uk/courses/computing-mphilphd,worcester.xlsx
University of Worcester,Worcester,https://www.worc.ac.uk/courses/business-and-finance-ba-hons,business-and-finance-ba-hons,Bachelor's,112 UCAS tariff points,//www.ucas.com,"A Levels, T Levels",BBC,None,None,None,None,None,None,None,None,None,None,None,None,None,None,None,None,None,None,None,None,None,None,None,None,None,None,None,None,None,None,None,None,None,None,None,None,None,None,None,None,None,None,None,None,None,None,None,None,None,None,None,None,None,None,None,Mature Student Entry Routes may be considered for applicants with no formal qualifications.,https://www.worcester.ac.uk/courses/business-finance-ba-hons,worcester.xlsx
University of Worcester,Worcester,https://www.worc.ac.uk,drama-and-performance,PhD,None,None,First or Upper Second Class Honours Degree or an approved equivalent award or Research or professional experience which has resulted in appropriate evidence of achievement,None,None,None,None,None,None,None,None,None,None,None,None,None,None,None,None,None,None,None,None,None,None,None,First or Upper Second Class Honours Degree or equivalent award in an appropriate discipline,"Research or professional experience at postgraduate level which has resulted in published work, written reports or other appropriate evidence of achievement",None,None,None,None,None,None,None,None,None,None,None,None,None,None,None,Postgraduate Masters Degree in a discipline which is appropriate to the proposed programme of study,Required,None,None,None,None,6.5,6.0,None,None,None,None,Accepted,None,None,None,None,https://www.worcester.ac.uk/courses/drama-and-performance-mphilphd,worcester.xlsx
University of Worcester,Worcester,https://www.worc.ac.uk/courses/media-and-culture-mres,media-and-culture-mres,MRes,None,None,"A First or Upper Second-Class Honours (2:1) Degree, or equivalent award, in Media and Culture or a related subject",None,None,None,None,None,None,None,None,None,None,None,None,None,None,None,None,None,None,None,None,None,None,None,First or Upper Second-Class (2:1) Degree,Accepted,None,None,None,None,None,None,None,None,None,None,None,None,None,None,None,None,Required,None,None,None,None,6.5,6,None,None,None,None,None,None,None,None,International applicants will be required to demonstrate comparable prior subject experience and to have an appropriate level of written and spoken English.,https://www.worcester.ac.uk/courses/media-and-culture-mres,worcester.xlsx
University of Worcester,Worcester,https://www.worc.ac.uk,midwifery,PhD,None,None,First or Upper Second Class Honours Degree or an approved equivalent award or Research or professional experience which has resulted in appropriate evidence of achievement,None,None,None,None,None,None,None,None,None,None,None,None,None,None,None,None,None,None,None,None,None,None,None,First or Upper Second Class Honours Degree or equivalent award in an appropriate discipline,Accepted,None,None,None,None,None,None,None,None,None,None,None,None,None,None,None,Postgraduate Masters Degree in a discipline which is appropriate to the proposed programme of study,Required,None,None,None,None,6.5,6.0,Accepted with a grade of C,Accepted with a grade of A,None,None,Accepted,Accepted,None,None,None,https://www.worcester.ac.uk/courses/midwifery-mphilphd,worcester.xlsx
University of Worcester,Worcester,https://www.worc.ac.uk/courses/counselling-psychology-bsc-hons,counselling-psychology-bsc-hons,Bachelor's,112 UCAS Tariff points,//www.ucas.com,"A combination of acceptable Level 3 qualifications such as A-levels, T Levels, or BTEC Diplomas.",BBC,None,None,None,None,None,None,None,None,None,None,None,None,None,None,None,GCSE English and Maths at grade C/4 or above,"English, Maths",C/4,None,None,None,None,None,None,None,None,None,None,None,None,None,None,None,None,None,None,None,None,None,None,None,None,None,None,None,None,None,None,None,None,None,None,None,None,None,A Criminal Record Bureau disclosure may be required for some modules.,https://www.worcester.ac.uk/courses/counselling-psychology-bsc-hons,worcester.xlsx
University of Worcester,Worcester,https://www.worc.ac.uk/courses/return-to-nursing-practice,return-to-nursing-practice,Bachelor's,None,None,UCAS Relevant Qualification: None,None,None,None,None,None,None,None,None,None,None,None,None,None,None,None,None,None,None,None,None,None,None,None,None,None,None,None,CACHE Technical Level 3 Requirement: None,None,None,None,None,None,None,None,None,None,None,None,None,None,None,None,None,None,None,None,None,None,None,None,None,None,None,None,None,Additional Requirements: None,https://www.worcester.ac.uk/courses/return-to-nursing-practice,worcester.xlsx
University of Worcester,Worcester,https://www.worc.ac.uk/courses/english-literature-and-history-ba-hons,english-literature-and-history-ba-hons,Bachelor's,104 UCAS Tariff points,None,"A combination of acceptable Level 3 qualifications such as A-levels, T Levels, or BTEC Diplomas.",None,None,None,None,None,None,None,None,None,None,None,None,None,None,None,None,None,None,None,None,None,None,None,None,None,None,None,None,None,None,None,None,None,None,None,None,None,None,None,None,None,None,None,None,None,None,None,None,None,None,None,None,None,None,None,None,None,https://www.worcester.ac.uk/courses/english-literature-and-history-ba-hons,worcester.xlsx
University of Worcester,Worcester,https://www.worc.ac.uk/courses/physical-education-bsc-hons,physical-education,Bachelor's,112 UCAS Tariff points,//www.ucas.com,"A combination of acceptable Level 3 qualifications such as A-levels, T Levels, or BTEC Diplomas.",BBC,None,None,None,None,None,None,None,None,None,None,None,None,None,None,None,None,None,None,None,None,None,None,None,None,None,None,None,None,None,None,None,None,None,None,None,None,None,None,None,None,None,None,None,None,None,None,None,None,None,None,None,None,None,None,None,A Disclosure & Barring Service (DBS) check is required for this course.,https://www.worcester.ac.uk/courses/physical-education-bsc-hons,worcester.xlsx
University of Worcester,Worcester,https://www.worc.ac.uk,law,PhD,None,None,First or Upper Second Class Honours Degree or an approved equivalent award or Research or professional experience which has resulted in appropriate evidence of achievement,None,None,None,None,None,None,None,None,None,None,None,None,None,None,None,None,None,None,None,None,None,None,None,First or Upper Second Class Honours Degree or equivalent award in an appropriate discipline,"Research or professional experience at postgraduate level which has resulted in published work, written reports or other appropriate evidence of achievement",None,None,None,None,None,None,None,None,None,None,None,None,None,None,None,Postgraduate Masters Degree in a discipline which is appropriate to the proposed programme of study,Required,None,None,None,None,6.5,6.0,Accepted with a grade of C,Accepted with a grade of A,None,None,Accepted,Accepted,None,None,None,https://www.worcester.ac.uk/courses/law-mphilphd,worcester.xlsx
University of Worcester,Worcester,https://www.worc.ac.uk/courses/sport-and-exercise-medicine-msc,sport-and-exercise-medicine,Master's,None,None,"UCAS Relevant Qualification: ""A good first degree in a subject such as Sport and Exercise Science, Physiotherapy, Sports Therapy, Paramedic Science, or other allied health sciences. OR A pass on a Bachelor of Medicine and Bachelor of Surgery degree (BMBS, MBBS, or equivalent). Applicants with a 2:2 in relevant degrees and experience may also be considered but on a case-by-case basis.""",None,None,None,None,None,None,None,None,None,None,None,None,None,None,None,None,None,None,None,None,None,None,None,None,None,None,None,None,None,None,None,None,None,None,None,None,None,None,None,None,None,None,None,None,None,None,None,None,None,None,None,None,None,None,None,None,Additional Requirements: None,https://www.worcester.ac.uk/courses/sport-and-exercise-medicine-msc-202527,worcester.xlsx
University of Worcester,Worcester,https://www.worc.ac.uk/courses/media-and-film-studies-and-sociology-ba-hons,media-and-film-studies-and-sociology-ba-hons,Bachelor's,104,https://www.ucas.com,"UCAS Relevant Qualification: ""A combination of acceptable Level 3 qualifications such as A-levels, T Levels, or BTEC Diplomas.""",BCC,None,None,None,None,None,None,None,None,None,None,None,None,None,None,None,None,None,None,None,None,None,None,None,None,None,None,None,None,None,None,None,None,None,None,None,None,None,None,None,None,None,None,None,None,None,None,None,None,None,None,None,None,None,None,None,Additional Requirements: None,https://www.worcester.ac.uk/courses/media-film-studies-and-sociology,worcester.xlsx
University of Worcester,Worcester,https://www.worc.ac.uk/courses/fine-art-and-illustration-ba-hons,fine-art-and-illustration-ba-hons,Bachelor's,104 UCAS Tariff points,//www.ucas.com,"A combination of acceptable Level 3 qualifications such as A-levels, T Levels, or BTEC Diplomas.",None,None,None,None,None,None,None,None,None,None,None,None,None,None,None,None,None,None,None,None,None,None,None,None,None,None,None,None,None,None,None,None,None,None,None,None,None,None,None,None,None,None,None,None,None,None,None,None,None,None,None,None,None,None,None,None,None,https://www.worcester.ac.uk/courses/fine-art-and-illustration-ba-hons,worcester.xlsx
University of Worcester,Worcester,https://www.worc.ac.uk/courses/psychology-and-sociology,psychology-and-sociology,Bachelor's,112 UCAS Tariff points,//www.ucas.com,"A combination of acceptable Level 3 qualifications such as A-levels, T Levels, or BTEC Diplomas.",None,None,None,None,None,None,None,None,None,None,None,None,None,None,None,None,None,None,None,None,None,None,None,None,None,None,None,None,None,None,None,None,None,None,None,None,None,None,None,None,None,None,None,None,None,None,None,None,None,None,None,None,None,None,None,None,None,https://www.worcester.ac.uk/courses/psychology-and-sociology-babsc-hons,worcester.xlsx
University of Worcester,Worcester,https://www.worc.ac.uk/courses/marketing-advertising-and-public-relations-ba-hons,marketing-advertising-and-public-relations-ba-hons,Bachelor's,112 UCAS tariff points,//www.ucas.com,"A combination of acceptable Level 3 qualifications such as A-levels, T Levels, or BTEC Diplomas.",BBC,None,None,None,None,None,None,None,None,None,None,None,None,None,None,None,None,None,None,None,None,None,None,None,None,None,None,None,None,None,None,None,None,None,None,None,None,None,None,None,None,None,None,None,None,None,6.0,None,None,None,None,None,None,None,None,None,Students whose first language is not English will be expected to have reached a sufficient standard on admission to the programme (e.g. IELTS of 6.0 of higher or Pearson 59 or 51 or higher in each component). Please note that IELTS exams must be no more than two years old at the start of the course.,https://www.worcester.ac.uk/courses/marketing-advertising-and-public-relations-ba-hons,worcester.xlsx
University of Worcester,Worcester,https://www.worc.ac.uk/courses/nursing-child-bsc-hons,nursing-child,Bachelor's,112,//www.ucas.com,"A-levels, BTEC National Extended Diploma, T-levels, Access to HE Diplomas",BBC,None,None,None,None,None,DMM,Pass (112 UCAS points),None,None,None,None,None,None,None,None,None,None,None,Merit,None,None,None,None,None,None,None,None,None,None,None,None,None,None,None,None,None,None,None,None,None,None,None,None,None,None,None,None,None,None,None,None,None,None,None,None,"UCAS tariff points required: 112
Typical Offer Qualification Grade: A-level BBC
BTEC National Extended Diploma: DMM
T-level: Merit",https://www.worcester.ac.uk/courses/childrens-nursing,worcester.xlsx
University of Worcester,Worcester,https://www.worc.ac.uk,education,PhD,None,None,First or Upper Second Class Honours Degree or an approved equivalent award or Research or professional experience which has resulted in appropriate evidence of achievement,None,None,None,None,None,None,None,None,None,None,None,None,None,None,None,None,None,None,None,None,None,None,None,First or Upper Second Class Honours Degree or equivalent award in an appropriate discipline,"Research or professional experience at postgraduate level which has resulted in published work, written reports or other appropriate evidence of achievement",None,None,None,None,None,None,None,None,None,None,None,None,None,None,None,Postgraduate Masters Degree in a discipline which is appropriate to the proposed programme of study,Required,None,None,None,None,6.5,6.0,None,None,None,None,None,None,None,None,None,https://www.worcester.ac.uk/courses/education-mphilphd,worcester.xlsx
University of Worcester,Worcester,https://www.worc.ac.uk/courses/criminology-ba-hons,criminology,Bachelor's,112,//www.ucas.com,"A-levels, BTEC National Extended Diploma, T-levels, Access to HE Diplomas",BBC,None,None,None,None,None,DMM,Pass (96 UCAS points),None,None,None,None,None,None,None,None,None,None,None,None,None,None,None,None,None,None,None,None,None,None,None,None,None,None,None,None,None,None,None,None,None,None,None,None,None,None,None,None,None,None,None,None,None,None,None,None,"UCAS tariff points required: 112, Typical Offer Qualification Grade: A-level BBC, BTEC National Extended Diploma DMM, T-level Merit, We do accept Access to HE Diplomas and other qualifications which may not exactly match the combinations above.",https://www.worcester.ac.uk/courses/criminology-ba-hons-dudley,worcester.xlsx
University of Worcester,Worcester,https://www.worc.ac.uk/courses/artificial-intelligence-bsc-hons,artificial-intelligence,Bachelor's,96 UCAS Tariff points,//www.ucas.com,"A combination of acceptable Level 3 qualifications such as A-levels, T Levels, or BTEC Diplomas.",CCC,None,None,None,None,None,None,None,None,None,None,None,None,None,None,None,None,None,None,None,None,None,None,None,None,None,None,None,None,None,None,None,None,None,None,None,None,None,None,None,None,None,None,None,None,None,None,None,None,None,None,None,None,None,None,None,None,https://www.worcester.ac.uk/courses/artificial-intelligence-bsc-hons,worcester.xlsx
University of Worcester,Worcester,https://www.worc.ac.uk/courses/english-language-joint-honours,english-language-joint-honours,Bachelor's,104 UCAS tariff points,//www.ucas.com,"A minimum of 2 A Levels (or equivalent Level 3 qualifications), one of which must be in English Language or English Literature or the combined English Language/Literature course or equivalent Level 3 qualifications.",BCC,"English Language, English Literature",None,None,None,None,None,None,None,None,None,None,None,None,None,None,4 GCSEs (including English and Maths) at grade C/4 or above,"English, Maths",C/4,None,None,None,None,None,None,None,None,None,None,None,None,None,None,None,None,None,None,None,None,None,None,None,None,None,None,None,None,None,None,None,None,None,None,None,None,None,None,https://www.worcester.ac.uk/courses/english-language-joint-honours,worcester.xlsx
University of Worcester,Worcester,https://www.worc.ac.uk/courses/art-and-design-mphil-phd,art-and-design-mphil-phd,PhD,None,None,First or Upper Second Class Honours Degree or an approved equivalent award or Research or professional experience which has resulted in appropriate evidence of achievement.,None,None,None,None,None,None,None,None,None,None,None,None,None,None,None,None,None,None,None,None,None,None,None,First or Upper Second Class Honours Degree or equivalent award in an appropriate discipline,"Research or professional experience at postgraduate level which has resulted in published work, written reports or other appropriate evidence of achievement",None,None,None,None,None,None,None,None,None,None,None,None,None,None,None,Postgraduate Masters Degree in a discipline which is appropriate to the proposed programme of study,None,None,None,None,None,6.5,6.0,None,None,None,None,None,None,None,None,None,https://www.worcester.ac.uk/courses/art-and-design-mphilphd,worcester.xlsx
University of Worcester,Worcester,https://www.worc.ac.uk/courses/physician-associate-msc,physician-associate-msc,Master's,None,None,"2:1 honours degree or above in a relevant health or life science, and 150 hours of health or care experience; 2:1 honours degree or above in social work, or a physical science with completed degree level biology modules, and 150 hours of health or care experience; 2:2 honours degree or above in a relevant life sciences subject (to include a transcript with no more than 4 modules graded at less than 50%) with 300 hours of health or care experience.",2:1 or 2:2,None,None,None,None,None,None,None,None,None,None,None,None,None,None,None,C/4 or above,"Mathematics, English",C or 4,None,None,None,None,Second Upper,150 hours of health or care experience,None,None,None,None,None,None,None,None,None,None,None,None,None,None,GMC,None,None,None,None,None,None,None,None,None,None,None,None,None,None,None,None,Alternative qualifications for international students.,https://www.worcester.ac.uk/courses/physician-associate-msc,worcester.xlsx
None,Worcester,None,physiotherapy-bsc-hons-with-foundation-year,Foundation,None,None,None,None,None,None,None,None,None,None,None,None,None,None,None,None,None,None,None,None,None,None,None,None,None,None,None,None,None,None,None,None,None,None,None,None,None,None,None,None,None,None,None,None,None,None,None,None,None,None,None,None,None,None,None,None,None,None,None,None,https://www.worcester.ac.uk/courses/healthcare-foundation-year,worcester.xlsx
University of Worcester,Worcester,https://www.worc.ac.uk/courses/child-and-adolescent-mental-health-bsc-hons-top-up,child-and-adolescent-mental-health-bsc-hons-top-up,Bachelor's,None,None,"A Foundation degree, DipHE, HND or equivalent qualification in health, care or welfare or related subject.",None,None,None,None,None,None,None,None,None,None,None,None,None,None,None,None,None,None,None,None,None,None,None,None,None,None,None,None,None,None,None,None,None,None,None,None,None,None,None,None,None,None,None,None,None,None,None,None,None,None,None,None,None,None,None,None,None,https://www.worcester.ac.uk/courses/child-and-adolescent-mental-health-bsc-hons-top-up,worcester.xlsx
University of Worcester,Worcester,https://www.worc.ac.uk/courses/midwifery-bsc-hons,midwifery-bsc-hons,Bachelor's,120 UCAS Tariff points,//www.ucas.com,"A-levels (BBB) or the UCAS tariff equivalent. Must include a minimum of one relevant subject e.g. Biology, Chemistry, Psychology, PE, Sociology, or Health and Social Care; BTEC Nationals Extended Diploma (DDM) Health & Social Care preferred; Access to Higher Education Diploma: 45 level 3 credits – 24 at distinction and the remainder at Merit; T-level (Merit) in a relevant subject e.g. Health, Healthcare Science and Science; Other additional qualifications may be considered.",BBB,"Biology,Chemistry,Psychology,PE,Sociology,Health and Social Care",None,None,None,None,DDM,None,None,None,3 Passes,None,None,None,None,None,5 GCSEs (including English and Maths) at grade C/4 or above,"English,Maths",C or 4,Merit,None,"Health,Healthcare Science,Science",None,None,None,None,None,None,None,None,None,None,None,None,None,None,None,None,None,None,None,None,None,None,None,None,None,None,None,None,None,None,None,None,None,None,None,https://www.worcester.ac.uk/courses/midwifery-bsc-hons,worcester.xlsx
University of Worcester,Worcester,https://www.worc.ac.uk,medical-sciences,PhD,None,None,First or Upper Second Class Honours Degree or an approved equivalent award or Research or professional experience which has resulted in appropriate evidence of achievement,None,None,None,None,None,None,None,None,None,None,None,None,None,None,None,None,None,None,None,None,None,None,None,First or Upper Second Class Honours Degree or equivalent award in an appropriate discipline,"Research or professional experience at postgraduate level which has resulted in published work, written reports or other appropriate evidence of achievement",None,None,None,None,None,None,None,None,None,None,None,None,None,None,None,Postgraduate Masters Degree in a discipline which is appropriate to the proposed programme of study,Required,None,None,None,None,6.5,6.0,None,None,None,None,None,None,None,None,None,https://www.worcester.ac.uk/courses/medical-sciences-mphilphd,worcester.xlsx
University of Worcester,Worcester,https://www.worc.ac.uk,international-finance-ba-hons-top-up,Bachelor's,None,//www.ucas.com,HND or Foundation degree in either International Finance or Finance plus experience of studying or working in an international environment.,None,None,None,None,None,None,None,None,None,None,None,None,None,None,None,None,None,None,None,None,None,None,None,None,None,None,None,None,None,None,None,None,None,None,None,None,None,None,None,None,None,None,None,None,None,None,6.0,5.5,None,None,None,None,None,None,None,None,Other English Language qualifications will be considered.,https://www.worcester.ac.uk/courses/international-finance-ba-hons-top-up,worcester.xlsx
University of Worcester,Worcester,https://www.worc.ac.uk/courses/business-and-marketing-ba-hons,business-and-marketing,Bachelor's,112,//www.ucas.com,"A-levels, BTEC National Extended Diploma, T-levels, Access to HE Diplomas",BBC,None,None,None,None,None,DMM,Pass (96 UCAS points),None,None,None,None,None,None,None,None,None,None,None,None,None,None,None,None,None,None,None,None,None,None,None,None,None,None,None,None,None,None,None,None,None,None,None,None,None,None,None,None,None,None,None,None,None,None,None,None,None,https://www.worcester.ac.uk/courses/business-marketing-ba-hons,worcester.xlsx
Millennium Performing Arts,Central London,https://www.mpa.ac.uk/courses/musical-theatre-ba-hons,musical-theatre,Bachelor's,80,None,"A-levels, BTEC National Extended Diploma, T-level",BBB,None,None,None,None,None,MM,Pass (96 UCAS points),None,None,None,None,None,None,None,None,None,None,None,None,None,None,None,None,None,None,None,None,None,None,None,None,None,None,None,None,None,None,None,None,None,None,None,None,Required,None,None,None,None,None,None,None,None,None,None,None,UCAS Code: W402,https://www.worcester.ac.uk/courses/musical-theatre-ba-with-millennium-performing-arts-hons,worcester.xlsx
University of Worcester,Worcester,https://www.worc.ac.uk/courses/pgce-primary-with-pe,pgce-primary-with-pe,Master's,None,None,"UCAS Relevant Qualification: ""Honours degree normally (2:2) or higher from a United Kingdom higher education institution or equivalent qualification in Physical Education or a closely related area.""",None,None,None,None,None,None,None,None,None,None,None,None,None,None,None,None,"C/4 in English Language or English Literature, Mathematics and Science","English Language, Mathematics, Science",C or 4,None,None,None,None,Second Lower,None,None,None,None,None,None,None,None,None,None,None,None,None,None,None,None,None,None,None,None,None,None,None,None,None,None,None,None,None,None,None,None,Additional Requirements: None,https://www.worcester.ac.uk/courses/pgce-primary-with-physical-education-specialism,worcester.xlsx
University of Worcester,Worcester,https://www.worc.ac.uk,media-and-cultural-studies-phd,PhD,None,None,First or Upper Second Class Honours Degree or an approved equivalent award or Research or professional experience which has resulted in appropriate evidence of achievement,None,None,None,None,None,None,None,None,None,None,None,None,None,None,None,None,None,None,None,None,None,None,None,First or Upper Second Class Honours Degree or equivalent award in an appropriate discipline,"Research or professional experience at postgraduate level which has resulted in published work, written reports or other appropriate evidence of achievement",None,None,None,None,None,None,None,None,None,None,None,None,None,None,None,Postgraduate Masters Degree in a discipline which is appropriate to the proposed programme of study,Required,None,None,None,None,6.5,6.0,None,None,None,None,Accepted,Accepted,None,None,None,https://www.worcester.ac.uk/courses/media-and-cultural-studies-mphilphd,worcester.xlsx
University of Worcester,Worcester,https://www.worc.ac.uk/courses/illustration-ba-hons,illustration,Bachelor's,104 UCAS tariff points,//www.ucas.com,"A Levels, T Levels",BCC,None,None,None,None,None,None,None,None,None,None,None,None,None,None,Required,None,None,None,None,None,None,None,None,None,None,None,None,None,None,None,None,None,None,None,None,None,None,None,None,None,None,None,None,Required,Required,None,None,None,None,None,None,None,None,None,None,"Entry requirements: 104 UCAS tariff points (for example, BCC at A Level). Shortlisted applicants may be invited to attend an interview and to provide a portfolio for consideration. T Levels may be used to meet the entry tariff requirements for this course.",https://www.worcester.ac.uk/courses/illustration-ba-hons,worcester.xlsx
University of Worcester,Worcester,https://www.worc.ac.uk/courses/physiotherapy-bsc-hons,physiotherapy-bsc-hons,Bachelor's,120,//www.ucas.com,"A-Levels (BBB), including a grade B in Biology, Human Biology or Physical Education (P.E); BTEC Extended National Diploma (Sport & Exercise Science, Health Science and Applied Science preferred) (DDD); Irish Leaving Certificate: 3A and 3B grades in 6 Higher Level papers at one sitting, including 2 science subjects (one of which should be Biology); Access to Higher Education Diploma welcomed - 60 credits in total, with a minimum of 45 credits at Level 3 with at least 24 credits at Distinction and the remainder at Merit, with at least 15 of those in Biological Science related subjects; T-Levels may be used to meet the entry tariff requirements for this course.",BBB,"Biology, Human Biology or Physical Education (P.E)",B,None,None,None,DDD,None,None,None,None,None,None,None,None,None,C/4 or above in English and Maths,"English, Maths",C or 4,None,None,None,None,None,None,None,None,None,None,None,None,None,None,None,None,None,None,None,None,None,None,None,None,None,None,None,None,None,None,None,None,None,None,None,None,None,Mature students welcome; International students; Personal statements; Other additional qualifications may be considered.,https://www.worcester.ac.uk/courses/physiotherapy-bsc-hons,worcester.xlsx
University of Worcester,Worcester,https://www.worc.ac.uk/courses/integrated-working-with-children-and-families-ba-hons-top-up-degree,integrated-working-with-children-and-families,Bachelor's,None,None,"Foundation Degree, HND, Dip HE or equivalent in Early Childhood Studies, Learning Support, Health and Social Care, Birth and Beyond, CAMHS or a related subject.",None,None,None,None,None,None,None,None,None,None,None,None,None,None,None,None,GCSE grade C/4 in Maths and English as course entry requirements are desirable,"Mathematics, English",C or 4,None,None,None,None,None,"Experience working with children, young people and/or families.",None,None,None,None,None,None,None,None,None,None,None,None,None,None,None,None,None,None,None,None,None,None,None,None,None,None,None,None,None,None,None,Current DBS clearance. We encourage applications from candidates who can provide evidence of their ability to work at Level 6 and substantial experience working with children and families.,https://www.worcester.ac.uk/courses/integrated-working-with-children-families-ba-hons-top-up-degree,worcester.xlsx
University of Worcester,Worcester,https://www.worc.ac.uk/courses/sport-and-exercise-psychology-bsc-hons,sport-and-exercise-psychology-bsc-hons,Bachelor's,112 UCAS Tariff points,//www.ucas.com,"A Levels, BTEC Diplomas, Access to HE Diplomas, International Baccalaureate",BBC,None,None,None,None,None,None,None,None,None,None,None,None,None,None,None,GCSE English and Maths at grade C/4 or above,"English, Maths",C/4,None,None,None,None,None,None,None,None,None,None,None,None,None,None,None,None,None,None,None,None,None,None,None,None,None,None,None,None,None,None,None,None,None,None,None,None,None,A Criminal Records Bureau disclosure is required for some modules.,https://www.worcester.ac.uk/courses/sport-and-exercise-psychology-bsc-hons,worcester.xlsx
University of Worcester,Worcester,https://www.worc.ac.uk,ecology,PhD,None,None,First or Upper Second Class Honours Degree or an approved equivalent award or Research or professional experience which has resulted in appropriate evidence of achievement,None,None,None,None,None,None,None,None,None,None,None,None,None,None,None,None,None,None,None,None,None,None,None,First or Upper Second Class Honours Degree or equivalent award in an appropriate discipline,Accepted,None,None,None,None,None,None,None,None,None,None,None,None,None,None,None,Postgraduate Masters Degree in a discipline which is appropriate to the proposed programme of study,Required,None,None,None,None,6.5,6.0,None,None,None,None,None,None,None,None,None,https://www.worcester.ac.uk/courses/ecology-mphilphd,worcester.xlsx
University of Worcester,Worcester,https://www.worc.ac.uk/courses/cyber-security-msc,cyber-security,Master's,None,None,"UCAS Relevant Qualification: ""An honours degree at 2:2 level or above in a computing- or technology-related subject (or international students holding a qualification recognised as equivalent by the University).""",None,None,None,None,None,None,None,None,None,None,None,None,None,None,None,None,None,None,None,None,None,None,None,Second Lower,None,None,None,None,None,None,None,None,None,None,None,None,None,None,None,None,None,None,None,None,None,None,6.5,5.5,None,None,None,None,None,None,None,None,Additional Requirements: None,https://www.worcester.ac.uk/courses/cyber-security-msc,worcester.xlsx
Iron Mill College,Worcester,https://www.ironmill.co.uk,integrative-counselling,Foundation,None,None,Level 3 (or equivalent) qualification,None,None,None,None,None,None,None,None,None,None,None,None,None,None,None,Required,None,None,None,None,None,None,None,None,None,None,None,None,None,None,None,None,None,None,Not permitted,None,None,None,None,None,None,None,None,None,None,Required,None,None,None,None,None,None,None,None,None,None,"Preliminary counselling training: ""30 hours required""
Personal statement: ""Required""
References: ""Two required""
DBS Certificate: ""Required""",https://www.worcester.ac.uk/courses/integrative-counselling-fda,worcester.xlsx
University of Worcester,Worcester,https://www.worc.ac.uk,early-years-0-8-foundation-degree,Foundation,32,None,"UCAS Relevant Qualification: ""A minimum of 1 A Level or an equivalent Level 3 qualification, for example the CACHE Diploma or EdExcel BTEC National Diploma in Children's Care, Learning and Development""",None,None,None,None,None,None,None,None,None,None,None,None,None,None,None,None,Minimum of four GCSEs at Grade C/4 or above,English Language or English Literature,C or 4,None,None,None,None,None,None,None,None,CACHE Technical Level 3 Requirement: None,None,None,None,None,None,None,None,None,None,None,None,None,None,None,None,None,None,None,None,None,None,None,None,None,None,None,None,None,"Additional Requirements: DBS Check: ""Required""; Certificate of Good Conduct: ""Required""; Non-standard entry route: ""Welcome applications from experienced and mature practitioners who do not have the above qualifications.""",https://www.worcester.ac.uk/courses/early-years-0-8-foundation-degree,worcester.xlsx
University of Worcester,Worcester,https://www.worc.ac.uk/courses/professional-policing-ba-hons,professional-policing,Bachelor's,112 UCAS tariff points,//www.ucas.com,"A Level qualifications, Level 2 qualification in English Language and Mathematics at GCSE grade C/4 or above",BBC,"English Language, Mathematics",C or 4,None,None,None,None,None,None,None,None,None,None,None,None,None,Level 2 qualification at GCSE grade C/4 or above in both English Language and Mathematics,"English Language, Mathematics",C or 4,None,None,None,None,None,None,None,None,None,None,None,None,None,None,None,None,None,None,None,None,None,None,None,None,None,None,None,None,None,None,None,None,None,None,None,None,None,"Entry requirements are subject to individual constabulary police recruitment processes, which includes vetting checks, application sift, assessment centre, final interview, medical and fitness.",https://www.worcester.ac.uk/courses/degree-in-professional-policing,worcester.xlsx
University of Worcester,Worcester,https://www.worc.ac.uk/courses/pgce-secondary-computer-science,computer-science,Postgraduate,None,None,"Honours degree, normally 2:2 or higher from a United Kingdom higher education institution or equivalent qualification, in a relevant subject area.",None,None,None,None,None,None,None,None,None,None,None,None,None,None,None,None,"GCSE grade C/4 in English Language or English Literature and Mathematics, or equivalent qualifications.","English Language, English Literature, Mathematics",C/4,None,None,None,None,None,None,None,None,None,None,None,None,None,None,None,None,None,None,None,None,None,None,None,None,None,None,Required,None,None,None,None,None,None,None,None,None,None,None,https://www.worcester.ac.uk/courses/pgce-secondary-computer-science,worcester.xlsx
University of Worcester,Worcester,https://www.worc.ac.uk,graphic-design-advertising-and-marketing-ba-hons,Bachelor's,104 UCAS tariff points,//www.ucas.com,"A combination of acceptable Level 3 qualifications such as A-levels, T Levels, or BTEC Diplomas.",BCC,None,None,None,None,None,None,None,None,None,None,None,None,None,None,None,None,None,None,None,None,None,None,None,None,None,None,None,None,None,None,None,None,None,None,None,None,None,None,None,None,None,None,None,None,None,6.0,5.5,None,None,None,None,None,None,None,None,Further information about the UCAS Tariff can be obtained from http://www.ucas.com. International students may require pathway courses.,https://www.worcester.ac.uk/courses/graphic-design-advertising-marketing-ba-hons,worcester.xlsx
University of Worcester,Worcester,https://www.worc.ac.uk/courses/geography-bsc-hons,geography,Bachelor's,112,//www.ucas.com,"A-levels, BTEC National Extended Diploma, T-levels, Access to HE Diplomas",BBC,None,None,None,None,None,DMM,Pass (112 UCAS points),None,None,None,None,None,None,None,None,None,None,None,None,None,None,None,None,None,None,None,None,None,None,None,None,None,None,None,None,None,None,None,None,None,None,None,None,None,None,None,None,None,None,None,None,None,None,None,None,"UCAS tariff points required: 112, Typical Offer Qualification Grade: A-level BBC, BTEC National Extended Diploma DMM, T-level Merit, We do accept Access to HE Diplomas and other qualifications which may not exactly match the combinations above.",https://www.worcester.ac.uk/courses/geography-bsc-hons,worcester.xlsx
University of Worcester,Worcester,https://www.worc.ac.uk,postgraduate-certificate-in-education-non-qts,Postgraduate,None,None,First degree or equivalent qualification (2:2 or above),None,None,None,None,None,None,None,None,None,None,None,None,None,None,None,None,GCSE level 4 or equivalent,"English, Maths, Science",4,None,None,None,None,Second Lower,None,None,None,None,None,None,None,None,None,None,None,None,None,None,None,None,None,None,None,None,None,None,6.5,None,None,None,None,None,None,None,None,None,None,https://www.worcester.ac.uk/courses/postgraduate-certificate-in-education-non-qts,worcester.xlsx
University of Worcester,Worcester,https://www.worc.ac.uk/courses/teaching-in-primary-education-ba-hons-top-up,teaching-in-primary-education-ba-hons-top-up,Master's,None,None,Foundation Degree in an education or teaching related field,None,None,None,None,None,None,None,None,None,None,None,None,None,None,None,None,"Grade 4 (formerly grade C) in GCSE in English Language or Literature, Maths and Science","English Language, Mathematics, Science",4,None,None,None,None,None,Accepted,None,None,None,None,None,None,None,None,None,None,None,None,None,None,None,None,None,None,None,None,None,6.5,None,None,None,None,None,Accepted,Accepted,None,None,"Enhanced DBS check: ""Mandatory""
Check against the Prohibition List: ""Mandatory""
Certificate of Good Conduct: ""Required if applicable""
Online occupational health check: ""Mandatory""",https://www.worcester.ac.uk/courses/teaching-in-primary-education-qts,worcester.xlsx
University of Worcester,Worcester,https://www.worc.ac.uk/courses/international-business-management-ba-hons,international-business-management,Bachelor's,112 UCAS tariff points,//www.ucas.com,"A Levels, T Levels",BBC,None,None,None,None,None,None,None,None,None,None,None,None,None,None,None,None,None,None,None,None,None,None,None,None,None,None,None,None,None,None,None,None,None,None,None,None,None,None,None,None,None,None,None,None,None,None,None,None,None,None,None,None,None,None,None,None,https://www.worcester.ac.uk/courses/international-business-management-ba-hons,worcester.xlsx
University of Worcester,Worcester,https://www.worc.ac.uk/courses/special-educational-needs-disabilities-and-inclusion-ba-hons,special-educational-needs-disabilities-and-inclusion-ba-hons,Bachelor's,88 UCAS tariff points,//www.ucas.com,"A minimum of 88 UCAS tariff points (for example, CCC at A Level). T Levels, Cache Diplomas, and B-Tech qualifications may be used to meet the entry tariff requirements for this course.",CCC,None,None,None,None,None,None,None,None,None,None,None,None,None,None,None,None,None,None,None,None,None,None,None,None,None,None,None,None,None,None,None,None,None,None,None,None,None,None,None,None,None,None,None,None,None,None,None,None,None,None,None,None,None,None,None,None,https://www.worcester.ac.uk/courses/special-educational-needs-disabilities-and-inclusion-ba-hons,worcester.xlsx
University of Worcester,Worcester,https://www.worc.ac.uk,education-mentoring-and-coaching,Master's,None,None,"A good honours degree (2.2 or above) and a significant interest in education and/or equivalent professional qualifications, experience and evidence of continuing professional development.",None,None,None,None,None,None,None,None,None,None,None,None,None,None,None,None,None,None,None,None,None,None,None,Second Lower,None,None,International students must hold a qualification equivalent to a UK first or second class honours degree.,None,None,None,None,None,None,None,Students with relevant previous study at postgraduate level or with extensive experience may be considered eligible for recognition of prior learning.,None,None,None,None,None,None,None,None,None,None,None,6.5,5.5,None,None,None,None,None,None,None,None,None,https://www.worcester.ac.uk/courses/education-mentoring-and-coaching-ma,worcester.xlsx
University of Worcester,Worcester,https://www.worc.ac.uk/courses/criminology-and-sociology-ba-hons,criminology-and-sociology-ba-hons,Bachelor's,112 UCAS tariff points,//www.ucas.com,A minimum of 2 A Levels (or equivalent Level 3 qualifications) and 4 GCSEs (Grade C/4 or above),Required,None,None,None,None,None,None,None,None,None,None,None,None,None,None,None,4 GCSEs (Grade C/4 or above),None,Grade C/4,None,None,None,None,None,None,None,None,None,None,None,None,None,None,None,None,None,None,None,None,None,None,None,None,None,None,None,None,None,None,None,None,None,None,None,None,None,None,https://www.worcester.ac.uk/courses/criminology-and-sociology-ba-hons,worcester.xlsx
University of Worcester,Worcester,https://www.worc.ac.uk/courses/pgce-secondary-science-physics,pgce-secondary-science-physics,Postgraduate,None,None,"UCAS Relevant Qualification: ""Honours degree, normally 2:2 or higher from a United Kingdom higher education institution or equivalent qualification, in a relevant subject area.""",None,None,None,None,None,None,None,None,None,None,None,None,None,None,None,None,"GCSE grade C/4 in English Language or English Literature and Mathematics, or equivalent qualifications.","English Language, English Literature, Mathematics",C or 4,None,None,None,None,None,None,None,None,CACHE Technical Level 3 Requirement: None,None,None,None,None,None,None,None,None,None,None,None,None,None,None,None,None,None,None,None,None,None,None,None,None,None,None,None,None,Additional Requirements: None,https://www.worcester.ac.uk/courses/pgce-secondary-science-physics,worcester.xlsx
University of Worcester,Worcester,https://www.worc.ac.uk,primary-pgce-teacher-apprenticeship,Master's,None,None,"UCAS Relevant Qualification: ""Honours degree (normally 2:2 or higher) from a United Kingdom higher education institution or equivalent qualification.""",None,None,None,None,None,None,None,None,None,None,None,None,None,None,None,None,"Grade 4 (formerly grade C) in the GCSE examinations in English Language or English Literature, Mathematics and Science","English Language, English Literature, Mathematics, Science",4,None,None,None,None,Second Lower,None,None,None,None,None,None,None,None,None,None,None,None,None,None,None,None,None,None,None,None,None,None,None,None,None,None,None,None,None,None,None,None,"Additional Requirements: Enhanced DBS check: ""Your employer will be responsible for paying for this.""",https://www.worcester.ac.uk/courses/primary-pgce-teacher-apprenticeship-qts,worcester.xlsx
University of Worcester,Worcester,https://www.worc.ac.uk/courses/artificial-intelligence-msc,artificial-intelligence-msc,Master's,None,None,"UCAS Relevant Qualification: ""An honours degree at 2:2 level or above in a computing- or technology-related subject (or international students holding a qualification recognised as equivalent by the University).""",None,None,None,None,None,None,None,None,None,None,None,None,None,None,None,None,None,None,None,None,None,None,None,Second Lower,None,None,None,None,None,None,None,None,None,None,None,None,None,None,None,None,None,None,None,None,None,None,6.5,5.5,None,None,None,None,None,None,None,None,Additional Requirements: None,https://www.worcester.ac.uk/courses/artificial-intelligence-msc,worcester.xlsx
University of Worcester,Worcester,https://www.worc.ac.uk,pgce-further-education,Postgraduate,None,None,"Honours degree normally (2:2) or higher from a United Kingdom higher education institution or equivalent qualification, in a relevant subject area.",None,None,None,None,None,None,None,None,None,None,None,None,None,None,None,None,Grade 4 (formerly grade C) in the GCSE examinations in English Language or English Literature and Mathematics,"English Language, English Literature, Mathematics",4,None,None,None,None,Honours degree normally (2:2) or higher,None,None,None,None,None,None,None,None,None,None,None,None,None,None,None,None,None,None,None,None,None,None,6.5,None,None,None,None,None,Accepted,Accepted,None,None,"Enhanced DBS check: ""Mandatory""
Certificate of Good Conduct: ""Required""
Online occupational health check: ""Mandatory""",https://www.worcester.ac.uk/courses/pgce-further-education,worcester.xlsx
University of Worcester,Worcester,https://www.worc.ac.uk/courses/ma-education-early-childhood,ma-education-early-childhood,Master's,None,None,"UCAS Relevant Qualification: ""Normally a good honours degree (2.2 or above) and a significant interest in education and/or equivalent professional qualifications, experience and evidence of continuing professional development.""",None,None,None,None,None,None,None,None,None,None,None,None,None,None,None,None,None,None,None,None,None,None,None,Second Lower,None,None,None,None,None,None,None,None,None,None,Recognition of prior learning may be considered for students with relevant previous study at postgraduate level or with extensive experience.,None,None,None,None,None,None,None,None,None,None,None,6.5,5.5,None,None,None,None,None,None,None,None,Additional Requirements: None,https://www.worcester.ac.uk/courses/education-early-childhood-ma,worcester.xlsx
University of Worcester,Worcester,https://www.worc.ac.uk,sociology-mres,MRes,None,None,"A First or Upper Second-Class Honours (2:1) Degree, or equivalent award, in Sociology or a related subject",None,None,None,None,None,None,None,None,None,None,None,None,None,None,None,None,None,None,None,None,None,None,None,"First or Upper Second-Class Honours (2:1) Degree, or equivalent award",Accepted,None,Acceptable,None,None,None,None,None,None,None,None,None,None,None,None,None,None,Required,None,None,None,None,6.5,6,Accepted with a grade of C,Accepted with a grade of A,None,None,Accepted,Accepted,None,None,International applicants will be required to demonstrate comparable prior subject experience and to have an appropriate level of written and spoken English.,https://www.worcester.ac.uk/courses/sociology-mres,worcester.xlsx
University of Worcester,Worcester,https://www.worc.ac.uk/courses/creative-writing-and-history-ba-hons,creative-writing-and-history,Bachelor's,104 UCAS Tariff points,//www.ucas.com,4 GCSEs (Grade C/4 or above) and a minimum of 2 A Levels (or equivalent Level 3 qualifications),Required,None,None,None,None,None,None,None,None,None,None,None,None,None,None,None,4 GCSEs (Grade C/4 or above),None,C or 4,None,None,None,None,None,None,None,None,None,None,None,None,None,None,None,None,None,None,None,None,None,None,None,None,None,None,None,None,None,None,None,None,None,None,None,None,None,None,https://www.worcester.ac.uk/courses/creative-writing-and-history-ba-hons,worcester.xlsx
University of Worcester,Worcester,https://www.worc.ac.uk,nursing,PhD,None,None,First or Upper Second Class Honours Degree or an approved equivalent award or Research or professional experience which has resulted in appropriate evidence of achievement,None,None,None,None,None,None,None,None,None,None,None,None,None,None,None,None,None,None,None,None,None,None,None,First or Upper Second Class Honours Degree or equivalent award in an appropriate discipline,Accepted,None,None,None,None,None,None,None,None,None,None,None,None,None,None,None,Postgraduate Masters Degree in a discipline which is appropriate to the proposed programme of study,Required,None,None,None,None,6.5,6.0,None,None,None,None,Accepted,Accepted,None,None,None,https://www.worcester.ac.uk/courses/nursing-mphilphd,worcester.xlsx
University of Worcester,Worcester,https://www.worc.ac.uk/courses/logistics-and-supply-chain-management-msc.html,logistics-and-supply-chain-management,Master's,None,None,A second class honours degree in any subject (or International students holding a qualification recognised as equivalent by the University),None,None,None,None,None,None,None,None,None,None,None,None,None,None,None,None,None,None,None,None,None,None,None,Second Lower,None,None,None,None,None,None,None,None,None,None,None,None,None,None,None,None,None,None,None,None,None,None,6.5,5.5,None,None,None,None,Accepted,Accepted,None,None,None,https://www.worcester.ac.uk/courses/logistics-and-supply-chain-management-msc,worcester.xlsx
University of Worcester,Worcester,https://www.worc.ac.uk,animation,Bachelor's,104 UCAS tariff points,//www.ucas.com,A minimum of 2 A Levels (or equivalent Level 3 qualifications). T Levels may be used to meet the entry tariff requirements for this course.,BCC,None,None,None,None,None,None,None,None,None,None,None,None,None,None,None,4 GCSEs (Grade C/4 or above),None,C or 4,None,None,None,None,None,None,None,None,None,None,None,None,None,None,None,None,None,None,None,None,None,None,None,None,None,None,None,None,None,None,None,None,None,None,None,None,None,None,https://www.worcester.ac.uk/courses/animation-ba-hons.html,worcester.xlsx
University of Worcester,Worcester,None,None,Master's,None,None,UCAS Relevant Qualification: None,None,None,None,None,None,None,None,None,None,None,None,None,None,None,None,None,None,None,None,None,None,None,None,None,None,None,None,None,None,None,None,None,None,None,None,None,None,None,None,None,None,None,None,None,None,None,None,None,None,None,None,None,None,None,None,None,Additional Requirements: None,https://www.worcester.ac.uk/courses/education-short-courses,worcester.xlsx
University of Worcester,Worcester,https://www.worc.ac.uk/courses/msc-sport.html,sport,Master's,None,None,"A 2:1 degree classification in either a sport or related discipline; 2:2 or below, or a non-related degree considered case by case with portfolio submission.",None,None,None,None,None,None,None,None,None,None,None,None,None,None,None,None,None,None,None,None,None,None,None,Second Upper,None,None,None,None,None,None,None,None,None,None,None,None,None,None,None,None,None,None,None,None,None,None,6.5,5.5,None,None,None,None,None,None,None,None,None,https://www.worcester.ac.uk/courses/sport-msc,worcester.xlsx
University of Worcester,Worcester,https://www.worc.ac.uk,expert-practice-in-delivering-person-centred-dementia-care,Postgraduate,None,None,An honours degree at 2:2 level or above or qualifications and experience considered to be equivalent to the above.,None,None,None,None,None,None,None,None,None,None,None,None,None,None,None,None,None,None,None,None,None,None,None,An honours degree at 2:2 level or above,Accepted,None,None,None,None,None,None,None,None,None,None,None,None,None,None,None,None,None,None,None,None,None,6.5,5.5,None,None,None,None,None,None,None,None,None,https://www.worcester.ac.uk/courses/professional-development-expert-practice-in-delivering-person-centred-dementia-care-pg-award,worcester.xlsx
University of Worcester,Worcester,https://www.worc.ac.uk/courses/healthcare-management-and-leadership-msc,healthcare-management-and-leadership-msc,Master's,None,None,"UCAS Relevant Qualification: ""An honours degree at 2:2 level or above in a health-related or business-related subject (if a business subject you'll need to be working in healthcare).""",None,None,None,None,None,None,None,None,None,None,None,None,None,None,None,None,None,None,None,None,None,None,None,Second Lower,None,None,None,None,None,None,None,None,None,None,None,None,None,None,None,None,None,None,None,None,None,None,None,None,None,None,None,None,None,None,None,None,Additional Requirements: None,https://www.worcester.ac.uk/courses/healthcare-management-and-leadership-msc,worcester.xlsx
University of Worcester,Worcester,https://www.worc.ac.uk/courses/pgce-secondary-english,pgce-secondary-english,Postgraduate,None,None,"Honours degree, normally 2:2 or higher from a United Kingdom higher education institution or equivalent qualification, in a relevant subject area.",None,None,None,None,None,None,None,None,None,None,None,None,None,None,None,None,"GCSE grade C/4 in English Language or English Literature and Mathematics, or equivalent qualifications.","English Language, English Literature, Mathematics",C or 4,None,None,None,None,None,None,None,None,None,None,None,None,None,None,None,None,None,None,None,None,None,None,None,None,None,None,Required,None,None,None,None,None,None,Accepted,Accepted,None,None,"Trainees who begin courses before providing evidence of the required GCSE standard (or equivalent) will not be eligible for financial incentives, such as bursaries or grants until they achieve the required standard.",https://www.worcester.ac.uk/courses/pgce-secondary-english,worcester.xlsx
University of Worcester,Worcester,https://www.worc.ac.uk/courses/theatre-acting-performance-and-screenwriting-ba-hons,theatre-acting-performance-and-screenwriting,Bachelor's,104 UCAS Tariff points,//www.ucas.com,"A combination of acceptable Level 3 qualifications such as A-levels, T Levels, or BTEC Diplomas.",None,None,None,None,None,None,None,None,None,None,None,None,None,None,None,None,None,None,None,None,None,None,None,None,None,None,None,None,None,None,None,None,None,None,None,None,None,None,None,None,None,None,None,None,None,None,None,None,None,None,None,None,None,None,None,None,None,https://www.worcester.ac.uk/courses/theatre-acting-performance-and-screenwriting-ba-hons,worcester.xlsx
University of Worcester,Worcester,https://www.worc.ac.uk/courses/children-and-young-peoples-mental-health-and-wellbeing-bsc-hons,children-and-young-peoples-mental-health-and-wellbeing-bsc-hons,Bachelor's,104-112,None,1 A Level (or equivalent Level 3 qualification),Required,None,None,None,None,None,None,None,None,None,None,None,None,None,None,None,GCSE English at grade C/4 or above,English,C or 4,None,None,None,None,None,None,None,None,None,None,None,None,None,None,None,None,None,None,None,None,None,None,None,None,None,None,None,None,None,None,None,None,None,None,None,None,None,"Disclosure and Barring Service (DBS) Check, Occupational Health Checks",https://www.worcester.ac.uk/courses/children-and-young-peoples-mental-health-and-wellbeing-bsc-hons,worcester.xlsx
University of Worcester,Worcester,https://www.worc.ac.uk/courses/education-studies-and-sociology-ba-hons,education-studies-and-sociology-ba-hons,Bachelor's,104 UCAS Tariff points,//www.ucas.com,"A combination of acceptable Level 3 qualifications such as A-levels, T Levels, or BTEC Diplomas.",None,None,None,None,None,None,None,None,None,None,None,None,None,None,None,None,None,None,None,None,None,None,None,None,None,None,None,None,None,None,None,None,None,None,None,None,None,None,None,None,None,None,None,None,None,None,None,None,None,None,None,None,None,None,None,None,None,https://www.worcester.ac.uk/courses/education-studies-and-sociology-ba-hons,worcester.xlsx
University of Worcester,Worcester,https://www.worc.ac.uk,independent-and-supplementary-prescribing,Masters,None,None,"UCAS Relevant Qualification: ""Current professional registration with the HCPC whose profession is legislated as being able to act as a prescriber""",None,None,None,None,None,None,None,None,None,None,None,None,None,None,None,None,None,None,None,None,None,None,None,None,A minimum of 1 years post registration experience (or part time equivalent),None,None,None,None,None,None,None,None,None,None,None,None,None,None,None,None,None,None,None,None,None,None,None,None,None,None,None,None,None,None,None,"Additional Requirements:
Funding and Line Manager Approval: ""Required""
A University Interview: ""Required""
A declaration of good character by your employer or similar senior colleague (if self-employed): ""Required""",https://www.worcester.ac.uk/courses/independent-supplementary-prescribing,worcester.xlsx
University of Worcester,Worcester,https://www.worc.ac.uk/courses/criminology-with-policing-ba-hons,criminology-with-policing,Bachelor's,112 UCAS tariff points,//www.ucas.com,"A Levels (for example, BBC at A Level)",BBC,None,None,None,None,None,None,None,None,None,None,None,None,None,None,None,None,None,None,None,None,None,None,None,None,None,None,None,None,None,None,None,None,None,None,None,None,None,None,None,None,None,None,None,None,None,None,None,None,None,None,None,None,None,None,None,None,https://www.worcester.ac.uk/courses/criminology-with-policing-ba-hons,worcester.xlsx
University of Worcester,Worcester,https://www.worc.ac.uk/courses/screenwriting-joint-honours,screenwriting-joint-honours,Bachelor's,104 UCAS Tariff points,//www.ucas.com,"A combination of acceptable Level 3 qualifications such as A-levels, T Levels, or BTEC Diplomas.",BCC,None,None,None,None,None,None,None,None,None,None,None,None,None,None,None,None,None,None,None,None,None,None,None,None,None,None,None,None,None,None,None,None,None,None,None,None,None,None,None,None,None,None,None,None,None,None,None,None,None,None,None,None,None,None,None,None,https://www.worcester.ac.uk/courses/screenwriting-joint-honours,worcester.xlsx
University of Worcester,Worcester,https://www.worc.ac.uk/courses/dance-and-performance-ba-hons,dance-and-performance-ba-hons,Bachelor's,104 UCAS Tariff points,None,"A combination of acceptable Level 3 qualifications such as A-levels, T Levels, or BTEC Diplomas.",None,None,None,None,None,None,None,None,None,None,None,None,None,None,None,None,None,None,None,None,None,None,None,None,None,None,None,None,None,None,None,None,None,None,None,None,None,None,None,None,None,None,None,None,None,None,6.0,5.5,None,None,None,None,None,None,None,None,Some mandatory modules will require a DBS check for working with young people (payable by the student).,https://www.worcester.ac.uk/courses/dance-and-performance-ba-hons,worcester.xlsx
University of Worcester,Worcester,https://www.worc.ac.uk/courses/sport-and-exercise-science-bsc-hons,sport-and-exercise-science,Bachelor's,112,//www.ucas.com,"A-levels, BTEC National Extended Diploma, T-levels, Access to HE Diplomas",BBC,None,None,None,None,None,DMM,Pass (112 UCAS points),Pass (112 UCAS points),None,None,None,None,None,None,None,None,None,None,None,None,None,None,None,None,None,None,None,None,None,None,None,None,None,None,None,None,None,None,None,None,None,None,None,None,None,None,None,None,None,None,None,None,None,None,None,UCAS Code: C600,https://www.worcester.ac.uk/courses/sport-and-exercise-science-bsc-hons-2024,worcester.xlsx
University of Worcester,Worcester,https://www.worc.ac.uk/courses/education-studies-and-psychology-ba-bsc-hons,education-studies-and-psychology-ba-bsc-hons,Bachelor's,96 UCAS Tariff points,//www.ucas.com,"A combination of acceptable Level 3 qualifications such as A-levels, T Levels, or BTEC Diplomas.",Required,None,None,None,None,None,None,None,None,None,None,None,None,None,None,None,None,None,None,None,None,None,None,None,None,None,None,None,None,None,None,None,None,None,None,None,None,None,None,None,None,None,None,None,None,None,None,None,None,None,None,None,None,None,None,None,None,https://www.worcester.ac.uk/courses/education-studies-and-psychology-babsc-hons,worcester.xlsx
University of Worcester,Worcester,https://www.worc.ac.uk/courses/fine-art-ba-hons,fine-art-ba-hons,Bachelor's,104,//www.ucas.com,"A combination of acceptable Level 3 qualifications such as A-levels, T Levels, or BTEC Diplomas.",BCC,None,None,None,None,None,DMM,Pass (96 UCAS points),None,None,None,None,None,None,None,None,None,None,None,None,None,None,None,None,None,None,None,None,None,None,None,None,None,None,None,None,None,None,None,None,None,None,None,None,None,None,None,None,None,None,None,None,None,None,None,None,UCAS Code: W100,https://www.worcester.ac.uk/courses/fine-art-practice-ba-hons.html,worcester.xlsx
University of Worcester,Worcester,https://www.worc.ac.uk/courses/business-psychology-bsc-hons,business-psychology-bsc-hons,Bachelor's,112 UCAS Tariff points,//www.ucas.com,"A combination of acceptable Level 3 qualifications such as A-levels, T Levels, or BTEC Diplomas.",BBC,None,None,None,None,None,None,None,None,None,None,None,None,None,None,None,GCSE English and Maths at grade C/4 or above,"English, Maths",C/4,None,None,None,None,None,None,None,None,None,None,None,None,None,None,None,None,None,None,None,None,None,None,None,None,None,None,None,None,None,None,None,None,None,None,None,None,None,None,https://www.worcester.ac.uk/courses/business-psychology-bsc-hons,worcester.xlsx
University of Worcester,Worcester,https://www.worc.ac.uk/courses/animation-and-illustration-ba-hons,animation-and-illustration-ba-hons,Bachelor's,104 UCAS Tariff points,//www.ucas.com,A minimum of 2 A Levels (or equivalent Level 3 qualifications). T Levels may be used to meet the entry tariff requirements for this course.,Required,None,None,None,None,None,None,None,None,None,None,None,None,None,None,None,4 GCSEs (Grade C/4 or above),"Mathematics, English",C or 4,None,None,None,None,None,None,None,None,None,None,None,None,None,None,None,None,None,None,None,None,None,None,None,None,None,None,None,None,None,None,None,None,None,None,None,None,None,None,https://www.worcester.ac.uk/courses/animation-and-illustration-ba-hons,worcester.xlsx
